player_id,player_name,team_id,position,class_year,games_played,minutes,mpg,usage_rate,points,ppg,efg_pct,ts_pct,three_point_attempts,three_point_pct,free_throw_attempts,free_throw_pct,turnover_rate,assist_rate,offensive_rebound_rate,defensive_rebound_rate,steal_rate,block_rate,foul_rate,orb_per_game,drb_per_game,ast_per_game,tov_per_game,stl_per_game,blk_per_game,pf_per_game,data_source,bpm,obpm,dbpm,per,win_shares,win_shares_per_40,class_year_2026_27,class_year_source,field_goal_attempts,three_point_attempt_rate,free_throw_rate,two_point_pct,assist_turnover_ratio,fouls_per_40,steal_pct,block_pct,player_ortg,player_drtg,roster_status_notes,shot_profile_source,rim_attempts,rim_makes,rim_fg_pct,rim_attempt_rate,midrange_attempts,midrange_makes,midrange_fg_pct,midrange_attempt_rate,corner_three_attempts,corner_three_pct,corner_three_attempt_rate,above_break_three_attempts,above_break_three_pct,above_break_three_attempt_rate,corner_three_makes,above_break_three_makes
illinois_andrej_stojakovic,Andrej Stojakovic,illinois,G,Jr,34,894.2,26.3,0.35,459.0,13.5,0.53,0.55,82,0.244,129,0.805,0.101,0.078,0.002,0.007,0.0,0.0,0.001,0.04,0.09,0.03,0.04,0.01,0.01,0.04,Sports Reference 2025-26,6.4,4.1,2.3,20.1,3.8,0.169,Sr,,,,,,,,,,,,,tracking,139.0,93.0,0.669,0.481,74.0,31.0,0.419,0.256,27.0,0.222,0.093,49.0,0.245,0.17,6.0,12.0
illinois_david_mirkovic,David Mirkovic,illinois,F,Jr,37,1091.5,29.5,0.35,492.1,13.3,0.562,0.582,152,0.375,111,0.757,0.146,0.2,0.003,0.01,0.0,0.0,0.001,0.07,0.15,0.07,0.05,0.01,0.01,0.05,Sports Reference 2025-26,9.6,6.4,3.2,21.2,5.2,0.189,So,,,,,,,,,,,,,tracking,108.0,73.0,0.676,0.348,69.0,28.0,0.406,0.223,47.0,0.383,0.152,86.0,0.372,0.277,18.0,32.0
illinois_tomislav_ivisic,Tomislav Ivisic,illinois,C,Jr,34,863.6,25.4,0.35,353.6,10.4,0.576,0.596,160,0.313,54,0.778,0.139,0.158,0.003,0.008,0.0,0.0,0.001,0.05,0.11,0.05,0.04,0.01,0.02,0.06,Sports Reference 2025-26,8.1,5.0,3.1,18.3,3.6,0.165,Sr,,,,,,,,,,,,,tracking,55.0,48.0,0.873,0.242,34.0,16.0,0.471,0.15,48.0,0.312,0.211,90.0,0.322,0.396,15.0,29.0
illinois_zvonimir_ivisic,Zvonimir Ivisic,illinois,F,Jr,37,636.4,17.2,0.204,236.8,6.4,0.591,0.611,100,0.28,52,0.692,0.087,0.052,0.003,0.011,0.0,0.002,0.001,0.03,0.09,0.01,0.01,0.01,0.05,0.04,Sports Reference 2025-26,10.3,4.5,5.8,21.9,3.0,0.191,Sr,,,,,,,,,,,,,tracking,56.0,50.0,0.893,0.352,9.0,5.0,0.556,0.057,33.0,0.303,0.208,61.0,0.295,0.384,10.0,18.0
illinois_ben_humrichous,Ben Humrichous,illinois,F,Jr,37,832.5,22.5,0.192,214.6,5.8,0.538,0.558,159,0.361,22,0.792,0.037,0.149,0.002,0.007,0.0,0.0,0.001,0.03,0.08,0.02,0.01,0.01,0.02,0.03,Sports Reference 2025-26,8.2,4.3,3.9,13.8,3.1,0.148,Gr,,,,,,,,,,,,,tracking,19.0,12.0,0.632,0.115,4.0,1.0,0.25,0.024,50.0,0.36,0.303,92.0,0.348,0.558,18.0,32.0
illinois_jake_davis,Jake Davis,illinois,F,Jr,37,725.2,19.6,0.159,199.8,5.4,0.612,0.632,133,0.406,22,0.75,0.045,0.157,0.002,0.003,0.0,0.0,0.001,0.03,0.03,0.02,0.01,0.01,0.01,0.04,Sports Reference 2025-26,7.5,4.3,3.1,13.2,2.7,0.149,Sr,,,,,,,,,,,,,tracking,13.0,8.0,0.615,0.094,0.0,0.0,,0.0,44.0,0.409,0.317,82.0,0.415,0.59,18.0,34.0
indiana_tucker_devries,Tucker DeVries,indiana,G,Jr,32,1094.4,34.2,0.35,438.4,13.7,0.51,0.53,246,0.333,77,0.859,0.108,0.238,0.001,0.008,0.0,0.0,0.001,0.02,0.15,0.1,0.05,0.03,0.02,0.08,Sports Reference 2025-26,6.9,3.9,3.0,16.0,3.4,0.125,Gr,,,,,,,,,,,,,tracking,46.0,28.0,0.609,0.127,69.0,33.0,0.478,0.19,87.0,0.333,0.24,161.0,0.335,0.444,29.0,54.0
indiana_tayton_conerway,Tayton Conerway,indiana,G,Jr,29,617.7,21.3,0.334,275.5,9.5,0.611,0.631,61,0.29,75,0.737,0.214,0.35,0.001,0.005,0.001,0.0,0.001,0.02,0.07,0.11,0.07,0.04,0.01,0.07,Sports Reference 2025-26,7.0,3.6,3.4,19.9,2.4,0.153,Gr,,,,,,,,,,,,,tracking,108.0,79.0,0.731,0.6,9.0,4.0,0.444,0.05,22.0,0.273,0.122,41.0,0.293,0.228,6.0,12.0
indiana_sam_alexis,Sam Alexis,indiana,F,Jr,32,681.6,21.3,0.256,281.6,8.8,0.693,0.713,10,0.25,70,0.725,0.14,0.167,0.004,0.007,0.0,0.001,0.002,0.06,0.09,0.04,0.03,0.01,0.04,0.07,Sports Reference 2025-26,8.0,4.4,3.6,22.1,3.2,0.187,Gr,,,,,,,,,,,,,tracking,123.0,95.0,0.772,0.741,33.0,16.0,0.485,0.199,4.0,0.25,0.024,6.0,0.333,0.036,1.0,2.0
indiana_reed_bailey,Reed Bailey,indiana,F,Jr,32,611.2,19.1,0.254,265.6,8.3,0.574,0.594,3,0.25,147,0.757,0.126,0.154,0.002,0.007,0.0,0.0,0.002,0.03,0.07,0.03,0.03,0.01,0.01,0.07,Sports Reference 2025-26,4.3,2.4,1.9,18.8,2.7,0.176,Gr,,,,,,,,,,,,,tracking,110.0,71.0,0.645,0.815,20.0,4.0,0.2,0.148,2.0,0.5,0.015,3.0,0.333,0.022,1.0,1.0
indiana_nick_dorn,Nick Dorn,indiana,G,Jr,30,696.0,23.2,0.259,243.0,8.1,0.573,0.593,159,0.38,45,0.87,0.096,0.041,0.001,0.004,0.0,0.0,0.001,0.02,0.06,0.01,0.02,0.01,0.0,0.06,Sports Reference 2025-26,3.2,2.6,0.6,11.1,1.6,0.093,Sr,,,,,,,,,,,,,tracking,14.0,9.0,0.643,0.079,6.0,3.0,0.5,0.034,55.0,0.382,0.309,103.0,0.379,0.579,21.0,39.0
indiana_conor_enright,Conor Enright,indiana,G,Jr,32,956.8,29.9,0.193,147.2,4.6,0.512,0.532,74,0.347,29,0.793,0.222,0.35,0.001,0.005,0.0,0.0,0.001,0.02,0.08,0.14,0.04,0.02,0.0,0.09,Sports Reference 2025-26,2.7,0.0,2.7,9.1,2.2,0.093,Gr,,,,,,,,,,,,,tracking,39.0,20.0,0.513,0.322,7.0,3.0,0.429,0.058,26.0,0.346,0.215,49.0,0.347,0.405,9.0,17.0
indiana_trent_sisley,Trent Sisley,indiana,F,Jr,30,396.0,13.2,0.163,126.0,4.2,0.491,0.511,48,0.271,39,0.538,0.087,0.087,0.002,0.008,0.0,0.0,0.001,0.03,0.07,0.01,0.01,0.0,0.0,0.04,Sports Reference 2025-26,0.2,-0.2,0.4,11.1,0.8,0.081,So,,,,,,,,,,,,,tracking,54.0,31.0,0.574,0.505,5.0,2.0,0.4,0.047,17.0,0.294,0.159,31.0,0.258,0.29,5.0,8.0
iowa_bennett_stirtz,Bennett Stirtz,iowa,G,Jr,37,1394.9,37.7,0.35,732.6,19.8,0.565,0.585,255,0.358,166,0.848,0.1,0.245,0.0,0.004,0.0,0.0,0.001,0.01,0.06,0.12,0.05,0.04,0.01,0.05,Sports Reference 2025-26,10.2,7.7,2.5,22.3,6.7,0.191,Gr,,,,,,,,,,,,,tracking,131.0,93.0,0.71,0.284,109.0,50.0,0.459,0.236,77.0,0.377,0.167,144.0,0.382,0.312,29.0,55.0
iowa_tavion_banks,Tavion Banks,iowa,G,Jr,37,862.1,23.3,0.341,377.4,10.2,0.559,0.579,44,0.442,130,0.792,0.147,0.115,0.003,0.008,0.001,0.0,0.002,0.04,0.09,0.03,0.04,0.03,0.01,0.08,Sports Reference 2025-26,5.5,2.6,2.9,19.7,3.6,0.169,Gr,,,,,,,,,,,,,tracking,144.0,83.0,0.576,0.661,38.0,17.0,0.447,0.174,13.0,0.462,0.06,23.0,0.478,0.106,6.0,11.0
iowa_cooper_koch,Cooper Koch,iowa,F,Jr,37,1050.8,28.4,0.248,288.6,7.8,0.586,0.606,163,0.402,37,0.833,0.072,0.159,0.001,0.004,0.0,0.0,0.001,0.02,0.06,0.03,0.01,0.02,0.01,0.05,Sports Reference 2025-26,5.8,3.8,2.0,12.5,3.2,0.123,So,,,,,,,,,,,,,tracking,37.0,24.0,0.649,0.186,20.0,7.0,0.35,0.101,50.0,0.4,0.251,92.0,0.391,0.462,20.0,36.0
iowa_cam_manyawu,Cam Manyawu,iowa,F,Jr,37,710.4,19.2,0.214,244.2,6.6,0.631,0.651,0,0.0,74,0.575,0.134,0.184,0.004,0.008,0.001,0.0,0.002,0.05,0.08,0.03,0.02,0.02,0.01,0.06,Sports Reference 2025-26,7.0,3.4,3.7,20.9,3.2,0.183,Sr,,,,,,,,,,,,,tracking,126.0,91.0,0.722,0.84,23.0,4.0,0.174,0.153,0.0,,0.0,1.0,1.0,0.007,0.0,1.0
iowa_kael_combs,Kael Combs,iowa,G,Jr,37,965.7,26.1,0.235,225.7,6.1,0.544,0.564,56,0.333,48,0.837,0.213,0.35,0.001,0.004,0.0,0.0,0.001,0.01,0.05,0.06,0.04,0.02,0.0,0.05,Sports Reference 2025-26,3.5,0.8,2.7,10.9,2.2,0.092,Sr,,,,,,,,,,,,,tracking,38.0,21.0,0.553,0.253,64.0,33.0,0.516,0.427,17.0,0.353,0.113,31.0,0.355,0.207,6.0,11.0
iowa_tate_sage,Tate Sage,iowa,G,Jr,37,595.7,16.1,0.19,225.7,6.1,0.589,0.609,70,0.389,78,0.711,0.094,0.131,0.002,0.004,0.0,0.0,0.001,0.02,0.03,0.02,0.01,0.01,0.01,0.04,Sports Reference 2025-26,5.0,3.9,1.1,16.4,2.2,0.151,So,,,,,,,,,,,,,tracking,56.0,35.0,0.625,0.448,9.0,3.0,0.333,0.072,21.0,0.381,0.168,39.0,0.359,0.312,8.0,14.0
iowa_isaia_howard,Isaia Howard,iowa,G,Jr,37,673.4,18.2,0.191,188.7,5.1,0.506,0.526,63,0.281,37,0.694,0.112,0.206,0.002,0.005,0.001,0.0,0.002,0.02,0.05,0.03,0.02,0.03,0.01,0.05,Sports Reference 2025-26,5.6,1.3,4.4,14.2,2.0,0.122,Jr,,,,,,,,,,,,,tracking,64.0,41.0,0.641,0.416,32.0,13.0,0.406,0.208,20.0,0.3,0.13,38.0,0.263,0.247,6.0,10.0
iowa_brendan_hausen,Brendan Hausen,iowa,G,Jr,21,214.2,10.2,0.144,84.0,4.0,0.468,0.488,67,0.328,10,1.0,0.025,0.124,0.0,0.004,0.0,0.0,0.001,0.0,0.03,0.02,0.0,0.01,0.0,0.04,Sports Reference 2025-26,-0.6,0.2,-0.8,11.5,0.6,0.105,Gr,,,,,,,,,,,,,tracking,1.0,0.0,0.0,0.013,9.0,3.0,0.333,0.117,23.0,0.348,0.299,44.0,0.318,0.571,8.0,14.0
maryland_pharrel_payne,Pharrel Payne,maryland,F,Jr,10,269.0,26.9,0.35,175.0,17.5,0.624,0.644,0,0.0,96,0.719,0.175,0.091,0.005,0.008,0.0,0.001,0.001,0.32,0.4,0.14,0.27,0.04,0.11,0.22,Sports Reference 2025-26,9.0,7.1,1.9,29.9,1.3,0.191,Gr,,,,,,,,,,,,,tracking,80.0,52.0,0.65,0.941,5.0,1.0,0.2,0.059,0.0,,0.0,0.0,,0.0,0.0,0.0
maryland_david_coit,David Coit,maryland,G,Jr,33,884.4,26.8,0.35,445.5,13.5,0.51,0.53,218,0.324,89,0.856,0.129,0.2,0.0,0.003,0.0,0.0,0.001,0.01,0.05,0.08,0.05,0.02,0.0,0.04,Sports Reference 2025-26,3.5,4.1,-0.6,16.4,2.1,0.094,Gr,,,,,,,,,,,,,tracking,76.0,48.0,0.632,0.21,67.0,30.0,0.448,0.185,77.0,0.325,0.213,142.0,0.324,0.392,25.0,46.0
maryland_andre_mills,Andre Mills,maryland,G,Jr,33,877.8,26.6,0.35,402.6,12.2,0.492,0.512,158,0.346,102,0.767,0.13,0.122,0.002,0.006,0.0,0.0,0.001,0.04,0.08,0.05,0.05,0.02,0.01,0.08,Sports Reference 2025-26,3.2,3.0,0.3,15.4,1.8,0.084,So,,,,,,,,,,,,,tracking,112.0,57.0,0.509,0.339,58.0,23.0,0.397,0.176,56.0,0.339,0.17,104.0,0.346,0.315,19.0,36.0
maryland_darius_adams,Darius Adams,maryland,G,Jr,33,844.8,25.6,0.35,356.4,10.8,0.406,0.426,132,0.248,139,0.714,0.15,0.12,0.001,0.006,0.0,0.0,0.001,0.02,0.08,0.05,0.06,0.02,0.01,0.06,Sports Reference 2025-26,-1.5,-1.1,-0.5,10.7,0.5,0.023,So,,,,,,,,,,,,,tracking,97.0,52.0,0.536,0.309,83.0,26.0,0.313,0.264,47.0,0.255,0.15,87.0,0.241,0.277,12.0,21.0
maryland_solomon_washington,Solomon Washington,maryland,F,Jr,25,797.5,31.9,0.35,245.0,9.8,0.463,0.483,38,0.243,110,0.633,0.159,0.088,0.004,0.011,0.0,0.0,0.001,0.12,0.24,0.04,0.07,0.04,0.03,0.12,Sports Reference 2025-26,2.1,0.3,1.9,15.3,1.5,0.077,Gr,,,,,,,,,,,,,tracking,95.0,60.0,0.632,0.497,59.0,15.0,0.254,0.309,13.0,0.231,0.068,24.0,0.25,0.126,3.0,6.0
maryland_elijah_saunders,Elijah Saunders,maryland,F,Jr,33,1009.8,30.6,0.315,297.0,9.0,0.564,0.584,142,0.411,40,0.8,0.125,0.102,0.002,0.005,0.0,0.0,0.001,0.05,0.08,0.03,0.03,0.01,0.01,0.08,Sports Reference 2025-26,2.2,1.7,0.5,11.7,1.9,0.076,Gr,,,,,,,,,,,,,tracking,49.0,24.0,0.49,0.208,46.0,22.0,0.478,0.195,49.0,0.408,0.208,92.0,0.413,0.39,20.0,38.0
maryland_myles_rice,Myles Rice,maryland,G,Jr,17,280.5,16.5,0.247,95.2,5.6,0.433,0.453,32,0.344,27,0.926,0.203,0.188,0.0,0.006,0.001,0.0,0.001,0.01,0.11,0.08,0.08,0.05,0.0,0.09,Sports Reference 2025-26,1.1,-2.0,3.1,11.5,0.3,0.047,Sr,,,,,,,,,,,,,tracking,30.0,12.0,0.4,0.366,20.0,7.0,0.35,0.244,11.0,0.364,0.134,21.0,0.333,0.256,4.0,7.0
maryland_isaiah_watts,Isaiah Watts,maryland,G,Jr,32,547.2,17.1,0.196,137.6,4.3,0.445,0.465,99,0.293,29,0.643,0.146,0.127,0.001,0.005,0.001,0.0,0.001,0.01,0.05,0.02,0.03,0.03,0.01,0.06,Sports Reference 2025-26,-0.1,-2.6,2.5,7.8,0.4,0.029,Sr,,,,,,,,,,,,,tracking,22.0,8.0,0.364,0.163,14.0,9.0,0.643,0.104,35.0,0.286,0.259,64.0,0.297,0.474,10.0,19.0
maryland_collin_metcalf,Collin Metcalf,maryland,C,Jr,31,415.4,13.4,0.063,40.3,1.3,0.545,0.565,0,0.0,12,0.385,0.28,0.169,0.004,0.008,0.0,0.001,0.002,0.04,0.06,0.01,0.02,0.0,0.02,0.05,Sports Reference 2025-26,-0.4,-2.7,2.3,8.4,0.4,0.042,Gr,,,,,,,,,,,,,tracking,26.0,17.0,0.654,0.788,6.0,1.0,0.167,0.182,0.0,,0.0,1.0,0.0,0.03,0.0,0.0
maryland_george_turkson_jr_,George Turkson Jr.,maryland,G,Jr,23,264.5,11.5,0.069,29.9,1.3,0.333,0.353,7,0.0,23,0.5,0.155,0.103,0.003,0.005,0.0,0.0,0.002,0.04,0.05,0.01,0.01,0.0,0.01,0.08,Sports Reference 2025-26,-4.1,-4.5,0.5,4.3,0.1,0.016,So,,,,,,,,,,,,,tracking,17.0,7.0,0.412,0.63,4.0,2.0,0.5,0.148,2.0,0.0,0.074,4.0,0.0,0.148,0.0,0.0
michigan_elliot_cadeau,Elliot Cadeau,michigan,G,Jr,40,1092.0,27.3,0.35,420.0,10.5,0.509,0.529,172,0.376,116,0.709,0.2,0.35,0.0,0.005,0.0,0.0,0.001,0.01,0.06,0.15,0.06,0.02,0.01,0.06,Sports Reference 2025-26,7.2,3.6,3.6,14.7,4.1,0.149,Sr,,,,,,,,,,,,,tracking,83.0,45.0,0.542,0.311,42.0,14.0,0.333,0.157,50.0,0.38,0.187,92.0,0.37,0.345,19.0,34.0
michigan_trey_mckenney,Trey McKenney,michigan,G,Jr,40,884.0,22.1,0.31,396.0,9.9,0.586,0.606,176,0.391,88,0.895,0.104,0.104,0.001,0.006,0.0,0.0,0.001,0.01,0.06,0.02,0.02,0.01,0.0,0.03,Sports Reference 2025-26,7.8,4.1,3.6,15.1,3.6,0.164,So,,,,,,,,,,,,,tracking,47.0,29.0,0.617,0.203,36.0,18.0,0.5,0.155,52.0,0.385,0.224,97.0,0.371,0.418,20.0,36.0
michigan_l_j_cason,L.J. Cason,michigan,G,Jr,28,520.8,18.6,0.299,235.2,8.4,0.606,0.626,81,0.402,56,0.709,0.203,0.286,0.0,0.005,0.001,0.0,0.001,0.01,0.06,0.09,0.06,0.03,0.0,0.03,Sports Reference 2025-26,8.6,3.6,4.9,16.6,2.0,0.151,Jr,,,,,,,,,,,,,tracking,59.0,40.0,0.678,0.366,20.0,8.0,0.4,0.124,29.0,0.414,0.18,53.0,0.396,0.329,12.0,21.0
michigan_nimari_burnett,Nimari Burnett,michigan,G,Jr,40,792.0,19.8,0.27,328.0,8.2,0.575,0.595,160,0.375,60,0.776,0.093,0.159,0.001,0.006,0.0,0.0,0.001,0.01,0.06,0.03,0.02,0.01,0.0,0.04,Sports Reference 2025-26,8.2,3.9,4.4,15.4,3.3,0.167,Gr,,,,,,,,,,,,,tracking,68.0,44.0,0.647,0.316,9.0,2.0,0.222,0.042,48.0,0.375,0.223,90.0,0.378,0.419,18.0,34.0
michigan_roddy_gayle_jr_,Roddy Gayle Jr.,michigan,G,Jr,39,822.9,21.1,0.281,284.7,7.3,0.511,0.531,66,0.318,86,0.75,0.165,0.165,0.002,0.006,0.0,0.0,0.001,0.02,0.06,0.03,0.03,0.02,0.01,0.04,Sports Reference 2025-26,6.9,1.6,5.2,13.2,2.7,0.13,Gr,,,,,,,,,,,,,tracking,108.0,55.0,0.509,0.593,23.0,14.0,0.609,0.126,18.0,0.278,0.099,33.0,0.242,0.181,5.0,8.0
michigan_will_tschetter,Will Tschetter,michigan,F,Jr,40,548.0,13.7,0.12,140.0,3.5,0.509,0.529,84,0.345,32,0.909,0.089,0.179,0.001,0.006,0.0,0.0,0.001,0.01,0.03,0.01,0.01,0.0,0.0,0.03,Sports Reference 2025-26,5.5,1.8,3.7,9.5,1.8,0.13,Gr,,,,,,,,,,,,,tracking,18.0,11.0,0.611,0.184,5.0,1.0,0.2,0.051,26.0,0.346,0.265,49.0,0.367,0.5,9.0,18.0
michigan_state_jeremy_fears_jr_,Jeremy Fears Jr.,michigan_state,G,Jr,35,1134.0,32.4,0.35,532.0,15.2,0.479,0.499,108,0.321,206,0.885,0.156,0.35,0.0,0.003,0.0,0.0,0.001,0.01,0.06,0.27,0.07,0.04,0.0,0.07,Sports Reference 2025-26,11.6,7.3,4.3,22.9,6.5,0.229,Jr,,,,,,,,,,,,,tracking,94.0,55.0,0.585,0.285,136.0,60.0,0.441,0.412,35.0,0.314,0.106,65.0,0.323,0.197,11.0,21.0
michigan_state_jaxon_kohler,Jaxon Kohler,michigan_state,F,Jr,35,969.5,27.7,0.35,437.5,12.5,0.588,0.608,150,0.389,60,0.869,0.121,0.113,0.004,0.012,0.0,0.0,0.001,0.08,0.17,0.04,0.04,0.02,0.02,0.05,Sports Reference 2025-26,10.4,6.8,3.5,22.1,4.6,0.191,Gr,,,,,,,,,,,,,tracking,88.0,66.0,0.75,0.293,80.0,35.0,0.438,0.267,46.0,0.391,0.153,86.0,0.395,0.287,18.0,34.0
michigan_state_coen_carr,Coen Carr,michigan_state,F,Jr,35,1025.5,29.3,0.35,420.0,12.0,0.554,0.574,77,0.276,144,0.629,0.12,0.103,0.002,0.007,0.0,0.0,0.001,0.04,0.11,0.03,0.04,0.01,0.02,0.04,Sports Reference 2025-26,6.6,3.0,3.6,16.4,3.5,0.138,Sr,,,,,,,,,,,,,tracking,134.0,97.0,0.724,0.498,68.0,21.0,0.309,0.253,23.0,0.261,0.086,44.0,0.273,0.164,6.0,12.0
michigan_state_carson_cooper,Carson Cooper,michigan_state,C,Jr,35,934.5,26.7,0.35,388.5,11.1,0.589,0.609,4,0.4,147,0.788,0.151,0.151,0.003,0.011,0.0,0.001,0.001,0.05,0.15,0.04,0.04,0.02,0.03,0.06,Sports Reference 2025-26,9.2,3.9,5.2,20.6,4.3,0.185,Gr,,,,,,,,,,,,,tracking,117.0,78.0,0.667,0.562,87.0,40.0,0.46,0.418,1.0,0.0,0.005,3.0,0.333,0.014,0.0,1.0
michigan_state_kur_teng,Kur Teng,michigan_state,G,Jr,35,612.5,17.5,0.284,255.5,7.3,0.496,0.516,147,0.381,21,0.81,0.1,0.126,0.001,0.005,0.0,0.0,0.001,0.01,0.04,0.03,0.02,0.01,0.0,0.04,Sports Reference 2025-26,3.6,1.6,2.0,11.3,1.6,0.102,Jr,,,,,,,,,,,,,tracking,24.0,12.0,0.5,0.105,65.0,23.0,0.354,0.285,49.0,0.388,0.215,90.0,0.378,0.395,19.0,34.0
michigan_state_jordan_scott,Jordan Scott,michigan_state,F,Jr,35,728.0,20.8,0.22,203.0,5.8,0.525,0.545,102,0.37,46,0.702,0.146,0.194,0.003,0.004,0.0,0.0,0.001,0.04,0.05,0.03,0.03,0.02,0.01,0.06,Sports Reference 2025-26,7.0,2.2,4.9,12.4,2.2,0.123,So,,,,,,,,,,,,,tracking,16.0,12.0,0.75,0.107,39.0,15.0,0.385,0.262,33.0,0.364,0.221,61.0,0.361,0.409,12.0,22.0
michigan_state_cameron_ward,Cameron Ward,michigan_state,F,Jr,34,520.2,15.3,0.184,173.4,5.1,0.589,0.609,3,0.0,51,0.51,0.174,0.058,0.003,0.01,0.0,0.001,0.002,0.04,0.09,0.01,0.03,0.01,0.01,0.06,Sports Reference 2025-26,3.6,-0.5,4.1,14.7,1.6,0.122,So,,,,,,,,,,,,,tracking,88.0,60.0,0.682,0.779,23.0,5.0,0.217,0.204,1.0,0.0,0.009,1.0,0.0,0.009,0.0,0.0
michigan_state_divine_ugochukwu,Divine Ugochukwu,michigan_state,G,Jr,22,354.2,16.1,0.173,112.2,5.1,0.62,0.64,44,0.442,18,0.556,0.144,0.309,0.0,0.004,0.0,0.0,0.001,0.01,0.06,0.07,0.03,0.02,0.0,0.07,Sports Reference 2025-26,5.6,1.0,4.5,12.8,1.1,0.13,Jr,,,,,,,,,,,,,tracking,26.0,17.0,0.654,0.313,14.0,6.0,0.429,0.169,15.0,0.467,0.181,28.0,0.429,0.337,7.0,12.0
michigan_state_trey_fort,Trey Fort,michigan_state,G,Jr,33,336.6,10.2,0.172,138.6,4.2,0.462,0.482,82,0.345,16,0.889,0.124,0.124,0.001,0.006,0.0,0.0,0.001,0.01,0.03,0.02,0.02,0.01,0.01,0.02,Sports Reference 2025-26,2.8,-0.1,2.9,10.8,0.8,0.091,Gr,,,,,,,,,,,,,tracking,16.0,5.0,0.312,0.136,29.0,11.0,0.379,0.246,26.0,0.308,0.22,47.0,0.34,0.398,8.0,16.0
minnesota_cade_tyson,Cade Tyson,minnesota,F,Jr,32,1174.4,36.7,0.35,627.2,19.6,0.593,0.613,173,0.413,214,0.822,0.097,0.128,0.002,0.006,0.0,0.0,0.001,0.05,0.12,0.07,0.05,0.03,0.01,0.08,Sports Reference 2025-26,6.7,5.9,0.8,22.2,5.3,0.182,Gr,,,,,,,,,,,,,tracking,103.0,79.0,0.767,0.28,99.0,35.0,0.354,0.269,58.0,0.414,0.158,108.0,0.426,0.293,24.0,46.0
minnesota_jaylen_crocker_johnson,Jaylen Crocker-Johnson,minnesota,F,Jr,24,756.0,31.5,0.35,321.6,13.4,0.493,0.513,130,0.323,79,0.718,0.118,0.125,0.002,0.009,0.0,0.001,0.001,0.07,0.21,0.07,0.07,0.02,0.04,0.12,Sports Reference 2025-26,1.9,0.8,1.1,16.4,1.9,0.099,Sr,,,,,,,,,,,,,tracking,76.0,44.0,0.579,0.281,64.0,26.0,0.406,0.237,46.0,0.326,0.17,84.0,0.321,0.311,15.0,27.0
minnesota_langston_reynolds,Langston Reynolds,minnesota,G,Jr,33,1095.6,33.2,0.35,382.8,11.6,0.559,0.579,43,0.256,129,0.592,0.206,0.35,0.001,0.006,0.0,0.0,0.001,0.02,0.11,0.14,0.08,0.02,0.0,0.06,Sports Reference 2025-26,1.2,0.0,1.2,14.4,2.5,0.09,Gr,,,,,,,,,,,,,tracking,190.0,119.0,0.626,0.72,31.0,12.0,0.387,0.117,15.0,0.267,0.057,28.0,0.25,0.106,4.0,7.0
minnesota_isaac_asuma,Isaac Asuma,minnesota,G,Jr,33,1131.9,34.3,0.35,359.7,10.9,0.489,0.509,191,0.304,66,0.742,0.174,0.292,0.001,0.005,0.0,0.0,0.001,0.02,0.1,0.11,0.07,0.04,0.02,0.08,Sports Reference 2025-26,2.1,0.0,2.1,12.4,2.1,0.073,Jr,,,,,,,,,,,,,tracking,82.0,47.0,0.573,0.265,41.0,19.0,0.463,0.132,65.0,0.308,0.21,122.0,0.311,0.394,20.0,38.0
minnesota_bobby_durkin,Bobby Durkin,minnesota,F,Jr,33,1082.4,32.8,0.326,336.6,10.2,0.588,0.608,205,0.392,40,0.875,0.088,0.197,0.001,0.004,0.0,0.0,0.001,0.02,0.08,0.05,0.02,0.02,0.01,0.04,Sports Reference 2025-26,4.0,2.6,1.4,13.5,2.8,0.105,Sr,,,,,,,,,,,,,tracking,33.0,24.0,0.727,0.134,18.0,7.0,0.389,0.073,69.0,0.391,0.279,127.0,0.402,0.514,27.0,51.0
minnesota_chansey_willis_jr_,Chansey Willis Jr.,minnesota,G,Jr,7,186.9,26.7,0.324,44.1,6.3,0.436,0.456,11,0.182,22,0.455,0.232,0.35,0.0,0.006,0.001,0.0,0.001,0.04,0.39,0.47,0.3,0.34,0.04,0.24,Sports Reference 2025-26,1.2,-4.5,5.7,11.6,0.2,0.046,Sr,,,,,,,,,,,,,tracking,11.0,9.0,0.818,0.282,17.0,5.0,0.294,0.436,4.0,0.25,0.103,7.0,0.143,0.179,1.0,1.0
minnesota_grayson_grove,Grayson Grove,minnesota,F,Jr,32,659.2,20.6,0.142,128.0,4.0,0.62,0.64,19,0.263,35,0.25,0.126,0.35,0.002,0.006,0.001,0.001,0.002,0.03,0.07,0.05,0.02,0.03,0.02,0.07,Sports Reference 2025-26,5.1,-0.2,5.2,14.0,1.9,0.116,So,,,,,,,,,,,,,tracking,68.0,47.0,0.691,0.739,6.0,4.0,0.667,0.065,6.0,0.333,0.065,12.0,0.25,0.13,2.0,3.0
minnesota_kai_shinholster,Kai Shinholster,minnesota,G,Jr,31,406.1,13.1,0.098,55.8,1.8,0.375,0.395,40,0.225,9,0.75,0.146,0.35,0.002,0.003,0.0,0.0,0.001,0.02,0.02,0.03,0.01,0.02,0.0,0.03,Sports Reference 2025-26,-0.1,-2.7,2.6,7.4,0.5,0.046,So,,,,,,,,,,,,,tracking,16.0,9.0,0.562,0.25,10.0,2.0,0.2,0.156,13.0,0.231,0.203,25.0,0.24,0.391,3.0,6.0
nebraska_pryce_sandfort,Pryce Sandfort,nebraska,F,Jr,35,1176.0,33.6,0.35,633.5,18.1,0.621,0.641,312,0.416,84,0.855,0.048,0.136,0.001,0.007,0.0,0.0,0.001,0.02,0.12,0.06,0.02,0.03,0.01,0.05,Sports Reference 2025-26,11.7,8.1,3.6,22.2,6.2,0.211,Sr,,,,,,,,,,,,,tracking,89.0,67.0,0.753,0.213,47.0,17.0,0.362,0.112,99.0,0.404,0.237,183.0,0.399,0.438,40.0,73.0
nebraska_rienk_mast,Rienk Mast,nebraska,F,Jr,34,992.8,29.2,0.35,452.2,13.3,0.508,0.528,160,0.311,78,0.823,0.122,0.223,0.003,0.007,0.0,0.0,0.001,0.07,0.1,0.09,0.05,0.01,0.01,0.05,Sports Reference 2025-26,6.1,3.9,2.2,18.0,3.9,0.156,Gr,,,,,,,,,,,,,tracking,93.0,64.0,0.688,0.27,107.0,44.0,0.411,0.31,51.0,0.314,0.148,94.0,0.33,0.272,16.0,31.0
nebraska_braden_frager,Braden Frager,nebraska,F,Jr,33,778.8,23.6,0.35,389.4,11.8,0.591,0.611,162,0.352,82,0.805,0.096,0.096,0.002,0.007,0.0,0.0,0.001,0.03,0.08,0.03,0.03,0.02,0.0,0.04,Sports Reference 2025-26,7.6,4.8,2.9,19.4,3.4,0.174,So,,,,,,,,,,,,,tracking,83.0,66.0,0.795,0.344,17.0,3.0,0.176,0.071,49.0,0.347,0.203,92.0,0.348,0.382,17.0,32.0
nebraska_jamarques_lawrence,Jamarques Lawrence,nebraska,G,Jr,35,980.0,28.0,0.35,343.0,9.8,0.522,0.542,154,0.355,77,0.756,0.187,0.35,0.0,0.004,0.0,0.0,0.001,0.01,0.06,0.11,0.06,0.03,0.0,0.07,Sports Reference 2025-26,3.3,0.2,3.0,12.4,2.9,0.117,Gr,,,,,,,,,,,,,tracking,61.0,36.0,0.59,0.242,48.0,18.0,0.375,0.19,50.0,0.36,0.198,93.0,0.344,0.369,18.0,32.0
nebraska_sam_hoiberg,Sam Hoiberg,nebraska,G,Jr,35,1130.5,32.3,0.302,325.5,9.3,0.611,0.631,84,0.381,60,0.75,0.142,0.35,0.001,0.007,0.001,0.0,0.001,0.03,0.12,0.13,0.03,0.06,0.0,0.07,Sports Reference 2025-26,9.4,2.5,7.0,18.2,5.5,0.195,Gr,,,,,,,,,,,,,tracking,116.0,82.0,0.707,0.547,16.0,2.0,0.125,0.075,28.0,0.393,0.132,52.0,0.404,0.245,11.0,21.0
nebraska_ugnius_jarusevicius,Ugnius Jarusevicius,nebraska,F,Jr,1,11.0,11.0,0.194,7.0,7.0,0.012,0.032,1,1.0,1,0.0,0.28,0.0,0.0,0.01,0.0,0.003,0.001,0.0,2.0,0.0,2.0,0.0,2.0,1.0,Sports Reference 2025-26,12.3,3.2,9.1,26.1,0.0,0.044,Gr,,,,,,,,,,,,,tracking,2.0,2.0,1.0,0.667,0.0,0.0,,0.0,0.0,,0.0,1.0,1.0,0.333,0.0,1.0
nebraska_berke_buyuktuncel,Berke Buyuktuncel,nebraska,F,Jr,33,801.9,24.3,0.26,214.5,6.5,0.506,0.526,53,0.241,66,0.612,0.165,0.261,0.003,0.009,0.0,0.001,0.001,0.05,0.12,0.06,0.04,0.03,0.03,0.05,Sports Reference 2025-26,6.5,1.1,5.4,15.6,2.9,0.147,Sr,,,,,,,,,,,,,tracking,80.0,55.0,0.688,0.523,27.0,6.0,0.222,0.176,16.0,0.25,0.105,30.0,0.2,0.196,4.0,6.0
nebraska_cale_jacobsen,Cale Jacobsen,nebraska,G,Jr,35,689.5,19.7,0.158,161.0,4.6,0.585,0.605,42,0.366,42,0.595,0.136,0.294,0.001,0.007,0.001,0.0,0.001,0.01,0.07,0.04,0.02,0.03,0.01,0.05,Sports Reference 2025-26,6.0,0.1,5.9,12.9,2.4,0.14,Sr,,,,,,,,,,,,,tracking,49.0,35.0,0.714,0.445,24.0,10.0,0.417,0.218,13.0,0.385,0.118,24.0,0.375,0.218,5.0,9.0
northwestern_nick_martinelli,Nick Martinelli,northwestern,F,Jr,33,1174.8,35.6,0.35,759.0,23.0,0.552,0.572,109,0.417,221,0.809,0.069,0.099,0.002,0.006,0.0,0.0,0.001,0.07,0.12,0.06,0.04,0.02,0.01,0.07,Sports Reference 2025-26,8.6,8.0,0.6,25.5,5.4,0.184,Gr,,,,,,,,,,,,,tracking,166.0,104.0,0.627,0.316,252.0,119.0,0.472,0.479,38.0,0.421,0.072,70.0,0.414,0.133,16.0,29.0
northwestern_arrinten_page,Arrinten Page,northwestern,F,Jr,29,664.1,22.9,0.345,295.8,10.2,0.572,0.592,44,0.25,90,0.656,0.124,0.186,0.002,0.008,0.0,0.001,0.001,0.04,0.11,0.06,0.04,0.03,0.04,0.06,Sports Reference 2025-26,8.0,4.0,3.9,21.7,2.3,0.139,Sr,,,,,,,,,,,,,tracking,96.0,75.0,0.781,0.464,67.0,27.0,0.403,0.324,15.0,0.267,0.072,29.0,0.241,0.14,4.0,7.0
northwestern_jayden_reid,Jayden Reid,northwestern,G,Jr,34,877.2,25.8,0.35,343.4,10.1,0.445,0.465,102,0.317,99,0.82,0.161,0.35,0.0,0.002,0.0,0.0,0.001,0.01,0.03,0.15,0.06,0.03,0.0,0.06,Sports Reference 2025-26,2.7,2.0,0.7,15.0,1.8,0.08,Sr,,,,,,,,,,,,,tracking,81.0,34.0,0.42,0.277,110.0,48.0,0.436,0.377,35.0,0.314,0.12,66.0,0.318,0.226,11.0,21.0
northwestern_tre_singleton,Tre Singleton,northwestern,F,Jr,34,850.0,25.0,0.279,258.4,7.6,0.5,0.52,54,0.167,85,0.738,0.128,0.192,0.002,0.008,0.0,0.0,0.002,0.04,0.1,0.04,0.03,0.02,0.02,0.09,Sports Reference 2025-26,2.1,-0.4,2.5,13.6,2.1,0.098,So,,,,,,,,,,,,,tracking,92.0,65.0,0.707,0.472,49.0,19.0,0.388,0.251,19.0,0.158,0.097,35.0,0.171,0.179,3.0,6.0
northwestern_angelo_ciaravino,Angelo Ciaravino,northwestern,G,Jr,33,726.0,22.0,0.216,207.9,6.3,0.546,0.566,43,0.256,50,0.583,0.066,0.198,0.002,0.007,0.0,0.0,0.001,0.03,0.08,0.04,0.01,0.01,0.02,0.05,Sports Reference 2025-26,3.4,1.3,2.1,14.3,1.9,0.104,Jr,,,,,,,,,,,,,tracking,100.0,67.0,0.67,0.61,21.0,6.0,0.286,0.128,15.0,0.267,0.091,28.0,0.25,0.171,4.0,7.0
northwestern_jake_west,Jake West,northwestern,G,Jr,33,726.0,22.0,0.218,174.9,5.3,0.494,0.514,76,0.364,30,0.774,0.164,0.35,0.0,0.002,0.0,0.0,0.001,0.01,0.02,0.08,0.03,0.02,0.01,0.05,Sports Reference 2025-26,1.1,-0.2,1.3,9.8,1.0,0.054,So,,,,,,,,,,,,,tracking,50.0,27.0,0.54,0.325,27.0,7.0,0.259,0.175,27.0,0.37,0.175,50.0,0.36,0.325,10.0,18.0
northwestern_max_green,Max Green,northwestern,G,Jr,23,338.1,14.7,0.167,98.9,4.3,0.485,0.505,69,0.338,5,0.6,0.064,0.213,0.0,0.006,0.001,0.0,0.001,0.0,0.07,0.04,0.01,0.03,0.0,0.04,Sports Reference 2025-26,2.9,0.0,3.0,11.4,0.6,0.067,Jr,,,,,,,,,,,,,tracking,18.0,11.0,0.611,0.18,14.0,3.0,0.214,0.14,24.0,0.333,0.24,44.0,0.341,0.44,8.0,15.0
northwestern_jordan_clayton,Jordan Clayton,northwestern,G,Jr,31,567.3,18.3,0.136,120.9,3.9,0.577,0.597,78,0.41,16,0.533,0.131,0.35,0.0,0.005,0.0,0.0,0.002,0.01,0.05,0.05,0.02,0.02,0.01,0.07,Sports Reference 2025-26,2.0,-0.7,2.6,9.1,1.0,0.072,Sr,,,,,,,,,,,,,tracking,6.0,4.0,0.667,0.062,13.0,4.0,0.308,0.134,27.0,0.407,0.278,51.0,0.412,0.526,11.0,21.0
northwestern_k_j_windham,K.J. Windham,northwestern,G,Jr,14,172.2,12.3,0.133,49.0,3.5,0.457,0.477,36,0.333,7,1.0,0.054,0.296,0.0,0.005,0.0,0.0,0.0,0.01,0.09,0.08,0.01,0.04,0.01,0.03,Sports Reference 2025-26,5.0,1.8,3.2,12.9,0.4,0.089,Jr,,,,,,,,,,,,,tracking,4.0,1.0,0.25,0.085,6.0,2.0,0.333,0.128,13.0,0.308,0.277,24.0,0.333,0.511,4.0,8.0
northwestern_justin_mullins,Justin Mullins,northwestern,G,Jr,24,324.0,13.5,0.128,76.8,3.2,0.532,0.552,31,0.323,22,0.5,0.167,0.222,0.001,0.004,0.0,0.0,0.001,0.02,0.05,0.03,0.02,0.02,0.01,0.06,Sports Reference 2025-26,0.9,-1.3,2.2,10.3,0.5,0.06,Gr,,,,,,,,,,,,,tracking,26.0,17.0,0.654,0.419,5.0,1.0,0.2,0.081,11.0,0.364,0.177,20.0,0.3,0.323,4.0,6.0
northwestern_tyler_kropp,Tyler Kropp,northwestern,F,Jr,31,368.9,11.9,0.113,96.1,3.1,0.461,0.481,12,0.273,25,0.923,0.095,0.095,0.002,0.007,0.0,0.0,0.002,0.02,0.05,0.01,0.01,0.01,0.01,0.04,Sports Reference 2025-26,1.3,-1.1,2.3,11.9,0.8,0.089,So,,,,,,,,,,,,,tracking,41.0,21.0,0.512,0.532,25.0,10.0,0.4,0.325,4.0,0.25,0.052,7.0,0.286,0.091,1.0,2.0
ohio_state_bruce_thornton,Bruce Thornton,ohio_state,G,Jr,34,1241.0,36.5,0.35,676.6,19.9,0.626,0.646,156,0.4,170,0.829,0.081,0.242,0.001,0.006,0.0,0.0,0.001,0.03,0.12,0.11,0.04,0.03,0.01,0.05,Sports Reference 2025-26,12.7,9.5,3.2,25.9,7.1,0.23,Gr,,,,,,,,,,,,,tracking,96.0,73.0,0.76,0.228,174.0,101.0,0.58,0.413,53.0,0.396,0.126,98.0,0.398,0.233,21.0,39.0
ohio_state_john_mobley_jr_,John Mobley Jr.,ohio_state,G,Jr,31,979.6,31.6,0.35,486.7,15.7,0.567,0.587,236,0.411,90,0.868,0.123,0.191,0.001,0.004,0.0,0.0,0.001,0.01,0.07,0.09,0.06,0.02,0.0,0.05,Sports Reference 2025-26,6.6,5.9,0.7,17.5,3.3,0.136,Jr,,,,,,,,,,,,,tracking,45.0,21.0,0.467,0.131,74.0,35.0,0.473,0.215,79.0,0.418,0.23,146.0,0.418,0.424,33.0,61.0
ohio_state_christoph_tilly,Christoph Tilly,ohio_state,C,Jr,32,832.0,26.0,0.35,352.0,11.0,0.506,0.526,58,0.232,154,0.73,0.136,0.209,0.002,0.007,0.0,0.0,0.002,0.04,0.11,0.07,0.05,0.02,0.02,0.1,Sports Reference 2025-26,5.9,2.8,3.0,17.8,3.0,0.145,Gr,,,,,,,,,,,,,tracking,121.0,77.0,0.636,0.528,53.0,21.0,0.396,0.231,19.0,0.263,0.083,36.0,0.222,0.157,5.0,8.0
ohio_state_amare_bynum,Amare Bynum,ohio_state,F,Jr,34,969.0,28.5,0.335,329.8,9.7,0.561,0.581,92,0.308,61,0.726,0.117,0.117,0.002,0.007,0.0,0.001,0.001,0.03,0.11,0.03,0.03,0.02,0.02,0.08,Sports Reference 2025-26,5.1,2.4,2.7,14.8,2.8,0.115,So,,,,,,,,,,,,,tracking,120.0,81.0,0.675,0.486,38.0,14.0,0.368,0.154,31.0,0.323,0.126,58.0,0.31,0.235,10.0,18.0
ohio_state_brandon_noel,Brandon Noel,ohio_state,F,Jr,16,302.4,18.9,0.214,105.6,6.6,0.651,0.671,14,0.2,14,0.733,0.167,0.15,0.003,0.007,0.0,0.0,0.001,0.07,0.16,0.06,0.06,0.02,0.01,0.09,Sports Reference 2025-26,4.1,2.8,1.4,16.5,1.0,0.126,Gr,,,,,,,,,,,,,tracking,49.0,38.0,0.776,0.681,8.0,4.0,0.5,0.111,5.0,0.2,0.069,10.0,0.2,0.139,1.0,2.0
ohio_state_taison_chatman,Taison Chatman,ohio_state,G,Jr,28,364.0,13.0,0.15,120.4,4.3,0.598,0.618,50,0.471,20,0.85,0.19,0.19,0.001,0.004,0.0,0.0,0.001,0.01,0.03,0.03,0.03,0.01,0.0,0.05,Sports Reference 2025-26,4.2,1.9,2.2,12.1,0.9,0.098,Jr,,,,,,,,,,,,,tracking,8.0,6.0,0.75,0.094,26.0,10.0,0.385,0.306,18.0,0.444,0.212,33.0,0.485,0.388,8.0,16.0
ohio_state_ivan_njegovan,Ivan Njegovan,ohio_state,C,Jr,30,342.0,11.4,0.098,78.0,2.6,0.588,0.608,3,0.667,30,0.655,0.219,0.255,0.004,0.01,0.0,0.001,0.002,0.03,0.07,0.02,0.02,0.0,0.01,0.05,Sports Reference 2025-26,4.1,0.8,3.3,13.4,1.0,0.119,Jr,,,,,,,,,,,,,tracking,29.0,18.0,0.621,0.569,19.0,9.0,0.474,0.373,1.0,1.0,0.02,2.0,0.5,0.039,1.0,1.0
ohio_state_puff_johnson,Puff Johnson,ohio_state,G,Jr,9,104.4,11.6,0.101,20.7,2.3,0.417,0.437,7,0.429,9,0.667,0.141,0.035,0.002,0.002,0.0,0.0,0.002,0.08,0.04,0.01,0.04,0.01,0.0,0.22,Sports Reference 2025-26,-3.1,-3.6,0.5,3.3,0.1,0.035,Gr,,,,,,,,,,,,,tracking,6.0,2.0,0.333,0.333,5.0,1.0,0.2,0.278,2.0,0.5,0.111,5.0,0.4,0.278,1.0,2.0
ohio_state_gabe_cupps,Gabe Cupps,ohio_state,G,Jr,33,405.9,12.3,0.081,56.1,1.7,0.456,0.476,26,0.259,20,0.737,0.265,0.35,0.001,0.004,0.0,0.0,0.002,0.01,0.03,0.03,0.02,0.01,0.0,0.05,Sports Reference 2025-26,1.0,-2.2,3.2,5.5,0.5,0.049,Jr,,,,,,,,,,,,,tracking,12.0,8.0,0.667,0.279,6.0,2.0,0.333,0.14,9.0,0.222,0.209,16.0,0.25,0.372,2.0,4.0
ohio_state_colin_white,Colin White,ohio_state,F,Jr,29,252.3,8.7,0.046,26.1,0.9,0.429,0.449,17,0.111,6,0.2,0.155,0.311,0.001,0.004,0.0,0.0,0.001,0.01,0.02,0.01,0.01,0.01,0.0,0.03,Sports Reference 2025-26,1.9,-1.4,3.3,5.6,0.3,0.053,Jr,,,,,,,,,,,,,tracking,7.0,7.0,1.0,0.25,4.0,2.0,0.5,0.143,6.0,0.167,0.214,11.0,0.091,0.393,1.0,1.0
oregon_wei_lin,Wei Lin,oregon,G,Jr,30,528.0,17.6,0.284,198.0,6.6,0.431,0.451,105,0.295,51,0.824,0.151,0.214,0.0,0.002,0.0,0.0,0.001,0.01,0.02,0.06,0.04,0.01,0.0,0.05,Sports Reference 2025-26,-1.9,-1.1,-0.7,8.8,0.4,0.027,Jr,,,,,,,,,,,,,tracking,20.0,9.0,0.45,0.111,55.0,22.0,0.4,0.306,37.0,0.297,0.206,68.0,0.294,0.378,11.0,20.0
oregon_sean_stewart,Sean Stewart,oregon,F,Jr,32,736.0,23.0,0.265,208.0,6.5,0.512,0.532,0,1.0,74,0.533,0.162,0.162,0.004,0.007,0.0,0.0,0.002,0.07,0.09,0.04,0.04,0.03,0.01,0.09,Sports Reference 2025-26,1.7,-0.7,2.4,14.0,1.5,0.082,Sr,,,,,,,,,,,,,tracking,93.0,60.0,0.645,0.564,71.0,23.0,0.324,0.43,0.0,,0.0,1.0,1.0,0.006,0.0,1.0
oregon_dezdrick_lindsay,Dezdrick Lindsay,oregon,F,Jr,32,656.0,20.5,0.224,169.6,5.3,0.464,0.484,58,0.328,48,0.583,0.128,0.24,0.002,0.005,0.0,0.0,0.001,0.03,0.06,0.05,0.03,0.03,0.01,0.06,Sports Reference 2025-26,1.5,-0.8,2.3,11.0,1.0,0.06,Gr,,,,,,,,,,,,,tracking,65.0,28.0,0.431,0.422,31.0,15.0,0.484,0.201,20.0,0.35,0.13,38.0,0.316,0.247,7.0,12.0
oregon_devon_pryor,Devon Pryor,oregon,F,Jr,16,292.8,18.3,0.13,46.4,2.9,0.475,0.495,18,0.222,19,0.474,0.165,0.331,0.002,0.004,0.0,0.0,0.001,0.07,0.09,0.07,0.04,0.03,0.01,0.11,Sports Reference 2025-26,1.7,-0.6,2.3,8.7,0.4,0.052,Sr,,,,,,,,,,,,,tracking,16.0,11.0,0.688,0.4,6.0,2.0,0.333,0.15,6.0,0.167,0.15,12.0,0.25,0.3,1.0,3.0
oregon_jamari_phillips,Jamari Phillips,oregon,G,Jr,26,296.4,11.4,0.121,70.2,2.7,0.438,0.458,60,0.295,5,0.833,0.148,0.148,0.001,0.003,0.0,0.0,0.001,0.01,0.03,0.02,0.02,0.0,0.0,0.05,Sports Reference 2025-26,-3.5,-3.3,-0.3,3.9,0.0,0.001,Jr,,,,,,,,,,,,,tracking,4.0,2.0,0.5,0.055,8.0,3.0,0.375,0.11,21.0,0.286,0.288,40.0,0.3,0.548,6.0,12.0
oregon_drew_carter,Drew Carter,oregon,G,Jr,26,374.4,14.4,0.112,67.6,2.6,0.534,0.554,47,0.348,8,0.857,0.255,0.255,0.0,0.004,0.0,0.0,0.001,0.0,0.04,0.03,0.03,0.02,0.0,0.04,Sports Reference 2025-26,-1.7,-3.2,1.5,5.5,0.2,0.019,Gr,,,,,,,,,,,,,tracking,4.0,3.0,0.75,0.069,8.0,4.0,0.5,0.138,16.0,0.375,0.276,30.0,0.333,0.517,6.0,10.0
penn_state_freddie_dilione_v,Freddie Dilione V,penn_state,G,Jr,32,876.8,27.4,0.35,448.0,14.0,0.53,0.55,131,0.318,70,0.817,0.107,0.158,0.001,0.005,0.001,0.0,0.001,0.03,0.07,0.07,0.05,0.04,0.01,0.04,Sports Reference 2025-26,4.5,4.5,-0.1,19.7,2.0,0.09,Sr,,,,,,,,,,,,,tracking,102.0,67.0,0.657,0.277,134.0,65.0,0.485,0.364,46.0,0.326,0.125,86.0,0.314,0.234,15.0,27.0
penn_state_josh_reed,Josh Reed,penn_state,G,Jr,32,902.4,28.2,0.35,368.0,11.5,0.553,0.573,86,0.368,109,0.872,0.107,0.097,0.002,0.006,0.0,0.0,0.001,0.04,0.09,0.03,0.03,0.03,0.0,0.05,Sports Reference 2025-26,3.2,3.6,-0.4,17.6,2.4,0.105,Gr,,,,,,,,,,,,,tracking,88.0,54.0,0.614,0.358,71.0,34.0,0.479,0.289,30.0,0.367,0.122,57.0,0.368,0.232,11.0,21.0
penn_state_ivan_juric,Ivan Juric,penn_state,F,Jr,30,792.0,26.4,0.349,306.0,10.2,0.616,0.636,54,0.283,108,0.661,0.194,0.082,0.003,0.007,0.0,0.0,0.002,0.06,0.12,0.03,0.06,0.01,0.01,0.1,Sports Reference 2025-26,-1.3,0.1,-1.4,14.7,1.4,0.069,So,,,,,,,,,,,,,tracking,122.0,89.0,0.73,0.646,14.0,5.0,0.357,0.074,19.0,0.263,0.101,34.0,0.294,0.18,5.0,10.0
penn_state_melih_tunca,Melih Tunca,penn_state,G,Jr,31,706.8,22.8,0.302,241.8,7.8,0.503,0.523,65,0.313,74,0.77,0.166,0.284,0.001,0.004,0.0,0.0,0.001,0.01,0.05,0.08,0.05,0.02,0.01,0.04,Sports Reference 2025-26,0.5,1.2,-0.7,13.7,0.9,0.052,So,,,,,,,,,,,,,tracking,75.0,51.0,0.68,0.408,45.0,11.0,0.244,0.245,22.0,0.318,0.12,42.0,0.31,0.228,7.0,13.0
penn_state_eli_rice,Eli Rice,penn_state,G,Jr,29,574.2,19.8,0.238,194.3,6.7,0.516,0.536,104,0.39,44,0.773,0.09,0.03,0.001,0.004,0.0,0.0,0.001,0.01,0.04,0.01,0.02,0.02,0.01,0.05,Sports Reference 2025-26,-0.1,0.8,-0.9,10.8,0.6,0.043,Jr,,,,,,,,,,,,,tracking,36.0,14.0,0.389,0.231,15.0,5.0,0.333,0.096,37.0,0.378,0.237,68.0,0.397,0.436,14.0,27.0
penn_state_dominick_stewart,Dominick Stewart,penn_state,G,Jr,32,720.0,22.5,0.242,211.2,6.6,0.515,0.535,112,0.348,42,0.791,0.118,0.236,0.001,0.004,0.0,0.0,0.001,0.01,0.06,0.05,0.03,0.02,0.01,0.07,Sports Reference 2025-26,0.8,0.8,0.0,11.3,1.0,0.055,Jr,,,,,,,,,,,,,tracking,32.0,17.0,0.531,0.186,28.0,13.0,0.464,0.163,39.0,0.359,0.227,73.0,0.342,0.424,14.0,25.0
penn_state_tibor_mirtic,Tibor Mirtic,penn_state,F,Jr,15,211.5,14.1,0.15,55.5,3.7,0.543,0.563,3,0.333,14,0.308,0.167,0.167,0.004,0.007,0.0,0.0,0.001,0.1,0.13,0.05,0.05,0.03,0.01,0.1,Sports Reference 2025-26,-1.6,-1.3,-0.4,13.1,0.3,0.051,So,,,,,,,,,,,,,tracking,37.0,23.0,0.622,0.787,7.0,1.0,0.143,0.149,1.0,0.0,0.021,2.0,0.5,0.043,0.0,1.0
penn_state_mason_blackwood,Mason Blackwood,penn_state,F,Jr,26,317.2,12.2,0.09,67.6,2.6,0.545,0.565,26,0.222,8,0.778,0.118,0.079,0.001,0.006,0.0,0.0,0.001,0.02,0.05,0.01,0.01,0.01,0.0,0.04,Sports Reference 2025-26,-1.7,-0.9,-0.8,8.5,0.3,0.035,So,,,,,,,,,,,,,tracking,20.0,15.0,0.75,0.357,9.0,7.0,0.778,0.161,9.0,0.222,0.161,18.0,0.222,0.321,2.0,4.0
penn_state_sa_a_ciani,Saša Ciani,penn_state,F,Jr,28,280.0,10.0,0.095,58.8,2.1,0.398,0.418,6,0.2,22,0.682,0.151,0.075,0.002,0.007,0.0,0.0,0.001,0.02,0.05,0.01,0.01,0.0,0.01,0.04,Sports Reference 2025-26,-4.3,-3.3,-0.9,7.4,0.0,0.007,Sr,,,,,,,,,,,,,tracking,37.0,18.0,0.486,0.685,12.0,2.0,0.167,0.222,2.0,0.0,0.037,3.0,0.333,0.056,0.0,1.0
purdue_braden_smith,Braden Smith,purdue,G,Jr,39,1345.5,34.5,0.35,557.7,14.3,0.511,0.531,176,0.362,121,0.825,0.184,0.35,0.001,0.005,0.001,0.0,0.001,0.02,0.07,0.23,0.07,0.04,0.01,0.04,Sports Reference 2025-26,9.8,6.8,3.0,20.9,5.8,0.173,Gr,,,,,,,,,,,,,tracking,71.0,43.0,0.606,0.182,163.0,74.0,0.454,0.418,55.0,0.364,0.141,101.0,0.366,0.259,20.0,37.0
purdue_trey_kaufman_renn,Trey Kaufman-Renn,purdue,F,Jr,37,1039.7,28.1,0.35,525.4,14.2,0.58,0.6,15,0.154,107,0.636,0.105,0.188,0.004,0.011,0.0,0.0,0.001,0.08,0.15,0.07,0.04,0.01,0.01,0.06,Sports Reference 2025-26,8.4,6.2,2.3,23.8,4.9,0.187,Gr,,,,,,,,,,,,,tracking,135.0,102.0,0.756,0.403,187.0,90.0,0.481,0.558,5.0,0.2,0.015,8.0,0.125,0.024,1.0,1.0
purdue_fletcher_loyer,Fletcher Loyer,purdue,G,Jr,39,1142.7,29.3,0.35,549.9,14.1,0.602,0.622,257,0.432,121,0.874,0.084,0.177,0.0,0.004,0.0,0.0,0.001,0.01,0.06,0.05,0.03,0.02,0.0,0.03,Sports Reference 2025-26,9.3,7.1,2.2,18.6,4.7,0.165,Gr,,,,,,,,,,,,,tracking,46.0,28.0,0.609,0.139,52.0,20.0,0.385,0.157,82.0,0.415,0.248,151.0,0.424,0.456,34.0,64.0
purdue_oscar_cluff,Oscar Cluff,purdue,F,Jr,39,963.3,24.7,0.3,413.4,10.6,0.683,0.703,0,0.0,125,0.699,0.095,0.214,0.005,0.009,0.0,0.001,0.002,0.08,0.11,0.05,0.02,0.01,0.02,0.07,Sports Reference 2025-26,11.2,7.7,3.6,26.5,5.7,0.236,Gr,,,,,,,,,,,,,tracking,153.0,121.0,0.791,0.712,62.0,29.0,0.468,0.288,0.0,,0.0,0.0,,0.0,0.0,0.0
purdue_c_j_cox,C.J. Cox,purdue,G,Jr,39,951.6,24.4,0.262,331.5,8.5,0.578,0.598,168,0.373,39,0.842,0.041,0.177,0.001,0.005,0.0,0.0,0.001,0.02,0.05,0.03,0.01,0.01,0.0,0.03,Sports Reference 2025-26,7.6,5.3,2.3,14.9,3.2,0.136,Jr,,,,,,,,,,,,,tracking,31.0,22.0,0.71,0.132,53.0,27.0,0.509,0.226,53.0,0.358,0.226,98.0,0.367,0.417,19.0,36.0
purdue_daniel_jacobsen,Daniel Jacobsen,purdue,C,Jr,39,503.1,12.9,0.169,214.5,5.5,0.657,0.677,8,0.375,74,0.627,0.127,0.063,0.003,0.008,0.0,0.002,0.002,0.03,0.05,0.01,0.02,0.0,0.03,0.05,Sports Reference 2025-26,6.5,2.4,4.1,21.7,2.2,0.174,Jr,,,,,,,,,,,,,tracking,82.0,60.0,0.732,0.661,34.0,17.0,0.5,0.274,3.0,0.333,0.024,5.0,0.4,0.04,1.0,2.0
purdue_omer_mayer,Omer Mayer,purdue,G,Jr,39,557.7,14.3,0.22,214.5,5.5,0.513,0.533,109,0.355,23,0.652,0.146,0.195,0.0,0.004,0.0,0.0,0.001,0.0,0.03,0.03,0.02,0.01,0.0,0.02,Sports Reference 2025-26,1.8,0.6,1.2,10.6,0.9,0.063,So,,,,,,,,,,,,,tracking,15.0,10.0,0.667,0.085,58.0,25.0,0.431,0.33,36.0,0.361,0.205,67.0,0.373,0.381,13.0,25.0
purdue_gicarri_harris,Gicarri Harris,purdue,G,Jr,39,612.3,15.7,0.153,179.4,4.6,0.518,0.538,94,0.355,35,0.861,0.07,0.186,0.001,0.005,0.001,0.0,0.001,0.01,0.03,0.02,0.01,0.02,0.0,0.03,Sports Reference 2025-26,7.0,2.2,4.8,13.4,1.9,0.124,Jr,,,,,,,,,,,,,tracking,27.0,19.0,0.704,0.205,19.0,3.0,0.158,0.144,30.0,0.333,0.227,56.0,0.357,0.424,10.0,20.0
purdue_jack_benter,Jack Benter,purdue,G,Jr,38,558.6,14.7,0.138,167.2,4.4,0.628,0.648,87,0.409,23,0.609,0.104,0.207,0.002,0.007,0.0,0.0,0.001,0.02,0.05,0.02,0.01,0.01,0.0,0.04,Sports Reference 2025-26,6.2,3.4,2.8,14.0,1.8,0.13,So,,,,,,,,,,,,,tracking,21.0,16.0,0.762,0.178,12.0,6.0,0.5,0.102,30.0,0.4,0.254,55.0,0.418,0.466,12.0,23.0
rutgers_tariq_francis,Tariq Francis,rutgers,G,Jr,34,945.2,27.8,0.35,578.0,17.0,0.479,0.499,150,0.351,180,0.911,0.074,0.179,0.0,0.004,0.0,0.0,0.001,0.01,0.06,0.09,0.04,0.03,0.0,0.07,Sports Reference 2025-26,7.3,5.8,1.5,22.4,3.7,0.156,Sr,,,,,,,,,,,,,tracking,63.0,31.0,0.492,0.151,211.0,96.0,0.455,0.506,50.0,0.36,0.12,93.0,0.355,0.223,18.0,33.0
rutgers_dylan_grant,Dylan Grant,rutgers,F,Jr,34,816.0,24.0,0.35,323.0,9.5,0.484,0.504,71,0.306,109,0.727,0.111,0.05,0.003,0.006,0.0,0.0,0.001,0.05,0.08,0.01,0.03,0.02,0.01,0.06,Sports Reference 2025-26,0.6,0.7,-0.1,14.9,1.6,0.079,Jr,,,,,,,,,,,,,tracking,119.0,65.0,0.546,0.478,59.0,23.0,0.39,0.237,25.0,0.32,0.1,46.0,0.304,0.185,8.0,14.0
rutgers_darren_buchanan_jr_,Darren Buchanan Jr.,rutgers,F,Jr,34,819.4,24.1,0.331,275.4,8.1,0.487,0.507,34,0.353,99,0.59,0.151,0.183,0.002,0.007,0.0,0.0,0.001,0.03,0.09,0.05,0.04,0.02,0.01,0.05,Sports Reference 2025-26,0.7,0.2,0.6,12.9,1.1,0.055,Sr,,,,,,,,,,,,,tracking,93.0,52.0,0.559,0.423,93.0,39.0,0.419,0.423,12.0,0.333,0.055,22.0,0.364,0.1,4.0,8.0
rutgers_jamichael_davis,Jamichael Davis,rutgers,G,Jr,34,890.8,26.2,0.287,255.0,7.5,0.47,0.49,82,0.358,71,0.775,0.1,0.312,0.001,0.005,0.0,0.0,0.001,0.02,0.06,0.07,0.02,0.03,0.01,0.05,Sports Reference 2025-26,2.7,1.0,1.7,13.5,1.9,0.084,Sr,,,,,,,,,,,,,tracking,49.0,22.0,0.449,0.239,76.0,28.0,0.368,0.371,28.0,0.357,0.137,52.0,0.365,0.254,10.0,19.0
rutgers_harun_zrno,Harun Zrno,rutgers,G,Jr,34,649.4,19.1,0.257,221.0,6.5,0.49,0.51,153,0.338,37,0.789,0.139,0.084,0.001,0.004,0.0,0.0,0.001,0.01,0.04,0.02,0.03,0.01,0.0,0.02,Sports Reference 2025-26,0.1,0.5,-0.4,9.3,0.5,0.032,So,,,,,,,,,,,,,tracking,22.0,12.0,0.545,0.116,15.0,4.0,0.267,0.079,54.0,0.333,0.284,99.0,0.343,0.521,18.0,34.0
rutgers_kaden_powers,Kaden Powers,rutgers,G,Jr,29,458.2,15.8,0.286,176.9,6.1,0.421,0.441,87,0.326,20,0.737,0.125,0.187,0.001,0.005,0.0,0.0,0.001,0.01,0.05,0.05,0.03,0.02,0.0,0.04,Sports Reference 2025-26,-0.3,-0.1,-0.2,10.2,0.1,0.008,So,,,,,,,,,,,,,tracking,22.0,12.0,0.545,0.116,81.0,25.0,0.309,0.429,30.0,0.333,0.159,56.0,0.321,0.296,10.0,18.0
rutgers_angelino_mark,Angelino Mark,rutgers,G,Jr,33,524.7,15.9,0.246,194.7,5.9,0.426,0.446,43,0.233,66,0.769,0.131,0.174,0.001,0.006,0.001,0.0,0.001,0.01,0.05,0.04,0.03,0.03,0.0,0.04,Sports Reference 2025-26,1.2,-1.3,2.5,13.3,0.8,0.058,So,,,,,,,,,,,,,tracking,92.0,46.0,0.5,0.594,23.0,7.0,0.304,0.148,14.0,0.214,0.09,26.0,0.231,0.168,3.0,6.0
rutgers_emmanuel_ogbole,Emmanuel Ogbole,rutgers,C,Jr,34,646.0,19.0,0.179,159.8,4.7,0.598,0.618,0,0.0,48,0.543,0.219,0.08,0.005,0.01,0.0,0.001,0.002,0.08,0.1,0.01,0.03,0.01,0.04,0.06,Sports Reference 2025-26,0.5,-0.9,1.3,16.1,1.5,0.094,Gr,,,,,,,,,,,,,tracking,86.0,59.0,0.686,0.796,22.0,5.0,0.227,0.204,0.0,,0.0,0.0,,0.0,0.0,0.0
rutgers_denis_badalau,Denis Badalau,rutgers,F,Jr,24,300.0,12.5,0.157,74.4,3.1,0.361,0.381,48,0.213,22,0.667,0.114,0.205,0.002,0.005,0.0,0.0,0.001,0.02,0.05,0.04,0.02,0.01,0.01,0.03,Sports Reference 2025-26,-2.5,-2.1,-0.5,7.8,0.1,0.008,So,,,,,,,,,,,,,tracking,17.0,9.0,0.529,0.205,19.0,6.0,0.316,0.229,16.0,0.25,0.193,31.0,0.194,0.373,4.0,6.0
rutgers_christopher_nwuli,Christopher Nwuli,rutgers,F,Jr,30,303.0,10.1,0.101,66.0,2.2,0.412,0.432,12,0.364,36,0.686,0.212,0.141,0.002,0.005,0.0,0.001,0.002,0.02,0.03,0.01,0.02,0.01,0.01,0.05,Sports Reference 2025-26,-3.2,-4.4,1.2,7.2,0.2,0.023,So,,,,,,,,,,,,,tracking,19.0,9.0,0.474,0.413,19.0,5.0,0.263,0.413,3.0,0.333,0.065,5.0,0.6,0.109,1.0,3.0
rutgers_bryce_dortch,Bryce Dortch,rutgers,F,Jr,31,446.4,14.4,0.075,65.1,2.1,0.61,0.63,0,0.0,28,0.536,0.191,0.048,0.003,0.008,0.0,0.001,0.002,0.04,0.06,0.0,0.01,0.02,0.02,0.06,Sports Reference 2025-26,0.6,-2.0,2.6,11.8,1.0,0.086,Jr,,,,,,,,,,,,,tracking,35.0,24.0,0.686,0.875,5.0,1.0,0.2,0.125,0.0,,0.0,0.0,,0.0,0.0,0.0
ucla_tyler_bilodeau,Tyler Bilodeau,ucla,F,Jr,31,936.2,30.2,0.35,545.6,17.6,0.609,0.629,140,0.464,133,0.873,0.089,0.075,0.001,0.008,0.0,0.0,0.001,0.04,0.15,0.04,0.04,0.02,0.01,0.08,Sports Reference 2025-26,8.9,7.5,1.4,23.3,4.5,0.192,Gr,,,,,,,,,,,,,tracking,67.0,45.0,0.672,0.19,148.0,74.0,0.5,0.419,48.0,0.458,0.136,90.0,0.467,0.255,22.0,42.0
ucla_donovan_dent,Donovan Dent,ucla,G,Jr,35,1204.0,34.4,0.35,465.5,13.3,0.43,0.45,70,0.254,150,0.656,0.113,0.35,0.001,0.004,0.001,0.0,0.001,0.01,0.07,0.22,0.05,0.05,0.01,0.05,Sports Reference 2025-26,5.9,3.5,2.4,18.0,3.7,0.124,Gr,,,,,,,,,,,,,tracking,188.0,99.0,0.527,0.47,147.0,52.0,0.354,0.367,23.0,0.261,0.057,42.0,0.262,0.105,6.0,11.0
ucla_trent_perry,Trent Perry,ucla,G,Jr,35,1046.5,29.9,0.35,441.0,12.6,0.515,0.535,119,0.392,154,0.858,0.111,0.239,0.001,0.004,0.0,0.0,0.001,0.02,0.06,0.08,0.04,0.03,0.0,0.05,Sports Reference 2025-26,6.5,4.2,2.3,17.5,3.8,0.144,Jr,,,,,,,,,,,,,tracking,69.0,38.0,0.551,0.248,95.0,39.0,0.411,0.342,40.0,0.4,0.144,74.0,0.419,0.266,16.0,31.0
ucla_eric_dailey_jr_,Eric Dailey Jr.,ucla,F,Jr,35,966.0,27.6,0.35,406.0,11.6,0.534,0.554,98,0.316,94,0.699,0.112,0.112,0.002,0.009,0.0,0.0,0.001,0.04,0.12,0.04,0.04,0.03,0.01,0.06,Sports Reference 2025-26,4.7,2.8,1.9,17.2,3.0,0.124,Sr,,,,,,,,,,,,,tracking,92.0,62.0,0.674,0.317,108.0,52.0,0.481,0.372,31.0,0.323,0.107,59.0,0.305,0.203,10.0,18.0
ucla_skyy_clark,Skyy Clark,ucla,G,Jr,26,741.0,28.5,0.35,299.0,11.5,0.586,0.606,125,0.427,39,0.821,0.096,0.191,0.0,0.004,0.001,0.0,0.001,0.01,0.07,0.08,0.04,0.05,0.0,0.1,Sports Reference 2025-26,5.6,2.9,2.7,15.9,2.4,0.13,Gr,,,,,,,,,,,,,tracking,42.0,29.0,0.69,0.195,55.0,19.0,0.345,0.256,41.0,0.439,0.191,77.0,0.429,0.358,18.0,33.0
ucla_xavier_booker,Xavier Booker,ucla,F,Jr,36,723.6,20.1,0.228,262.8,7.3,0.624,0.644,68,0.433,40,0.675,0.094,0.125,0.002,0.006,0.0,0.001,0.001,0.03,0.06,0.02,0.02,0.01,0.03,0.05,Sports Reference 2025-26,6.7,3.7,3.0,17.8,2.5,0.137,Sr,,,,,,,,,,,,,tracking,63.0,47.0,0.746,0.368,48.0,22.0,0.458,0.281,21.0,0.429,0.123,39.0,0.41,0.228,9.0,16.0
ucla_jamar_brown,Jamar Brown,ucla,G,Jr,36,561.6,15.6,0.128,136.8,3.8,0.54,0.56,76,0.338,14,1.0,0.084,0.14,0.002,0.006,0.0,0.0,0.001,0.03,0.05,0.01,0.01,0.02,0.0,0.04,Sports Reference 2025-26,3.8,1.5,2.3,12.3,1.6,0.113,Gr,,,,,,,,,,,,,tracking,28.0,20.0,0.714,0.255,9.0,3.0,0.333,0.082,26.0,0.308,0.236,47.0,0.34,0.427,8.0,16.0
ucla_brandon_williams,Brandon Williams,ucla,G,Jr,34,414.8,12.2,0.103,88.4,2.6,0.455,0.475,24,0.24,31,0.645,0.069,0.104,0.003,0.005,0.0,0.0,0.001,0.03,0.03,0.01,0.01,0.01,0.01,0.04,Sports Reference 2025-26,2.2,-0.2,2.4,10.7,0.9,0.091,Jr,,,,,,,,,,,,,tracking,36.0,23.0,0.639,0.48,14.0,3.0,0.214,0.187,9.0,0.222,0.12,16.0,0.25,0.213,2.0,4.0
ucla_eric_freeny,Eric Freeny,ucla,G,Jr,28,310.8,11.1,0.087,56.0,2.0,0.464,0.484,28,0.37,8,0.5,0.123,0.164,0.002,0.005,0.0,0.0,0.001,0.02,0.04,0.01,0.01,0.01,0.0,0.03,Sports Reference 2025-26,2.5,0.1,2.5,8.0,0.5,0.061,So,,,,,,,,,,,,,tracking,14.0,7.0,0.5,0.264,12.0,4.0,0.333,0.226,9.0,0.444,0.17,18.0,0.333,0.34,4.0,6.0
ucla_steven_jamerson_ii,Steven Jamerson II,ucla,C,Jr,35,339.5,9.7,0.066,66.5,1.9,0.75,0.72,0,0.0,28,0.63,0.28,0.27,0.005,0.005,0.001,0.001,0.003,0.03,0.03,0.01,0.02,0.02,0.01,0.07,Sports Reference 2025-26,3.5,-2.0,5.5,13.7,1.1,0.129,Gr,,,,,,,,,,,,,tracking,23.0,19.0,0.826,0.767,7.0,3.0,0.429,0.233,0.0,,0.0,0.0,,0.0,0.0,0.0
usc_ezra_ausar,Ezra Ausar,usc,F,Jr,32,953.6,29.8,0.35,473.6,14.8,0.583,0.603,3,0.0,234,0.674,0.152,0.123,0.003,0.008,0.0,0.0,0.002,0.07,0.13,0.05,0.07,0.03,0.01,0.11,Sports Reference 2025-26,4.3,2.5,1.8,20.1,3.6,0.149,Gr,,,,,,,,,,,,,tracking,217.0,145.0,0.668,0.801,52.0,13.0,0.25,0.192,1.0,0.0,0.004,1.0,0.0,0.004,0.0,0.0
usc_alijah_arenas,Alijah Arenas,usc,G,Jr,14,386.4,27.6,0.35,197.4,14.1,0.376,0.396,62,0.213,77,0.792,0.13,0.119,0.001,0.004,0.0,0.0,0.001,0.07,0.14,0.15,0.16,0.06,0.04,0.15,Sports Reference 2025-26,-0.9,-0.9,-0.1,11.8,0.4,0.037,So,,,,,,,,,,,,,tracking,50.0,22.0,0.44,0.275,71.0,27.0,0.38,0.39,21.0,0.238,0.115,40.0,0.2,0.22,5.0,8.0
usc_jacob_cofie,Jacob Cofie,usc,F,Jr,32,976.0,30.5,0.35,316.8,9.9,0.553,0.573,67,0.318,80,0.605,0.163,0.183,0.003,0.009,0.0,0.001,0.001,0.06,0.15,0.06,0.05,0.03,0.06,0.09,Sports Reference 2025-26,4.8,1.3,3.5,15.9,2.6,0.108,Jr,,,,,,,,,,,,,tracking,125.0,79.0,0.632,0.514,52.0,24.0,0.462,0.214,23.0,0.304,0.095,43.0,0.326,0.177,7.0,14.0
usc_kam_woods,Kam Woods,usc,G,Jr,20,626.0,31.3,0.35,176.0,8.8,0.441,0.461,42,0.167,54,0.611,0.177,0.35,0.002,0.005,0.001,0.0,0.001,0.06,0.15,0.2,0.1,0.08,0.01,0.11,Sports Reference 2025-26,2.4,-0.6,3.0,12.1,1.0,0.066,Gr,,,,,,,,,,,,,tracking,66.0,37.0,0.561,0.407,54.0,24.0,0.444,0.333,15.0,0.133,0.093,27.0,0.185,0.167,2.0,5.0
usc_jordan_marsh,Jordan Marsh,usc,G,Jr,28,512.4,18.3,0.272,204.4,7.3,0.497,0.517,84,0.357,64,0.778,0.145,0.25,0.0,0.005,0.0,0.0,0.001,0.01,0.06,0.07,0.04,0.02,0.0,0.07,Sports Reference 2025-26,2.0,0.3,1.7,13.3,1.2,0.097,Sr,,,,,,,,,,,,,tracking,35.0,17.0,0.486,0.226,36.0,15.0,0.417,0.232,29.0,0.345,0.187,55.0,0.364,0.355,10.0,20.0
usc_jaden_brownell,Jaden Brownell,usc,F,Jr,30,348.0,11.6,0.198,153.0,5.1,0.482,0.502,84,0.294,24,0.833,0.108,0.072,0.002,0.006,0.0,0.001,0.002,0.02,0.04,0.01,0.02,0.01,0.02,0.05,Sports Reference 2025-26,0.9,0.1,0.9,13.6,0.7,0.083,Gr,,,,,,,,,,,,,tracking,32.0,22.0,0.688,0.232,21.0,7.0,0.333,0.152,30.0,0.3,0.217,55.0,0.291,0.399,9.0,16.0
usc_amarion_dickerson,Amarion Dickerson,usc,F,Jr,8,172.8,21.6,0.172,36.8,4.6,0.591,0.611,9,0.444,18,0.611,0.208,0.229,0.003,0.005,0.0,0.001,0.002,0.19,0.24,0.14,0.12,0.1,0.11,0.31,Sports Reference 2025-26,3.0,0.4,2.6,11.6,0.4,0.09,Gr,,,,,,,,,,,,,tracking,13.0,7.0,0.538,0.591,0.0,0.0,,0.0,3.0,0.333,0.136,6.0,0.5,0.273,1.0,3.0
usc_jerry_easter_ii,Jerry Easter II,usc,G,Jr,29,504.6,17.4,0.188,127.6,4.4,0.455,0.475,17,0.235,38,0.744,0.171,0.209,0.001,0.008,0.0,0.0,0.001,0.02,0.08,0.04,0.03,0.02,0.01,0.03,Sports Reference 2025-26,1.1,-0.9,2.0,10.4,0.8,0.062,So,,,,,,,,,,,,,tracking,50.0,26.0,0.52,0.455,43.0,18.0,0.419,0.391,6.0,0.167,0.055,11.0,0.273,0.1,1.0,3.0
usc_gabe_dynes,Gabe Dynes,usc,C,Jr,30,357.0,11.9,0.095,87.0,2.9,0.788,0.72,0,0.0,18,0.353,0.263,0.15,0.004,0.006,0.0,0.002,0.001,0.04,0.04,0.01,0.02,0.0,0.03,0.04,Sports Reference 2025-26,2.9,-0.3,3.1,15.1,0.8,0.094,Sr,,,,,,,,,,,,,tracking,50.0,41.0,0.82,0.962,2.0,0.0,0.0,0.038,0.0,,0.0,0.0,,0.0,0.0,0.0
usc_ryan_cornish,Ryan Cornish,usc,G,Jr,25,272.5,10.9,0.095,60.0,2.4,0.48,0.5,35,0.324,15,0.933,0.15,0.3,0.001,0.003,0.0,0.0,0.001,0.01,0.02,0.03,0.02,0.01,0.01,0.04,Sports Reference 2025-26,-1.2,-2.0,0.9,7.3,0.4,0.058,Gr,,,,,,,,,,,,,tracking,9.0,5.0,0.556,0.184,6.0,2.0,0.333,0.122,12.0,0.333,0.245,22.0,0.318,0.449,4.0,7.0
usc_terrance_williams_ii,Terrance Williams II,usc,F,Jr,31,412.3,13.3,0.092,68.2,2.2,0.367,0.387,28,0.276,40,0.641,0.039,0.194,0.002,0.005,0.0,0.0,0.001,0.02,0.04,0.02,0.0,0.01,0.0,0.03,Sports Reference 2025-26,1.1,-0.6,1.7,7.8,0.7,0.067,Gr,,,,,,,,,,,,,tracking,17.0,6.0,0.353,0.283,14.0,4.0,0.286,0.233,10.0,0.3,0.167,19.0,0.263,0.317,3.0,5.0
washington_desmond_claude,Desmond Claude,washington,G,Jr,12,332.4,27.7,0.35,159.6,13.3,0.461,0.481,30,0.3,47,0.872,0.126,0.133,0.001,0.004,0.0,0.0,0.001,0.05,0.15,0.16,0.15,0.03,0.01,0.12,Sports Reference 2025-26,1.7,1.4,0.3,14.4,0.7,0.089,Gr,,,,,,,,,,,,,tracking,43.0,22.0,0.512,0.333,54.0,24.0,0.444,0.419,11.0,0.273,0.085,21.0,0.286,0.163,3.0,6.0
washington_wesley_yates_iii,Wesley Yates III,washington,G,Jr,27,847.8,31.4,0.35,342.9,12.7,0.456,0.476,170,0.312,78,0.782,0.111,0.09,0.001,0.004,0.001,0.0,0.001,0.03,0.09,0.05,0.06,0.06,0.01,0.08,Sports Reference 2025-26,2.8,0.5,2.3,12.7,1.7,0.081,Jr,,,,,,,,,,,,,tracking,88.0,45.0,0.511,0.284,51.0,17.0,0.333,0.165,60.0,0.317,0.194,111.0,0.306,0.358,19.0,34.0
washington_quimari_peterson,Quimari Peterson,washington,G,Jr,33,1019.7,30.9,0.334,303.6,9.2,0.523,0.543,205,0.35,33,0.781,0.096,0.236,0.001,0.004,0.001,0.0,0.001,0.02,0.07,0.07,0.03,0.04,0.01,0.06,Sports Reference 2025-26,5.2,2.0,3.2,12.4,2.6,0.103,Gr,,,,,,,,,,,,,tracking,30.0,18.0,0.6,0.113,32.0,14.0,0.438,0.121,71.0,0.352,0.268,132.0,0.348,0.498,25.0,46.0
washington_franck_kepnang,Franck Kepnang,washington,C,Jr,27,618.3,22.9,0.237,167.4,6.2,0.515,0.535,0,0.0,46,0.689,0.15,0.03,0.004,0.009,0.0,0.002,0.002,0.09,0.14,0.01,0.04,0.02,0.08,0.09,Sports Reference 2025-26,4.3,0.3,4.0,16.8,1.8,0.118,Gr,,,,,,,,,,,,,tracking,63.0,36.0,0.571,0.477,66.0,30.0,0.455,0.5,1.0,1.0,0.008,2.0,0.5,0.015,1.0,1.0
washington_jj_mandaquit,JJ Mandaquit,washington,G,Jr,22,431.2,19.6,0.218,114.4,5.2,0.495,0.515,40,0.282,31,0.7,0.196,0.35,0.0,0.005,0.0,0.0,0.001,0.01,0.09,0.15,0.05,0.02,0.0,0.09,Sports Reference 2025-26,1.7,-0.7,2.4,11.7,0.9,0.086,So,,,,,,,,,,,,,tracking,24.0,13.0,0.542,0.25,32.0,18.0,0.562,0.333,14.0,0.286,0.146,26.0,0.308,0.271,4.0,8.0
washington_lathan_sommerville,Lathan Sommerville,washington,C,Jr,22,319.0,14.5,0.173,94.6,4.3,0.445,0.465,4,0.2,42,0.732,0.145,0.041,0.003,0.006,0.0,0.0,0.002,0.05,0.07,0.01,0.03,0.0,0.02,0.09,Sports Reference 2025-26,-2.4,-3.2,0.7,9.9,0.6,0.071,Jr,,,,,,,,,,,,,tracking,30.0,17.0,0.567,0.411,38.0,14.0,0.368,0.521,2.0,0.0,0.027,3.0,0.333,0.041,0.0,1.0
washington_courtland_muldrew,Courtland Muldrew,washington,G,Jr,20,254.0,12.7,0.137,66.0,3.3,0.458,0.478,20,0.211,20,0.55,0.104,0.35,0.001,0.007,0.0,0.0,0.002,0.02,0.08,0.07,0.02,0.01,0.01,0.08,Sports Reference 2025-26,1.1,-1.2,2.2,11.1,0.6,0.088,So,,,,,,,,,,,,,tracking,18.0,13.0,0.722,0.305,22.0,8.0,0.364,0.373,7.0,0.143,0.119,12.0,0.25,0.203,1.0,3.0
washington_jacob_ognacevic,Jacob Ognacevic,washington,F,Jr,12,150.0,12.5,0.11,37.2,3.1,0.63,0.65,18,0.444,5,0.6,0.195,0.098,0.003,0.002,0.0,0.0,0.002,0.07,0.03,0.02,0.05,0.02,0.0,0.12,Sports Reference 2025-26,2.3,0.8,1.5,8.3,0.3,0.069,Gr,,,,,,,,,,,,,tracking,5.0,5.0,1.0,0.185,4.0,0.0,0.0,0.148,6.0,0.5,0.222,12.0,0.417,0.444,3.0,5.0
washington_nikola_dzepina,Nikola Dzepina,washington,F,Jr,14,155.4,11.1,0.119,36.4,2.6,0.407,0.427,36,0.25,4,0.5,0.03,0.21,0.001,0.004,0.0,0.001,0.002,0.03,0.06,0.05,0.01,0.0,0.06,0.09,Sports Reference 2025-26,2.3,-0.3,2.7,9.3,0.3,0.068,So,,,,,,,,,,,,,tracking,2.0,2.0,1.0,0.05,4.0,1.0,0.25,0.1,12.0,0.25,0.3,22.0,0.227,0.55,3.0,5.0
wisconsin_nick_boyd,Nick Boyd,wisconsin,G,Jr,35,1116.5,31.9,0.35,724.5,20.7,0.538,0.558,168,0.365,192,0.83,0.089,0.225,0.001,0.005,0.0,0.0,0.001,0.02,0.09,0.12,0.05,0.03,0.0,0.05,Sports Reference 2025-26,9.5,7.6,1.9,24.8,5.4,0.195,Gr,,,,,,,,,,,,,tracking,234.0,132.0,0.564,0.463,102.0,48.0,0.471,0.202,59.0,0.373,0.117,110.0,0.364,0.218,22.0,40.0
wisconsin_nolan_winter,Nolan Winter,wisconsin,F,Jr,31,951.7,30.7,0.35,406.1,13.1,0.626,0.646,96,0.326,93,0.742,0.074,0.139,0.003,0.011,0.0,0.001,0.001,0.07,0.2,0.05,0.03,0.02,0.04,0.06,Sports Reference 2025-26,8.9,6.3,2.6,22.4,4.4,0.185,Sr,,,,,,,,,,,,,tracking,133.0,104.0,0.782,0.508,36.0,14.0,0.389,0.137,33.0,0.333,0.126,60.0,0.333,0.229,11.0,20.0
wisconsin_austin_rapp,Austin Rapp,wisconsin,F,Jr,30,696.0,23.2,0.325,291.0,9.7,0.546,0.566,159,0.363,48,0.854,0.088,0.176,0.002,0.007,0.0,0.0,0.001,0.04,0.1,0.05,0.03,0.02,0.02,0.06,Sports Reference 2025-26,6.3,4.5,1.8,16.7,2.3,0.132,Jr,,,,,,,,,,,,,tracking,54.0,34.0,0.63,0.245,11.0,1.0,0.091,0.05,54.0,0.37,0.245,101.0,0.366,0.459,20.0,37.0
wisconsin_braeden_carrington,Braeden Carrington,wisconsin,G,Jr,34,615.4,18.1,0.262,282.2,8.3,0.575,0.595,173,0.401,58,0.772,0.068,0.15,0.001,0.006,0.0,0.0,0.001,0.02,0.06,0.03,0.01,0.01,0.01,0.04,Sports Reference 2025-26,7.8,6.2,1.5,17.4,2.2,0.142,Gr,,,,,,,,,,,,,tracking,23.0,12.0,0.522,0.114,10.0,2.0,0.2,0.05,59.0,0.407,0.292,110.0,0.4,0.545,24.0,44.0
wisconsin_andrew_rohde,Andrew Rohde,wisconsin,G,Jr,34,897.6,26.4,0.245,193.8,5.7,0.478,0.498,133,0.318,27,0.778,0.161,0.35,0.001,0.003,0.001,0.0,0.001,0.02,0.04,0.09,0.03,0.04,0.01,0.07,Sports Reference 2025-26,3.4,-0.1,3.5,9.8,1.7,0.075,Gr,,,,,,,,,,,,,tracking,34.0,18.0,0.529,0.191,14.0,5.0,0.357,0.079,46.0,0.304,0.258,84.0,0.321,0.472,14.0,27.0
wisconsin_aleksas_bieliauskas,Aleksas Bieliauskas,wisconsin,F,Jr,35,703.5,20.1,0.189,171.5,4.9,0.528,0.548,80,0.346,32,0.633,0.151,0.17,0.003,0.008,0.0,0.001,0.002,0.04,0.08,0.03,0.02,0.01,0.02,0.06,Sports Reference 2025-26,2.1,0.4,1.7,10.9,1.5,0.085,So,,,,,,,,,,,,,tracking,47.0,28.0,0.596,0.338,13.0,5.0,0.385,0.094,28.0,0.357,0.201,51.0,0.353,0.367,10.0,18.0
wisconsin_jack_janicki,Jack Janicki,wisconsin,G,Jr,26,429.0,16.5,0.114,57.2,2.2,0.423,0.443,47,0.277,5,0.6,0.188,0.345,0.001,0.004,0.001,0.0,0.001,0.02,0.05,0.04,0.02,0.03,0.01,0.07,Sports Reference 2025-26,1.4,-1.9,3.3,6.5,0.5,0.049,Jr,,,,,,,,,,,,,tracking,14.0,7.0,0.5,0.215,4.0,1.0,0.25,0.062,16.0,0.312,0.246,31.0,0.258,0.477,5.0,8.0
alabama_aden_holloway,Aden Holloway,alabama,G,Jr,28,795.2,28.4,0.35,470.4,16.8,0.599,0.619,168,0.438,109,0.864,0.104,0.264,0.0,0.005,0.0,0.0,0.001,0.01,0.09,0.14,0.05,0.02,0.0,0.06,Sports Reference 2025-26,8.9,7.6,1.3,21.5,3.5,0.177,Sr,,,,,,,,,,,,,tracking,91.0,50.0,0.549,0.29,54.0,27.0,0.5,0.172,59.0,0.441,0.188,110.0,0.436,0.35,26.0,48.0
alabama_latrell_wrightsell_jr_,Latrell Wrightsell Jr.,alabama,G,Jr,27,737.1,27.3,0.35,356.4,13.2,0.534,0.554,211,0.36,57,0.793,0.072,0.152,0.001,0.005,0.0,0.0,0.001,0.01,0.1,0.07,0.03,0.04,0.0,0.08,Sports Reference 2025-26,6.5,4.1,2.4,15.8,2.2,0.119,Gr,,,,,,,,,,,,,tracking,38.0,20.0,0.526,0.15,34.0,16.0,0.471,0.134,64.0,0.359,0.252,118.0,0.356,0.465,23.0,42.0
alabama_amari_allen,Amari Allen,alabama,F,Jr,32,902.4,28.2,0.35,364.8,11.4,0.533,0.553,138,0.341,102,0.738,0.124,0.274,0.002,0.01,0.0,0.0,0.001,0.05,0.17,0.1,0.04,0.03,0.02,0.09,Sports Reference 2025-26,7.8,4.2,3.6,18.4,3.4,0.149,So,,,,,,,,,,,,,tracking,101.0,59.0,0.584,0.414,17.0,6.0,0.353,0.07,44.0,0.364,0.18,82.0,0.366,0.336,16.0,30.0
alabama_houston_mallette,Houston Mallette,alabama,G,Jr,35,815.5,23.3,0.223,231.0,6.6,0.529,0.549,164,0.355,35,0.886,0.064,0.176,0.003,0.007,0.0,0.0,0.001,0.05,0.08,0.03,0.01,0.02,0.0,0.05,Sports Reference 2025-26,5.3,3.5,1.8,12.6,2.3,0.111,Gr,,,,,,,,,,,,,tracking,18.0,11.0,0.611,0.105,1.0,0.0,0.0,0.006,54.0,0.352,0.314,99.0,0.343,0.576,19.0,34.0
alabama_taylor_bol_bowen,Taylor Bol Bowen,alabama,F,Jr,30,570.0,19.0,0.222,189.0,6.3,0.51,0.53,96,0.302,48,0.796,0.097,0.081,0.002,0.009,0.0,0.001,0.001,0.04,0.1,0.02,0.02,0.01,0.03,0.07,Sports Reference 2025-26,4.7,1.9,2.8,14.0,1.5,0.104,Sr,,,,,,,,,,,,,tracking,35.0,23.0,0.657,0.267,12.0,5.0,0.417,0.092,29.0,0.276,0.221,55.0,0.291,0.42,8.0,16.0
alabama_london_jemison,London Jemison,alabama,F,Jr,33,518.1,15.7,0.218,204.6,6.2,0.541,0.561,89,0.348,53,0.604,0.098,0.066,0.003,0.008,0.0,0.0,0.002,0.03,0.07,0.01,0.02,0.02,0.01,0.06,Sports Reference 2025-26,4.1,1.6,2.4,14.8,1.4,0.108,So,,,,,,,,,,,,,tracking,59.0,35.0,0.593,0.415,3.0,0.0,0.0,0.021,28.0,0.357,0.197,52.0,0.346,0.366,10.0,18.0
alabama_keitenn_bristow,Keitenn Bristow,alabama,F,Jr,10,126.0,12.6,0.17,36.0,3.6,0.379,0.399,9,0.111,15,0.733,0.168,0.105,0.005,0.011,0.001,0.001,0.003,0.15,0.25,0.05,0.08,0.06,0.06,0.28,Sports Reference 2025-26,0.5,-2.7,3.2,12.1,0.3,0.083,Jr,,,,,,,,,,,,,tracking,23.0,11.0,0.478,0.697,1.0,0.0,0.0,0.03,3.0,0.0,0.091,6.0,0.167,0.182,0.0,1.0
alabama_davion_hannah,Davion Hannah,alabama,G,Jr,10,128.0,12.8,0.141,33.0,3.3,0.538,0.558,11,0.364,8,0.625,0.253,0.202,0.001,0.006,0.001,0.0,0.001,0.04,0.15,0.08,0.1,0.07,0.02,0.09,Sports Reference 2025-26,1.1,-2.1,3.2,10.0,0.2,0.048,So,,,,,,,,,,,,,tracking,13.0,7.0,0.538,0.5,2.0,1.0,0.5,0.077,4.0,0.25,0.154,7.0,0.429,0.269,1.0,3.0
alabama_noah_williamson,Noah Williamson,alabama,C,Jr,33,270.6,8.2,0.078,42.9,1.3,0.365,0.385,30,0.167,13,0.643,0.23,0.138,0.003,0.005,0.0,0.001,0.003,0.02,0.02,0.01,0.02,0.01,0.01,0.05,Sports Reference 2025-26,-1.7,-4.8,3.0,4.9,0.2,0.023,Gr,,,,,,,,,,,,,tracking,14.0,9.0,0.643,0.326,3.0,0.0,0.0,0.07,9.0,0.111,0.209,17.0,0.059,0.395,1.0,1.0
arkansas_meleek_thomas,Meleek Thomas,arkansas,G,Jr,37,1128.5,30.5,0.35,577.2,15.6,0.522,0.542,196,0.416,107,0.843,0.067,0.168,0.001,0.005,0.001,0.0,0.001,0.02,0.08,0.07,0.03,0.04,0.01,0.06,Sports Reference 2025-26,7.0,4.8,2.3,19.2,4.0,0.143,So,,,,,,,,,,,,,tracking,103.0,57.0,0.553,0.243,137.0,46.0,0.336,0.324,64.0,0.422,0.151,119.0,0.42,0.281,27.0,50.0
arkansas_trevon_brazile,Trevon Brazile,arkansas,F,Jr,36,1134.0,31.5,0.35,468.0,13.0,0.595,0.615,133,0.341,119,0.717,0.096,0.14,0.002,0.01,0.001,0.001,0.001,0.04,0.16,0.04,0.03,0.04,0.04,0.06,Sports Reference 2025-26,9.3,5.4,3.9,20.9,4.5,0.158,Gr,,,,,,,,,,,,,tracking,125.0,100.0,0.8,0.43,52.0,15.0,0.288,0.179,40.0,0.35,0.137,74.0,0.365,0.254,14.0,27.0
arkansas_billy_richmond_iii,Billy Richmond III,arkansas,F,Jr,37,1021.2,27.6,0.35,414.4,11.2,0.588,0.608,59,0.259,74,0.784,0.117,0.195,0.002,0.006,0.0,0.001,0.001,0.04,0.08,0.05,0.03,0.03,0.02,0.06,Sports Reference 2025-26,6.7,3.8,2.9,18.2,3.4,0.132,Jr,,,,,,,,,,,,,tracking,155.0,114.0,0.735,0.564,67.0,26.0,0.388,0.244,19.0,0.263,0.069,34.0,0.235,0.124,5.0,8.0
arkansas_malique_ewin,Malique Ewin,arkansas,F,Jr,37,777.0,21.0,0.314,362.6,9.8,0.597,0.617,4,0.75,133,0.739,0.137,0.114,0.005,0.008,0.0,0.001,0.002,0.08,0.08,0.03,0.03,0.02,0.03,0.06,Sports Reference 2025-26,6.9,4.8,2.0,23.4,3.5,0.181,Gr,,,,,,,,,,,,,tracking,148.0,100.0,0.676,0.747,46.0,14.0,0.304,0.232,1.0,1.0,0.005,3.0,0.667,0.015,1.0,2.0
arkansas_d_j_wagner,D.J. Wagner,arkansas,G,Jr,35,826.0,23.6,0.266,259.0,7.4,0.517,0.537,108,0.346,60,0.724,0.094,0.322,0.0,0.004,0.0,0.0,0.001,0.0,0.05,0.07,0.02,0.03,0.01,0.05,Sports Reference 2025-26,3.7,1.3,2.4,12.4,1.9,0.092,Sr,,,,,,,,,,,,,tracking,73.0,42.0,0.575,0.372,23.0,6.0,0.261,0.117,35.0,0.371,0.179,65.0,0.354,0.332,13.0,23.0
arkansas_nick_pringle,Nick Pringle,arkansas,F,Jr,35,661.5,18.9,0.144,161.0,4.6,0.729,0.72,0,0.0,66,0.559,0.198,0.149,0.003,0.007,0.0,0.0,0.002,0.04,0.07,0.02,0.02,0.01,0.01,0.08,Sports Reference 2025-26,2.1,0.0,2.0,12.1,1.7,0.101,Gr,,,,,,,,,,,,,tracking,78.0,59.0,0.756,0.951,4.0,0.0,0.0,0.049,0.0,,0.0,0.0,,0.0,0.0,0.0
auburn_keyshawn_hall,Keyshawn Hall,auburn,G,Jr,36,1209.6,33.6,0.35,694.8,19.3,0.522,0.542,169,0.379,266,0.857,0.138,0.143,0.002,0.009,0.0,0.0,0.001,0.05,0.15,0.07,0.07,0.02,0.02,0.07,Sports Reference 2025-26,7.5,6.5,1.0,22.8,5.0,0.164,Gr,,,,,,,,,,,,,tracking,176.0,93.0,0.528,0.457,65.0,24.0,0.369,0.169,50.0,0.38,0.13,94.0,0.383,0.244,19.0,36.0
auburn_tahaad_pettiford,Tahaad Pettiford,auburn,G,Jr,38,1227.4,32.3,0.35,585.2,15.4,0.466,0.486,251,0.29,144,0.825,0.129,0.223,0.0,0.004,0.0,0.0,0.001,0.01,0.07,0.1,0.06,0.03,0.02,0.06,Sports Reference 2025-26,3.7,2.9,0.8,15.8,2.8,0.091,Jr,,,,,,,,,,,,,tracking,121.0,69.0,0.57,0.276,104.0,42.0,0.404,0.237,75.0,0.293,0.171,139.0,0.302,0.317,22.0,42.0
auburn_kevin_overton,Kevin Overton,auburn,G,Jr,38,1204.6,31.7,0.35,535.8,14.1,0.572,0.592,232,0.413,122,0.86,0.081,0.106,0.001,0.004,0.0,0.0,0.001,0.02,0.07,0.03,0.03,0.03,0.01,0.06,Sports Reference 2025-26,5.7,4.3,1.4,17.0,4.0,0.132,Sr,,,,,,,,,,,,,tracking,68.0,40.0,0.588,0.21,67.0,26.0,0.388,0.207,66.0,0.394,0.204,123.0,0.382,0.38,26.0,47.0
auburn_keshawn_murphy,KeShawn Murphy,auburn,F,Jr,31,740.9,23.9,0.338,331.7,10.7,0.589,0.609,40,0.317,90,0.733,0.095,0.137,0.004,0.009,0.001,0.001,0.001,0.08,0.13,0.04,0.03,0.03,0.03,0.06,Sports Reference 2025-26,9.2,6.6,2.6,24.9,3.3,0.181,Gr,,,,,,,,,,,,,tracking,132.0,88.0,0.667,0.587,52.0,25.0,0.481,0.231,14.0,0.357,0.062,27.0,0.296,0.12,5.0,8.0
auburn_filip_jovic,Filip Jovic,auburn,F,Jr,37,677.1,18.3,0.203,233.1,6.3,0.64,0.66,4,0.0,100,0.545,0.123,0.105,0.004,0.006,0.0,0.0,0.002,0.05,0.05,0.02,0.02,0.02,0.01,0.06,Sports Reference 2025-26,3.1,1.9,1.3,17.6,2.1,0.123,So,,,,,,,,,,,,,tracking,95.0,64.0,0.674,0.95,2.0,0.0,0.0,0.02,1.0,0.0,0.01,2.0,0.0,0.02,0.0,0.0
auburn_kaden_magwood,Kaden Magwood,auburn,G,Jr,20,216.0,10.8,0.156,72.0,3.6,0.457,0.477,36,0.278,8,0.875,0.16,0.35,0.001,0.004,0.001,0.0,0.001,0.01,0.03,0.09,0.03,0.03,0.01,0.06,Sports Reference 2025-26,0.1,-0.2,0.3,12.6,0.4,0.07,So,,,,,,,,,,,,,tracking,12.0,5.0,0.417,0.226,16.0,8.0,0.5,0.302,9.0,0.222,0.17,16.0,0.312,0.302,2.0,5.0
florida_thomas_haugh,Thomas Haugh,florida,F,Jr,34,1132.2,33.3,0.35,581.4,17.1,0.533,0.553,177,0.326,201,0.774,0.094,0.132,0.003,0.007,0.0,0.001,0.001,0.06,0.12,0.06,0.04,0.03,0.03,0.07,Sports Reference 2025-26,11.0,6.6,4.4,20.8,5.9,0.208,Sr,,,,,,,,,,,,,tracking,171.0,107.0,0.626,0.452,36.0,12.0,0.333,0.095,60.0,0.333,0.159,111.0,0.324,0.294,20.0,36.0
florida_alex_condon,Alex Condon,florida,F,Jr,34,1037.0,30.5,0.35,513.4,15.1,0.569,0.589,54,0.17,194,0.649,0.161,0.241,0.003,0.009,0.0,0.001,0.001,0.07,0.15,0.11,0.07,0.02,0.04,0.08,Sports Reference 2025-26,10.8,5.3,5.4,21.9,5.0,0.192,Sr,,,,,,,,,,,,,tracking,189.0,124.0,0.656,0.589,76.0,43.0,0.566,0.237,20.0,0.2,0.062,36.0,0.167,0.112,4.0,6.0
florida_boogie_fland,Boogie Fland,florida,G,Jr,35,1050.0,30.0,0.35,406.0,11.6,0.492,0.512,126,0.24,112,0.726,0.129,0.282,0.001,0.003,0.001,0.0,0.001,0.02,0.05,0.1,0.05,0.05,0.0,0.06,Sports Reference 2025-26,7.1,1.9,5.2,15.2,4.0,0.152,Jr,,,,,,,,,,,,,tracking,106.0,72.0,0.679,0.335,92.0,38.0,0.413,0.291,41.0,0.244,0.13,77.0,0.234,0.244,10.0,18.0
florida_xaivian_lee,Xaivian Lee,florida,G,Jr,35,959.0,27.4,0.35,406.0,11.6,0.504,0.524,196,0.292,84,0.765,0.136,0.337,0.001,0.007,0.001,0.0,0.001,0.01,0.09,0.12,0.05,0.03,0.0,0.05,Sports Reference 2025-26,8.0,3.4,4.6,16.4,3.9,0.165,Gr,,,,,,,,,,,,,tracking,106.0,69.0,0.651,0.33,29.0,10.0,0.345,0.09,65.0,0.292,0.202,121.0,0.281,0.377,19.0,34.0
florida_rueben_chinyelu,Rueben Chinyelu,florida,C,Jr,35,857.5,24.5,0.35,381.5,10.9,0.584,0.604,4,0.0,119,0.695,0.146,0.068,0.006,0.016,0.0,0.001,0.002,0.11,0.21,0.02,0.04,0.02,0.03,0.08,Sports Reference 2025-26,8.6,4.6,4.0,24.1,4.6,0.216,Sr,,,,,,,,,,,,,tracking,167.0,112.0,0.671,0.679,74.0,31.0,0.419,0.301,2.0,0.0,0.008,3.0,0.333,0.012,0.0,1.0
florida_urban_klavzar,Urban Klavzar,florida,G,Jr,35,724.5,20.7,0.296,336.0,9.6,0.596,0.616,175,0.406,63,0.903,0.096,0.157,0.001,0.003,0.0,0.0,0.001,0.01,0.04,0.04,0.02,0.01,0.0,0.04,Sports Reference 2025-26,8.0,5.0,3.0,15.2,3.2,0.174,Sr,,,,,,,,,,,,,tracking,25.0,18.0,0.72,0.111,31.0,13.0,0.419,0.138,59.0,0.407,0.262,110.0,0.4,0.489,24.0,44.0
florida_isaiah_brown,Isaiah Brown,florida,G,Jr,33,419.1,12.7,0.19,181.5,5.5,0.54,0.56,53,0.346,46,0.733,0.094,0.113,0.003,0.007,0.0,0.0,0.002,0.02,0.05,0.02,0.02,0.01,0.01,0.05,Sports Reference 2025-26,6.9,2.9,4.1,16.9,1.9,0.178,Jr,,,,,,,,,,,,,tracking,77.0,43.0,0.558,0.579,5.0,1.0,0.2,0.038,18.0,0.333,0.135,33.0,0.333,0.248,6.0,11.0
florida_micah_handlogten,Micah Handlogten,florida,C,Jr,34,503.2,14.8,0.145,139.4,4.1,0.637,0.657,0,0.0,27,0.37,0.173,0.173,0.008,0.011,0.0,0.001,0.002,0.09,0.09,0.02,0.02,0.01,0.03,0.06,Sports Reference 2025-26,8.3,3.6,4.7,20.8,2.4,0.188,Gr,,,,,,,,,,,,,tracking,89.0,58.0,0.652,0.947,3.0,1.0,0.333,0.032,1.0,0.0,0.011,1.0,0.0,0.011,0.0,0.0
georgia_blue_cain,Blue Cain,georgia,G,Jr,33,917.4,27.8,0.35,432.3,13.1,0.536,0.556,148,0.3,86,0.907,0.09,0.212,0.002,0.007,0.001,0.0,0.001,0.05,0.11,0.08,0.03,0.04,0.01,0.05,Sports Reference 2025-26,8.0,5.6,2.4,20.8,4.0,0.174,Sr,,,,,,,,,,,,,tracking,133.0,86.0,0.647,0.413,43.0,21.0,0.488,0.134,51.0,0.314,0.158,95.0,0.305,0.295,16.0,29.0
georgia_marcus_millender,Marcus Millender,georgia,G,Jr,33,861.3,26.1,0.35,396.0,12.0,0.556,0.576,158,0.386,82,0.84,0.153,0.347,0.001,0.004,0.0,0.0,0.001,0.02,0.06,0.12,0.05,0.03,0.0,0.05,Sports Reference 2025-26,5.6,4.7,0.8,17.9,3.2,0.147,Sr,,,,,,,,,,,,,tracking,84.0,49.0,0.583,0.302,45.0,20.0,0.444,0.162,52.0,0.404,0.187,97.0,0.392,0.349,21.0,38.0
georgia_kanon_catchings,Kanon Catchings,georgia,F,Jr,32,745.6,23.3,0.35,371.2,11.6,0.532,0.552,182,0.376,64,0.651,0.102,0.102,0.002,0.008,0.0,0.0,0.001,0.04,0.11,0.04,0.04,0.03,0.01,0.06,Sports Reference 2025-26,5.1,4.3,0.8,17.2,2.4,0.127,Jr,,,,,,,,,,,,,tracking,58.0,37.0,0.638,0.195,64.0,26.0,0.406,0.215,62.0,0.387,0.208,114.0,0.386,0.383,24.0,44.0
georgia_jordan_ross,Jordan Ross,georgia,G,Jr,32,668.8,20.9,0.247,214.4,6.7,0.463,0.483,42,0.31,96,0.779,0.13,0.332,0.001,0.005,0.0,0.0,0.001,0.02,0.06,0.07,0.03,0.02,0.0,0.06,Sports Reference 2025-26,2.1,0.4,1.7,12.9,1.9,0.111,Sr,,,,,,,,,,,,,tracking,79.0,40.0,0.506,0.541,26.0,8.0,0.308,0.178,14.0,0.357,0.096,27.0,0.296,0.185,5.0,8.0
georgia_jake_wilkins,Jake Wilkins,georgia,F,Jr,32,326.4,10.2,0.17,156.8,4.9,0.517,0.537,58,0.211,48,0.776,0.105,0.084,0.003,0.006,0.001,0.001,0.001,0.02,0.03,0.01,0.02,0.02,0.01,0.03,Sports Reference 2025-26,5.2,3.0,2.2,20.2,1.2,0.15,So,,,,,,,,,,,,,tracking,55.0,39.0,0.709,0.487,3.0,2.0,0.667,0.027,19.0,0.211,0.168,36.0,0.222,0.319,4.0,8.0
georgia_kareem_stagg,Kareem Stagg,georgia,F,Jr,33,422.4,12.8,0.165,158.4,4.8,0.575,0.595,50,0.3,46,0.756,0.173,0.13,0.002,0.007,0.0,0.001,0.001,0.02,0.05,0.02,0.02,0.01,0.01,0.03,Sports Reference 2025-26,3.2,1.6,1.6,15.0,1.2,0.115,So,,,,,,,,,,,,,tracking,45.0,33.0,0.733,0.441,9.0,4.0,0.444,0.088,17.0,0.294,0.167,31.0,0.323,0.304,5.0,10.0
georgia_dylan_james,Dylan James,georgia,F,Jr,33,495.0,15.0,0.19,148.5,4.5,0.465,0.485,16,0.059,40,0.756,0.169,0.094,0.004,0.008,0.001,0.001,0.001,0.05,0.07,0.02,0.03,0.02,0.02,0.05,Sports Reference 2025-26,2.0,-0.1,2.1,14.4,1.2,0.098,Sr,,,,,,,,,,,,,tracking,68.0,40.0,0.588,0.54,41.0,16.0,0.39,0.325,6.0,0.0,0.048,11.0,0.091,0.087,0.0,1.0
georgia_justin_bailey,Justin Bailey,georgia,G,Jr,31,387.5,12.5,0.152,130.2,4.2,0.509,0.529,78,0.354,25,0.731,0.094,0.165,0.001,0.005,0.001,0.0,0.002,0.01,0.04,0.02,0.01,0.02,0.0,0.05,Sports Reference 2025-26,1.5,-0.5,2.1,10.8,1.0,0.098,Gr,,,,,,,,,,,,,tracking,19.0,9.0,0.474,0.179,10.0,4.0,0.4,0.094,27.0,0.333,0.255,50.0,0.36,0.472,9.0,18.0
georgia_justin_abson,Justin Abson,georgia,F,Jr,31,356.5,11.5,0.097,89.9,2.9,0.635,0.655,3,0.0,37,0.632,0.183,0.147,0.005,0.011,0.0,0.003,0.001,0.05,0.07,0.01,0.02,0.01,0.05,0.02,Sports Reference 2025-26,8.2,3.1,5.1,21.2,1.4,0.155,Gr,,,,,,,,,,,,,tracking,45.0,31.0,0.689,0.865,5.0,1.0,0.2,0.096,1.0,0.0,0.019,1.0,0.0,0.019,0.0,0.0
kentucky_otega_oweh,Otega Oweh,kentucky,G,Jr,36,1180.8,32.8,0.35,669.6,18.6,0.51,0.53,137,0.333,216,0.731,0.112,0.144,0.001,0.007,0.001,0.0,0.001,0.03,0.11,0.08,0.06,0.05,0.01,0.08,Sports Reference 2025-26,7.4,4.0,3.4,20.4,4.3,0.147,Gr,,,,,,,,,,,,,tracking,206.0,131.0,0.636,0.444,136.0,43.0,0.316,0.293,43.0,0.326,0.093,79.0,0.342,0.17,14.0,27.0
kentucky_malachi_moreno,Malachi Moreno,kentucky,C,Jr,36,813.6,22.6,0.266,280.8,7.8,0.582,0.602,4,0.0,126,0.698,0.175,0.242,0.004,0.009,0.0,0.001,0.001,0.07,0.11,0.05,0.04,0.01,0.04,0.06,Sports Reference 2025-26,7.7,3.5,4.2,20.6,3.3,0.164,So,,,,,,,,,,,,,tracking,125.0,77.0,0.616,0.767,35.0,18.0,0.514,0.215,1.0,0.0,0.006,2.0,0.0,0.012,0.0,0.0
kentucky_kam_williams,Kam Williams,kentucky,G,Jr,24,444.0,18.5,0.196,144.0,6.0,0.579,0.599,79,0.359,22,0.955,0.109,0.182,0.002,0.004,0.0,0.0,0.001,0.03,0.06,0.04,0.02,0.02,0.01,0.07,Sports Reference 2025-26,4.7,2.2,2.5,13.6,1.3,0.121,Jr,,,,,,,,,,,,,tracking,27.0,19.0,0.704,0.26,2.0,1.0,0.5,0.019,26.0,0.346,0.25,49.0,0.347,0.471,9.0,17.0
kentucky_andrija_jelavic,Andrija Jelavic,kentucky,F,Jr,32,499.2,15.6,0.208,176.0,5.5,0.546,0.566,77,0.276,16,0.533,0.137,0.12,0.003,0.01,0.0,0.0,0.001,0.04,0.08,0.02,0.03,0.01,0.01,0.04,Sports Reference 2025-26,4.6,2.5,2.1,15.2,1.3,0.105,So,,,,,,,,,,,,,tracking,52.0,40.0,0.769,0.347,23.0,11.0,0.478,0.153,26.0,0.269,0.173,49.0,0.286,0.327,7.0,14.0
kentucky_brandon_garrison,Brandon Garrison,kentucky,C,Jr,36,586.8,16.3,0.176,169.2,4.7,0.573,0.593,18,0.235,43,0.591,0.203,0.223,0.004,0.009,0.0,0.001,0.002,0.04,0.07,0.03,0.03,0.01,0.02,0.07,Sports Reference 2025-26,4.4,0.2,4.2,15.2,1.7,0.116,Sr,,,,,,,,,,,,,tracking,68.0,45.0,0.662,0.581,32.0,15.0,0.469,0.274,6.0,0.167,0.051,11.0,0.273,0.094,1.0,3.0
kentucky_trent_noah,Trent Noah,kentucky,F,Jr,27,286.2,10.6,0.107,81.0,3.0,0.492,0.512,51,0.333,24,0.826,0.1,0.167,0.002,0.01,0.0,0.0,0.001,0.01,0.07,0.02,0.01,0.01,0.0,0.04,Sports Reference 2025-26,4.7,1.2,3.5,13.1,0.9,0.122,Jr,,,,,,,,,,,,,tracking,7.0,4.0,0.571,0.113,4.0,1.0,0.25,0.065,18.0,0.333,0.29,33.0,0.333,0.532,6.0,11.0
lsu_max_mackinnon,Max Mackinnon,lsu,G,Jr,31,988.9,31.9,0.35,486.7,15.7,0.504,0.524,177,0.376,105,0.877,0.124,0.155,0.001,0.004,0.0,0.0,0.001,0.01,0.07,0.08,0.06,0.02,0.01,0.06,Sports Reference 2025-26,2.6,3.2,-0.6,14.8,2.1,0.086,Gr,,,,,,,,,,,,,tracking,100.0,57.0,0.57,0.265,105.0,37.0,0.352,0.279,60.0,0.383,0.159,112.0,0.375,0.297,23.0,42.0
lsu_michael_nwoko,Michael Nwoko,lsu,C,Jr,32,697.6,21.8,0.35,428.8,13.4,0.61,0.63,3,0.0,154,0.761,0.152,0.068,0.004,0.009,0.0,0.001,0.002,0.07,0.11,0.03,0.06,0.01,0.03,0.1,Sports Reference 2025-26,5.1,4.1,1.0,25.9,3.2,0.182,Jr,,,,,,,,,,,,,tracking,161.0,114.0,0.708,0.66,80.0,36.0,0.45,0.328,1.0,0.0,0.004,2.0,0.0,0.008,0.0,0.0
lsu_marquel_sutton,Marquel Sutton,lsu,F,Jr,32,1001.6,31.3,0.35,419.2,13.1,0.512,0.532,109,0.303,131,0.824,0.081,0.057,0.003,0.009,0.0,0.0,0.001,0.07,0.16,0.02,0.03,0.02,0.01,0.07,Sports Reference 2025-26,3.7,3.7,0.0,17.6,3.3,0.132,Gr,,,,,,,,,,,,,tracking,127.0,76.0,0.598,0.431,61.0,25.0,0.41,0.207,37.0,0.297,0.125,70.0,0.3,0.237,11.0,21.0
lsu_pablo_tamba,Pablo Tamba,lsu,G,Jr,32,918.4,28.7,0.251,252.8,7.9,0.641,0.661,26,0.32,112,0.607,0.142,0.213,0.003,0.009,0.0,0.0,0.001,0.08,0.15,0.05,0.03,0.03,0.02,0.09,Sports Reference 2025-26,5.9,3.2,2.7,17.2,3.1,0.137,Gr,,,,,,,,,,,,,tracking,106.0,75.0,0.708,0.752,11.0,5.0,0.455,0.078,8.0,0.375,0.057,16.0,0.312,0.113,3.0,5.0
lsu_robert_miller_iii,Robert Miller III,lsu,F,Jr,31,598.3,19.3,0.202,189.1,6.1,0.657,0.677,0,0.0,74,0.699,0.212,0.124,0.003,0.007,0.001,0.001,0.002,0.04,0.08,0.02,0.04,0.03,0.05,0.09,Sports Reference 2025-26,5.9,1.2,4.7,17.8,1.9,0.126,Jr,,,,,,,,,,,,,tracking,78.0,55.0,0.705,0.78,21.0,10.0,0.476,0.21,0.0,,0.0,1.0,0.0,0.01,0.0,0.0
lsu_jalen_reece,Jalen Reece,lsu,G,Jr,32,761.6,23.8,0.27,185.6,5.8,0.422,0.442,77,0.299,48,0.723,0.172,0.35,0.0,0.004,0.0,0.0,0.001,0.0,0.05,0.11,0.04,0.03,0.0,0.05,Sports Reference 2025-26,0.6,-0.4,1.0,9.9,0.9,0.05,So,,,,,,,,,,,,,tracking,46.0,23.0,0.5,0.258,54.0,16.0,0.296,0.303,27.0,0.333,0.152,51.0,0.314,0.287,9.0,16.0
lsu_rashad_king,Rashad King,lsu,G,Jr,32,598.4,18.7,0.231,185.6,5.8,0.475,0.495,90,0.295,42,0.786,0.139,0.185,0.001,0.005,0.0,0.0,0.001,0.01,0.05,0.04,0.03,0.02,0.01,0.06,Sports Reference 2025-26,1.6,-0.3,1.9,10.5,0.9,0.061,Gr,,,,,,,,,,,,,tracking,40.0,23.0,0.575,0.258,30.0,14.0,0.467,0.194,30.0,0.3,0.194,55.0,0.309,0.355,9.0,17.0
lsu_pj_carter,PJ Carter,lsu,G,Jr,26,273.0,10.5,0.148,104.0,4.0,0.495,0.515,86,0.337,8,0.857,0.048,0.073,0.001,0.004,0.0,0.0,0.001,0.01,0.03,0.01,0.01,0.01,0.0,0.03,Sports Reference 2025-26,1.4,2.0,-0.6,10.5,0.5,0.07,Gr,,,,,,,,,,,,,tracking,11.0,6.0,0.545,0.111,3.0,0.0,0.0,0.03,30.0,0.333,0.303,55.0,0.345,0.556,10.0,19.0
mississippi_state_josh_hubbard,Josh Hubbard,mississippi_state,G,Jr,32,1065.6,33.3,0.35,707.2,22.1,0.506,0.526,275,0.347,186,0.75,0.106,0.16,0.0,0.004,0.0,0.0,0.001,0.01,0.07,0.11,0.07,0.04,0.0,0.04,Sports Reference 2025-26,6.0,5.8,0.2,20.6,3.0,0.111,Sr,,,,,,,,,,,,,tracking,105.0,64.0,0.61,0.193,171.0,73.0,0.427,0.314,94.0,0.351,0.173,174.0,0.351,0.32,33.0,61.0
mississippi_state_jayden_epps,Jayden Epps,mississippi_state,G,Jr,30,819.0,27.3,0.35,411.0,13.7,0.486,0.506,192,0.306,72,0.808,0.127,0.154,0.0,0.005,0.0,0.0,0.001,0.01,0.08,0.08,0.06,0.02,0.01,0.07,Sports Reference 2025-26,0.9,1.3,-0.4,13.3,1.0,0.05,Gr,,,,,,,,,,,,,tracking,67.0,38.0,0.567,0.194,95.0,44.0,0.463,0.275,64.0,0.312,0.185,120.0,0.3,0.347,20.0,36.0
mississippi_state_ja_borri_mcghee,Ja'Borri McGhee,mississippi_state,G,Jr,32,707.2,22.1,0.337,268.8,8.4,0.507,0.527,83,0.405,61,0.677,0.17,0.201,0.001,0.004,0.0,0.0,0.001,0.01,0.06,0.06,0.05,0.02,0.0,0.06,Sports Reference 2025-26,-0.8,-1.3,0.5,11.0,0.7,0.042,Gr,,,,,,,,,,,,,tracking,61.0,34.0,0.557,0.295,69.0,22.0,0.319,0.333,27.0,0.37,0.13,50.0,0.38,0.242,10.0,19.0
mississippi_state_quincy_ballard,Quincy Ballard,mississippi_state,C,Jr,32,649.6,20.3,0.22,208.0,6.5,0.592,0.612,0,0.0,48,0.688,0.146,0.097,0.003,0.012,0.0,0.001,0.001,0.05,0.14,0.02,0.03,0.01,0.03,0.05,Sports Reference 2025-26,2.7,0.9,1.8,17.3,1.7,0.107,Gr,,,,,,,,,,,,,tracking,89.0,61.0,0.685,0.622,54.0,24.0,0.444,0.378,0.0,,0.0,0.0,,0.0,0.0,0.0
mississippi_state_achor_achor,Achor Achor,mississippi_state,F,Jr,32,569.6,17.8,0.25,198.4,6.2,0.482,0.502,64,0.286,58,0.696,0.157,0.057,0.005,0.013,0.0,0.001,0.002,0.07,0.13,0.01,0.03,0.02,0.02,0.06,Sports Reference 2025-26,1.2,0.3,1.0,16.2,1.3,0.089,Gr,,,,,,,,,,,,,tracking,70.0,41.0,0.586,0.427,31.0,11.0,0.355,0.189,22.0,0.273,0.134,41.0,0.293,0.25,6.0,12.0
mississippi_state_shawn_jones_jr_,Shawn Jones Jr.,mississippi_state,G,Jr,31,809.1,26.1,0.234,164.3,5.3,0.48,0.5,71,0.282,31,0.656,0.199,0.229,0.002,0.006,0.001,0.0,0.001,0.04,0.09,0.05,0.04,0.04,0.02,0.07,Sports Reference 2025-26,2.0,-1.5,3.5,10.2,1.0,0.047,Gr,,,,,,,,,,,,,tracking,44.0,28.0,0.636,0.299,33.0,13.0,0.394,0.224,24.0,0.292,0.163,46.0,0.283,0.313,7.0,13.0
mississippi_state_king_grace,King Grace,mississippi_state,G,Jr,24,290.4,12.1,0.18,122.4,5.1,0.516,0.536,48,0.319,29,0.821,0.099,0.08,0.001,0.005,0.0,0.0,0.001,0.01,0.04,0.02,0.02,0.02,0.01,0.05,Sports Reference 2025-26,3.2,1.1,2.1,14.4,0.6,0.086,So,,,,,,,,,,,,,tracking,42.0,24.0,0.571,0.452,6.0,3.0,0.5,0.065,16.0,0.312,0.172,29.0,0.31,0.312,5.0,9.0
mississippi_state_sergej_macura,Sergej Macura,mississippi_state,F,Jr,28,515.2,18.4,0.178,140.0,5.0,0.585,0.605,22,0.286,36,0.432,0.121,0.161,0.003,0.01,0.0,0.0,0.001,0.05,0.12,0.03,0.02,0.01,0.0,0.04,Sports Reference 2025-26,2.8,1.3,1.5,14.3,1.1,0.087,Jr,,,,,,,,,,,,,tracking,53.0,39.0,0.736,0.51,30.0,12.0,0.4,0.288,7.0,0.286,0.067,14.0,0.286,0.135,2.0,4.0
mississippi_state_jamarion_davis_fleming,Jamarion Davis-Fleming,mississippi_state,F,Jr,32,646.4,20.2,0.128,118.4,3.7,0.676,0.696,0,0.0,58,0.339,0.139,0.195,0.004,0.008,0.0,0.001,0.002,0.06,0.09,0.02,0.02,0.01,0.04,0.07,Sports Reference 2025-26,2.7,-0.3,3.0,13.5,1.4,0.088,So,,,,,,,,,,,,,tracking,62.0,47.0,0.758,0.849,10.0,2.0,0.2,0.137,0.0,,0.0,1.0,0.0,0.014,0.0,0.0
missouri_mark_mitchell,Mark Mitchell,missouri,F,Jr,33,1115.4,33.8,0.35,603.9,18.3,0.572,0.592,50,0.388,267,0.669,0.124,0.212,0.002,0.006,0.0,0.0,0.001,0.05,0.11,0.11,0.06,0.02,0.02,0.04,Sports Reference 2025-26,7.7,6.8,0.9,23.1,4.7,0.17,Gr,,,,,,,,,,,,,tracking,209.0,140.0,0.67,0.577,108.0,44.0,0.407,0.298,16.0,0.375,0.044,29.0,0.345,0.08,6.0,10.0
missouri_jayden_stone,Jayden Stone,missouri,G,Jr,26,782.6,30.1,0.35,351.0,13.5,0.593,0.613,130,0.385,86,0.816,0.087,0.164,0.001,0.008,0.0,0.0,0.001,0.03,0.16,0.07,0.04,0.03,0.01,0.06,Sports Reference 2025-26,8.0,6.0,2.0,19.8,3.2,0.165,Gr,,,,,,,,,,,,,tracking,71.0,51.0,0.718,0.316,31.0,10.0,0.323,0.138,43.0,0.372,0.191,80.0,0.388,0.356,16.0,31.0
missouri_trent_pierce,Trent Pierce,missouri,F,Jr,20,568.0,28.4,0.333,208.0,10.4,0.597,0.617,100,0.384,24,0.75,0.086,0.129,0.002,0.005,0.0,0.0,0.001,0.06,0.14,0.06,0.04,0.06,0.01,0.12,Sports Reference 2025-26,6.8,4.2,2.5,15.6,1.8,0.127,Sr,,,,,,,,,,,,,tracking,52.0,37.0,0.712,0.347,5.0,0.0,0.0,0.033,33.0,0.394,0.22,60.0,0.4,0.4,13.0,24.0
missouri_anthony_robinson_ii,Anthony Robinson II,missouri,G,Jr,33,894.3,27.1,0.35,293.7,8.9,0.483,0.503,106,0.314,109,0.67,0.161,0.301,0.001,0.005,0.001,0.0,0.002,0.02,0.07,0.09,0.05,0.05,0.01,0.1,Sports Reference 2025-26,3.3,0.1,3.2,13.9,2.2,0.1,Sr,,,,,,,,,,,,,tracking,64.0,41.0,0.641,0.288,57.0,19.0,0.333,0.257,35.0,0.286,0.158,66.0,0.303,0.297,10.0,20.0
missouri_t_o_barrett,T.O. Barrett,missouri,G,Jr,33,752.4,22.8,0.35,283.8,8.6,0.48,0.5,43,0.205,86,0.791,0.209,0.299,0.001,0.005,0.001,0.0,0.001,0.02,0.06,0.09,0.06,0.04,0.01,0.07,Sports Reference 2025-26,2.6,0.2,2.4,14.8,1.6,0.087,Jr,,,,,,,,,,,,,tracking,139.0,82.0,0.59,0.635,38.0,13.0,0.342,0.174,15.0,0.2,0.068,27.0,0.222,0.123,3.0,6.0
missouri_jacob_crews,Jacob Crews,missouri,G,Jr,33,683.1,20.7,0.246,277.2,8.4,0.616,0.636,129,0.434,59,0.814,0.073,0.029,0.003,0.006,0.0,0.0,0.001,0.04,0.07,0.01,0.02,0.01,0.0,0.05,Sports Reference 2025-26,4.1,4.5,-0.5,16.4,2.4,0.141,Gr,,,,,,,,,,,,,tracking,37.0,26.0,0.703,0.207,18.0,4.0,0.222,0.101,43.0,0.465,0.24,81.0,0.444,0.453,20.0,36.0
missouri_shawn_phillips_jr_,Shawn Phillips Jr.,missouri,F,Jr,31,635.5,20.5,0.279,235.6,7.6,0.683,0.703,0,0.0,71,0.528,0.269,0.077,0.003,0.009,0.0,0.001,0.002,0.05,0.11,0.02,0.07,0.01,0.05,0.1,Sports Reference 2025-26,1.3,-1.5,2.8,16.2,1.3,0.085,Gr,,,,,,,,,,,,,tracking,100.0,79.0,0.79,0.719,39.0,17.0,0.436,0.281,0.0,,0.0,0.0,,0.0,0.0,0.0
missouri_sebastian_mack,Sebastian Mack,missouri,G,Jr,18,293.4,16.3,0.302,126.0,7.0,0.445,0.465,32,0.273,31,0.677,0.13,0.071,0.001,0.003,0.001,0.0,0.001,0.02,0.06,0.03,0.06,0.05,0.01,0.07,Sports Reference 2025-26,-3.9,-4.1,0.2,11.0,0.3,0.038,Sr,,,,,,,,,,,,,tracking,50.0,25.0,0.5,0.424,35.0,14.0,0.4,0.297,12.0,0.25,0.102,21.0,0.286,0.178,3.0,6.0
missouri_jevon_porter,Jevon Porter,missouri,F,Jr,12,210.0,17.5,0.218,74.4,6.2,0.553,0.573,28,0.25,17,0.647,0.114,0.262,0.003,0.008,0.001,0.0,0.001,0.12,0.21,0.13,0.06,0.07,0.02,0.12,Sports Reference 2025-26,4.2,2.9,1.3,19.1,0.8,0.151,Gr,,,,,,,,,,,,,tracking,23.0,18.0,0.783,0.404,6.0,3.0,0.5,0.105,10.0,0.2,0.175,18.0,0.278,0.316,2.0,5.0
missouri_luke_northweather,Luke Northweather,missouri,C,Jr,20,248.0,12.4,0.099,60.0,3.0,0.611,0.631,32,0.419,8,0.571,0.108,0.216,0.003,0.007,0.0,0.0,0.002,0.04,0.07,0.03,0.01,0.01,0.01,0.07,Sports Reference 2025-26,1.5,1.0,0.5,12.5,0.7,0.111,Sr,,,,,,,,,,,,,tracking,12.0,8.0,0.667,0.267,2.0,0.0,0.0,0.044,11.0,0.455,0.244,20.0,0.4,0.444,5.0,8.0
missouri_annor_boateng,Annor Boateng,missouri,G,Jr,15,172.5,11.5,0.16,40.5,2.7,0.375,0.395,20,0.25,16,0.5,0.245,0.067,0.001,0.007,0.0,0.0,0.002,0.03,0.09,0.02,0.07,0.02,0.01,0.09,Sports Reference 2025-26,-6.6,-6.2,-0.4,2.9,-0.1,-0.034,Jr,,,,,,,,,,,,,tracking,22.0,9.0,0.409,0.5,2.0,0.0,0.0,0.045,7.0,0.286,0.159,13.0,0.231,0.295,2.0,3.0
oklahoma_nijel_pack,Nijel Pack,oklahoma,G,Jr,37,1128.5,30.5,0.35,621.6,16.8,0.602,0.622,274,0.447,63,0.857,0.118,0.21,0.001,0.005,0.0,0.0,0.001,0.01,0.07,0.09,0.05,0.02,0.01,0.06,Sports Reference 2025-26,7.7,7.2,0.5,20.2,4.1,0.145,Gr,,,,,,,,,,,,,tracking,42.0,24.0,0.571,0.1,130.0,63.0,0.485,0.308,88.0,0.455,0.209,162.0,0.451,0.384,40.0,73.0
oklahoma_xzayvier_brown,Xzayvier Brown,oklahoma,G,Jr,37,1198.8,32.4,0.35,569.8,15.4,0.526,0.546,181,0.343,118,0.874,0.107,0.22,0.0,0.005,0.0,0.0,0.001,0.01,0.08,0.09,0.04,0.04,0.01,0.05,Sports Reference 2025-26,5.0,3.5,1.5,18.4,3.9,0.129,Sr,,,,,,,,,,,,,tracking,120.0,69.0,0.575,0.301,115.0,56.0,0.487,0.288,57.0,0.368,0.143,107.0,0.355,0.268,21.0,38.0
oklahoma_tae_davis,Tae Davis,oklahoma,F,Jr,37,1095.2,29.6,0.35,481.0,13.0,0.514,0.534,56,0.214,159,0.709,0.141,0.17,0.003,0.007,0.0,0.0,0.001,0.05,0.1,0.06,0.05,0.02,0.01,0.08,Sports Reference 2025-26,2.3,1.9,0.4,17.0,3.0,0.111,Gr,,,,,,,,,,,,,tracking,227.0,136.0,0.599,0.705,45.0,15.0,0.333,0.14,18.0,0.222,0.056,32.0,0.188,0.099,4.0,6.0
oklahoma_derrion_reid,Derrion Reid,oklahoma,F,Jr,37,1017.5,27.5,0.35,432.9,11.7,0.571,0.591,96,0.358,159,0.761,0.097,0.107,0.002,0.006,0.0,0.0,0.001,0.04,0.08,0.03,0.03,0.01,0.01,0.04,Sports Reference 2025-26,4.6,4.3,0.3,18.0,3.5,0.136,Jr,,,,,,,,,,,,,tracking,122.0,79.0,0.648,0.48,42.0,17.0,0.405,0.165,31.0,0.355,0.122,59.0,0.356,0.232,11.0,21.0
oklahoma_kuol_atak,Kuol Atak,oklahoma,F,Jr,24,297.6,12.4,0.21,168.0,7.0,0.634,0.654,103,0.413,10,0.778,0.068,0.034,0.001,0.004,0.0,0.001,0.001,0.01,0.04,0.01,0.02,0.01,0.02,0.04,Sports Reference 2025-26,5.7,6.8,-1.1,19.8,1.0,0.134,So,,,,,,,,,,,,,tracking,11.0,10.0,0.909,0.1,10.0,4.0,0.4,0.091,31.0,0.419,0.282,58.0,0.431,0.527,13.0,25.0
oklahoma_mohamed_wague,Mohamed Wague,oklahoma,F,Jr,37,828.8,22.4,0.234,255.3,6.9,0.604,0.624,4,0.2,130,0.664,0.183,0.199,0.006,0.009,0.0,0.001,0.002,0.09,0.09,0.04,0.03,0.02,0.04,0.08,Sports Reference 2025-26,5.7,2.7,3.0,21.0,3.4,0.163,Gr,,,,,,,,,,,,,tracking,121.0,79.0,0.653,0.91,7.0,2.0,0.286,0.053,2.0,0.0,0.015,3.0,0.333,0.023,0.0,1.0
oklahoma_jadon_jones,Jadon Jones,oklahoma,G,Jr,33,663.3,20.1,0.191,188.1,5.7,0.535,0.555,119,0.356,50,0.729,0.075,0.149,0.001,0.008,0.001,0.001,0.002,0.02,0.08,0.02,0.01,0.04,0.02,0.07,Sports Reference 2025-26,7.0,2.4,4.5,15.1,2.1,0.124,Gr,,,,,,,,,,,,,tracking,14.0,11.0,0.786,0.106,9.0,1.0,0.111,0.068,38.0,0.342,0.288,71.0,0.352,0.538,13.0,25.0
oklahoma_dayton_forsythe,Dayton Forsythe,oklahoma,G,Jr,28,484.4,17.3,0.228,148.4,5.3,0.4,0.42,56,0.281,56,0.86,0.157,0.282,0.001,0.003,0.0,0.0,0.001,0.01,0.04,0.06,0.04,0.02,0.0,0.05,Sports Reference 2025-26,-0.5,-1.2,0.6,10.3,0.7,0.058,Jr,,,,,,,,,,,,,tracking,29.0,12.0,0.414,0.232,39.0,14.0,0.359,0.312,20.0,0.3,0.16,37.0,0.27,0.296,6.0,10.0
oklahoma_kirill_elatontsev,Kirill Elatontsev,oklahoma,C,Jr,23,319.7,13.9,0.124,94.3,4.1,0.615,0.635,32,0.333,25,0.731,0.086,0.172,0.002,0.006,0.001,0.0,0.002,0.03,0.07,0.03,0.01,0.03,0.01,0.07,Sports Reference 2025-26,6.1,3.1,3.0,16.0,1.1,0.136,Gr,,,,,,,,,,,,,tracking,18.0,16.0,0.889,0.305,9.0,5.0,0.556,0.153,11.0,0.364,0.186,21.0,0.333,0.356,4.0,7.0
oklahoma_jeff_nwankwo,Jeff Nwankwo,oklahoma,G,Jr,24,273.6,11.4,0.143,69.6,2.9,0.377,0.397,50,0.235,22,0.5,0.1,0.175,0.001,0.01,0.001,0.0,0.002,0.01,0.08,0.03,0.02,0.02,0.0,0.07,Sports Reference 2025-26,-2.9,-4.1,1.2,7.3,0.2,0.036,Gr,,,,,,,,,,,,,tracking,23.0,10.0,0.435,0.303,3.0,1.0,0.333,0.039,18.0,0.222,0.237,32.0,0.25,0.421,4.0,8.0
ole_miss_aj_storr,AJ Storr,ole_miss,G,Jr,35,920.5,26.3,0.35,542.5,15.5,0.495,0.515,116,0.35,144,0.783,0.096,0.121,0.001,0.005,0.0,0.0,0.001,0.02,0.07,0.05,0.04,0.03,0.0,0.06,Sports Reference 2025-26,4.7,3.7,1.0,19.6,2.5,0.11,Gr,,,,,,,,,,,,,tracking,134.0,82.0,0.612,0.308,184.0,72.0,0.391,0.423,41.0,0.341,0.094,76.0,0.355,0.175,14.0,27.0
ole_miss_malik_dia,Malik Dia,ole_miss,F,Jr,35,850.5,24.3,0.35,507.5,14.5,0.478,0.498,80,0.275,161,0.683,0.097,0.052,0.003,0.009,0.0,0.001,0.001,0.05,0.11,0.02,0.04,0.02,0.02,0.07,Sports Reference 2025-26,2.5,2.1,0.4,20.5,2.2,0.102,Gr,,,,,,,,,,,,,tracking,166.0,101.0,0.608,0.399,169.0,64.0,0.379,0.406,28.0,0.286,0.067,53.0,0.283,0.127,8.0,15.0
ole_miss_ilias_kamardine,Ilias Kamardine,ole_miss,G,Jr,35,1085.0,31.0,0.35,395.5,11.3,0.479,0.499,140,0.293,74,0.764,0.154,0.292,0.001,0.005,0.001,0.0,0.001,0.01,0.09,0.11,0.06,0.04,0.01,0.07,Sports Reference 2025-26,2.8,0.6,2.2,13.8,1.9,0.069,Gr,,,,,,,,,,,,,tracking,62.0,44.0,0.71,0.175,152.0,64.0,0.421,0.429,49.0,0.286,0.138,91.0,0.297,0.257,14.0,27.0
ole_miss_patton_pinkins,Patton Pinkins,ole_miss,G,Jr,35,871.5,24.9,0.281,325.5,9.3,0.559,0.579,102,0.422,77,0.859,0.038,0.114,0.001,0.003,0.0,0.0,0.001,0.02,0.03,0.03,0.01,0.01,0.0,0.04,Sports Reference 2025-26,4.1,3.2,1.0,14.7,2.5,0.116,So,,,,,,,,,,,,,tracking,32.0,21.0,0.656,0.14,96.0,43.0,0.448,0.419,35.0,0.429,0.153,66.0,0.424,0.288,15.0,28.0
ole_miss_kezza_giffa,Kezza Giffa,ole_miss,G,Jr,28,434.0,15.5,0.201,165.2,5.9,0.522,0.542,42,0.372,84,0.824,0.178,0.231,0.0,0.004,0.0,0.0,0.001,0.0,0.04,0.05,0.04,0.02,0.0,0.05,Sports Reference 2025-26,2.7,0.6,2.1,14.8,1.2,0.111,Gr,,,,,,,,,,,,,tracking,26.0,16.0,0.615,0.277,24.0,8.0,0.333,0.255,15.0,0.4,0.16,29.0,0.345,0.309,6.0,10.0
ole_miss_travis_perry,Travis Perry,ole_miss,G,Jr,35,577.5,16.5,0.197,185.5,5.3,0.488,0.508,136,0.353,24,0.88,0.091,0.2,0.0,0.005,0.001,0.0,0.001,0.01,0.04,0.03,0.01,0.02,0.0,0.05,Sports Reference 2025-26,3.6,0.5,3.1,11.9,1.2,0.081,Jr,,,,,,,,,,,,,tracking,10.0,5.0,0.5,0.06,20.0,4.0,0.2,0.12,48.0,0.354,0.289,88.0,0.352,0.53,17.0,31.0
ole_miss_eduardo_klafke,Eduardo Klafke,ole_miss,G,Jr,34,510.0,15.0,0.149,156.4,4.6,0.59,0.61,48,0.426,44,0.744,0.12,0.264,0.002,0.007,0.0,0.0,0.001,0.02,0.06,0.03,0.01,0.02,0.0,0.05,Sports Reference 2025-26,5.2,2.2,3.1,15.6,1.6,0.127,Jr,,,,,,,,,,,,,tracking,15.0,9.0,0.6,0.143,43.0,23.0,0.535,0.41,16.0,0.438,0.152,31.0,0.419,0.295,7.0,13.0
ole_miss_james_scott,James Scott,ole_miss,F,Jr,35,626.5,17.9,0.118,136.5,3.9,0.729,0.72,0,0.0,24,0.5,0.181,0.181,0.003,0.01,0.0,0.001,0.001,0.04,0.09,0.02,0.02,0.01,0.04,0.05,Sports Reference 2025-26,5.4,1.0,4.4,16.8,2.0,0.124,Sr,,,,,,,,,,,,,tracking,85.0,62.0,0.729,1.0,0.0,0.0,,0.0,0.0,,0.0,0.0,,0.0,0.0,0.0
ole_miss_corey_chest,Corey Chest,ole_miss,F,Jr,34,445.4,13.1,0.098,88.4,2.6,0.602,0.622,0,1.0,27,0.481,0.182,0.218,0.004,0.01,0.0,0.001,0.002,0.04,0.07,0.02,0.01,0.01,0.02,0.05,Sports Reference 2025-26,4.2,0.5,3.7,16.1,1.3,0.118,Jr,,,,,,,,,,,,,tracking,51.0,35.0,0.686,0.797,12.0,2.0,0.167,0.188,0.0,,0.0,1.0,1.0,0.016,0.0,1.0
ole_miss_augusto_cassia,Augusto Cassia,ole_miss,F,Jr,31,322.4,10.4,0.084,68.2,2.2,0.491,0.511,16,0.25,19,0.778,0.127,0.212,0.002,0.005,0.0,0.0,0.003,0.02,0.03,0.02,0.01,0.01,0.01,0.06,Sports Reference 2025-26,-0.1,-3.1,3.0,9.6,0.6,0.081,Sr,,,,,,,,,,,,,tracking,18.0,14.0,0.778,0.327,21.0,7.0,0.333,0.382,6.0,0.167,0.109,10.0,0.3,0.182,1.0,3.0
south_carolina_meechie_johnson_jr_,Meechie Johnson Jr.,south_carolina,G,Jr,32,1004.8,31.4,0.35,550.4,17.2,0.49,0.51,179,0.326,214,0.809,0.133,0.249,0.0,0.005,0.0,0.0,0.001,0.01,0.09,0.13,0.07,0.04,0.0,0.07,Sports Reference 2025-26,6.3,4.7,1.7,20.3,3.4,0.134,Gr,,,,,,,,,,,,,tracking,133.0,68.0,0.511,0.346,73.0,33.0,0.452,0.19,62.0,0.323,0.161,116.0,0.328,0.302,20.0,38.0
south_carolina_mike_sharavjamts,Mike Sharavjamts,south_carolina,F,Jr,32,953.6,29.8,0.35,348.8,10.9,0.549,0.569,86,0.341,90,0.876,0.136,0.223,0.002,0.008,0.0,0.001,0.001,0.04,0.13,0.07,0.04,0.02,0.03,0.07,Sports Reference 2025-26,5.3,3.0,2.3,17.5,2.9,0.124,Gr,,,,,,,,,,,,,tracking,111.0,77.0,0.694,0.449,51.0,15.0,0.294,0.206,30.0,0.333,0.121,55.0,0.345,0.223,10.0,19.0
south_carolina_kobe_knox,Kobe Knox,south_carolina,G,Jr,32,960.0,30.0,0.35,345.6,10.8,0.541,0.561,74,0.311,125,0.758,0.126,0.204,0.001,0.005,0.0,0.0,0.001,0.03,0.08,0.07,0.04,0.03,0.01,0.07,Sports Reference 2025-26,3.4,1.4,2.0,15.5,2.6,0.109,Gr,,,,,,,,,,,,,tracking,100.0,66.0,0.66,0.427,60.0,26.0,0.433,0.256,26.0,0.308,0.111,48.0,0.312,0.205,8.0,15.0
south_carolina_elijah_strong,Elijah Strong,south_carolina,F,Jr,32,547.2,17.1,0.35,320.0,10.0,0.493,0.513,96,0.278,58,0.759,0.087,0.087,0.001,0.006,0.0,0.0,0.002,0.02,0.06,0.03,0.03,0.01,0.01,0.07,Sports Reference 2025-26,1.3,1.2,0.1,16.7,1.0,0.075,Sr,,,,,,,,,,,,,tracking,68.0,39.0,0.574,0.245,113.0,58.0,0.513,0.406,34.0,0.265,0.122,63.0,0.286,0.227,9.0,18.0
south_carolina_eli_ellis,Eli Ellis,south_carolina,G,Jr,28,750.4,26.8,0.338,240.8,8.6,0.442,0.462,81,0.28,67,0.879,0.106,0.212,0.001,0.004,0.0,0.0,0.001,0.02,0.07,0.07,0.04,0.03,0.0,0.05,Sports Reference 2025-26,0.7,-0.4,1.1,12.0,1.3,0.069,So,,,,,,,,,,,,,tracking,60.0,32.0,0.533,0.29,64.0,25.0,0.391,0.309,29.0,0.276,0.14,54.0,0.278,0.261,8.0,15.0
south_carolina_myles_stute,Myles Stute,south_carolina,F,Jr,27,631.8,23.4,0.239,151.2,5.6,0.476,0.496,111,0.309,24,0.64,0.149,0.134,0.001,0.007,0.0,0.0,0.001,0.03,0.11,0.03,0.04,0.02,0.01,0.07,Sports Reference 2025-26,-0.4,-1.5,1.1,8.3,0.6,0.04,Gr,,,,,,,,,,,,,tracking,22.0,12.0,0.545,0.154,11.0,5.0,0.455,0.077,38.0,0.316,0.266,72.0,0.306,0.503,12.0,22.0
south_carolina_nordin_kapic,Nordin Kapic,south_carolina,F,Jr,22,237.6,10.8,0.142,85.8,3.9,0.521,0.541,46,0.34,13,0.692,0.101,0.101,0.002,0.007,0.0,0.0,0.002,0.03,0.06,0.02,0.02,0.0,0.0,0.06,Sports Reference 2025-26,0.5,0.5,0.0,12.0,0.4,0.076,Gr,,,,,,,,,,,,,tracking,17.0,8.0,0.471,0.233,9.0,6.0,0.667,0.123,16.0,0.375,0.219,31.0,0.323,0.425,6.0,10.0
south_carolina_grant_polk,Grant Polk,south_carolina,G,Jr,30,387.0,12.9,0.135,114.0,3.8,0.515,0.535,78,0.329,12,0.909,0.053,0.026,0.002,0.003,0.0,0.0,0.001,0.02,0.02,0.0,0.01,0.01,0.0,0.03,Sports Reference 2025-26,0.6,0.5,0.0,9.6,0.6,0.059,So,,,,,,,,,,,,,tracking,13.0,10.0,0.769,0.127,10.0,3.0,0.3,0.098,28.0,0.321,0.275,51.0,0.333,0.5,9.0,17.0
south_carolina_ej_walker,EJ Walker,south_carolina,F,Jr,22,352.0,16.0,0.13,63.8,2.9,0.491,0.511,29,0.241,18,0.471,0.219,0.11,0.002,0.006,0.0,0.0,0.002,0.04,0.08,0.02,0.04,0.01,0.01,0.1,Sports Reference 2025-26,-2.8,-3.9,1.1,5.6,0.2,0.023,So,,,,,,,,,,,,,tracking,25.0,15.0,0.6,0.446,2.0,2.0,1.0,0.036,10.0,0.2,0.179,19.0,0.263,0.339,2.0,5.0
tennessee_ja_kobi_gillespie,Ja'Kobi Gillespie,tennessee,G,Jr,37,1287.6,34.8,0.35,680.8,18.4,0.501,0.521,303,0.338,141,0.814,0.119,0.28,0.001,0.004,0.001,0.0,0.001,0.02,0.06,0.15,0.06,0.06,0.01,0.06,Sports Reference 2025-26,10.9,6.4,4.5,20.3,6.1,0.188,Gr,,,,,,,,,,,,,tracking,140.0,82.0,0.586,0.285,87.0,30.0,0.345,0.177,93.0,0.333,0.189,172.0,0.331,0.35,31.0,57.0
tennessee_felix_okpara,Felix Okpara,tennessee,C,Jr,35,941.5,26.9,0.265,280.0,8.0,0.607,0.627,10,0.364,74,0.635,0.135,0.067,0.004,0.008,0.0,0.001,0.001,0.07,0.11,0.01,0.03,0.01,0.04,0.07,Sports Reference 2025-26,5.5,1.8,3.6,16.3,3.3,0.14,Gr,,,,,,,,,,,,,tracking,121.0,84.0,0.694,0.733,33.0,9.0,0.273,0.2,4.0,0.25,0.024,7.0,0.429,0.042,1.0,3.0
tennessee_jaylen_carey,Jaylen Carey,tennessee,F,Jr,37,684.5,18.5,0.297,273.8,7.4,0.487,0.507,4,0.0,111,0.491,0.108,0.156,0.006,0.01,0.0,0.0,0.001,0.08,0.09,0.04,0.02,0.01,0.0,0.04,Sports Reference 2025-26,4.6,3.2,1.4,18.3,2.4,0.141,Sr,,,,,,,,,,,,,tracking,169.0,91.0,0.538,0.816,33.0,7.0,0.212,0.159,2.0,0.0,0.01,3.0,0.0,0.014,0.0,0.0
tennessee_bishop_boswell,Bishop Boswell,tennessee,G,Jr,34,897.6,26.4,0.254,210.8,6.2,0.522,0.542,78,0.385,71,0.667,0.225,0.35,0.002,0.007,0.001,0.0,0.001,0.04,0.09,0.09,0.05,0.04,0.0,0.08,Sports Reference 2025-26,6.2,0.8,5.4,12.5,2.7,0.12,Jr,,,,,,,,,,,,,tracking,33.0,19.0,0.576,0.243,44.0,18.0,0.409,0.324,21.0,0.381,0.154,38.0,0.395,0.279,8.0,15.0
tennessee_dewayne_brown_ii,DeWayne Brown II,tennessee,F,Jr,35,514.5,14.7,0.17,168.0,4.8,0.586,0.606,0,0.0,46,0.66,0.189,0.189,0.004,0.008,0.0,0.0,0.002,0.04,0.06,0.03,0.03,0.01,0.01,0.05,Sports Reference 2025-26,5.2,1.5,3.7,16.1,1.8,0.137,So,,,,,,,,,,,,,tracking,75.0,48.0,0.64,0.714,30.0,13.0,0.433,0.286,0.0,,0.0,0.0,,0.0,0.0,0.0
tennessee_amari_evans,Amari Evans,tennessee,G,Jr,35,504.0,14.4,0.171,143.5,4.1,0.461,0.481,49,0.22,38,0.575,0.125,0.167,0.003,0.009,0.001,0.0,0.001,0.03,0.07,0.02,0.02,0.03,0.01,0.03,Sports Reference 2025-26,6.7,0.8,6.0,14.5,1.6,0.127,So,,,,,,,,,,,,,tracking,47.0,32.0,0.681,0.42,24.0,7.0,0.292,0.214,14.0,0.286,0.125,27.0,0.222,0.241,4.0,6.0
tennessee_cade_phillips,Cade Phillips,tennessee,F,Jr,10,169.0,16.9,0.138,38.0,3.8,0.654,0.674,0,0.0,13,0.308,0.181,0.103,0.004,0.007,0.0,0.001,0.001,0.18,0.22,0.04,0.07,0.02,0.11,0.17,Sports Reference 2025-26,3.5,-0.2,3.7,13.9,0.5,0.108,Sr,,,,,,,,,,,,,tracking,22.0,15.0,0.682,0.846,4.0,2.0,0.5,0.154,0.0,,0.0,0.0,,0.0,0.0,0.0
tennessee_amaree_abram,Amaree Abram,tennessee,G,Jr,25,262.5,10.5,0.115,80.0,3.2,0.5,0.52,38,0.368,18,0.778,0.094,0.218,0.001,0.005,0.001,0.0,0.001,0.01,0.04,0.03,0.01,0.03,0.0,0.04,Sports Reference 2025-26,6.2,0.3,6.0,13.9,1.0,0.148,Gr,,,,,,,,,,,,,tracking,18.0,8.0,0.444,0.273,10.0,4.0,0.4,0.152,13.0,0.385,0.197,25.0,0.36,0.379,5.0,9.0
tennessee_ethan_burg,Ethan Burg,tennessee,G,Jr,31,334.8,10.8,0.103,77.5,2.5,0.566,0.586,37,0.405,12,0.818,0.243,0.35,0.001,0.004,0.0,0.0,0.002,0.01,0.02,0.04,0.02,0.01,0.0,0.04,Sports Reference 2025-26,2.2,-1.3,3.5,8.2,0.7,0.085,Jr,,,,,,,,,,,,,tracking,16.0,11.0,0.688,0.314,5.0,0.0,0.0,0.098,10.0,0.5,0.196,20.0,0.4,0.392,5.0,8.0
texas_matas_vokietaitis,Matas Vokietaitis,texas,C,Jr,36,936.0,26.0,0.35,561.6,15.6,0.619,0.639,0,0.0,284,0.669,0.151,0.043,0.004,0.009,0.0,0.001,0.002,0.07,0.12,0.02,0.06,0.01,0.03,0.09,Sports Reference 2025-26,4.8,4.1,0.7,24.7,4.2,0.181,Jr,,,,,,,,,,,,,tracking,212.0,148.0,0.698,0.828,44.0,13.0,0.295,0.172,0.0,,0.0,0.0,,0.0,0.0,0.0
texas_tramon_mark,Tramon Mark,texas,G,Jr,36,1018.8,28.3,0.35,504.0,14.0,0.541,0.561,151,0.344,112,0.748,0.09,0.135,0.001,0.005,0.0,0.0,0.001,0.03,0.07,0.05,0.03,0.03,0.01,0.05,Sports Reference 2025-26,6.8,4.9,2.0,19.6,3.7,0.147,Gr,,,,,,,,,,,,,tracking,87.0,59.0,0.678,0.259,119.0,57.0,0.479,0.354,46.0,0.326,0.137,84.0,0.321,0.25,15.0,27.0
texas_jordan_pope,Jordan Pope,texas,G,Jr,36,1047.6,29.1,0.35,471.6,13.1,0.513,0.533,230,0.372,101,0.84,0.071,0.15,0.001,0.003,0.0,0.0,0.001,0.01,0.04,0.05,0.03,0.01,0.0,0.06,Sports Reference 2025-26,3.5,3.5,0.0,14.7,3.2,0.122,Gr,,,,,,,,,,,,,tracking,34.0,20.0,0.588,0.103,98.0,39.0,0.398,0.296,70.0,0.371,0.211,129.0,0.38,0.39,26.0,49.0
texas_camden_heide,Camden Heide,texas,F,Jr,35,787.5,22.5,0.172,206.5,5.9,0.661,0.681,108,0.454,18,0.706,0.083,0.145,0.001,0.005,0.0,0.0,0.001,0.02,0.05,0.02,0.01,0.01,0.0,0.07,Sports Reference 2025-26,4.3,2.7,1.6,11.2,2.1,0.108,Sr,,,,,,,,,,,,,tracking,32.0,20.0,0.625,0.239,4.0,2.0,0.5,0.03,34.0,0.471,0.254,64.0,0.453,0.478,16.0,29.0
texas_chendall_weaver,Chendall Weaver,texas,G,Jr,36,752.4,20.9,0.223,208.8,5.8,0.473,0.493,47,0.217,68,0.714,0.112,0.176,0.003,0.007,0.0,0.0,0.001,0.04,0.08,0.03,0.02,0.02,0.0,0.06,Sports Reference 2025-26,4.5,1.9,2.6,13.7,2.0,0.107,Gr,,,,,,,,,,,,,tracking,76.0,43.0,0.566,0.51,30.0,11.0,0.367,0.201,15.0,0.267,0.101,28.0,0.214,0.188,4.0,6.0
texas_simeon_wilcher,Simeon Wilcher,texas,G,Jr,36,673.2,18.7,0.238,201.6,5.6,0.456,0.476,94,0.337,47,0.917,0.195,0.255,0.001,0.004,0.0,0.0,0.001,0.01,0.04,0.05,0.04,0.02,0.01,0.06,Sports Reference 2025-26,1.8,-0.1,1.9,10.3,1.1,0.068,Sr,,,,,,,,,,,,,tracking,43.0,18.0,0.419,0.267,31.0,12.0,0.387,0.193,30.0,0.367,0.186,57.0,0.351,0.354,11.0,20.0
texas_nic_codie,Nic Codie,texas,F,Jr,24,381.6,15.9,0.16,98.4,4.1,0.506,0.526,14,0.143,26,0.63,0.134,0.178,0.003,0.007,0.0,0.001,0.001,0.04,0.08,0.03,0.02,0.0,0.02,0.05,Sports Reference 2025-26,3.6,1.3,2.3,12.3,0.8,0.085,Jr,,,,,,,,,,,,,tracking,34.0,24.0,0.706,0.507,22.0,7.0,0.318,0.328,4.0,0.0,0.06,7.0,0.143,0.104,0.0,1.0
texas_lassina_traore,Lassina Traore,texas,F,Jr,23,361.1,15.7,0.147,78.2,3.4,0.449,0.469,0,0.0,53,0.66,0.243,0.146,0.005,0.011,0.0,0.0,0.002,0.08,0.14,0.03,0.04,0.02,0.01,0.1,Sports Reference 2025-26,1.6,-0.5,2.1,13.1,0.9,0.1,Gr,,,,,,,,,,,,,tracking,32.0,17.0,0.531,0.653,16.0,5.0,0.312,0.327,0.0,,0.0,1.0,0.0,0.02,0.0,0.0
texas_am_rashaun_agee,Rashaun Agee,texas_am,F,Jr,34,911.2,26.8,0.35,496.4,14.6,0.527,0.547,88,0.264,187,0.75,0.095,0.175,0.004,0.013,0.0,0.001,0.001,0.08,0.18,0.07,0.04,0.03,0.02,0.07,Sports Reference 2025-26,9.5,6.6,3.0,25.1,4.7,0.207,Gr,,,,,,,,,,,,,tracking,186.0,112.0,0.602,0.594,50.0,19.0,0.38,0.16,27.0,0.259,0.086,50.0,0.26,0.16,7.0,13.0
texas_am_rylan_griffen,Rylan Griffen,texas_am,G,Jr,32,832.0,26.0,0.35,358.4,11.2,0.577,0.597,157,0.404,83,0.774,0.142,0.237,0.001,0.004,0.001,0.0,0.001,0.02,0.06,0.08,0.05,0.05,0.01,0.07,Sports Reference 2025-26,7.4,4.0,3.5,17.4,2.8,0.137,Gr,,,,,,,,,,,,,tracking,55.0,30.0,0.545,0.237,30.0,14.0,0.467,0.129,51.0,0.431,0.22,96.0,0.417,0.414,22.0,40.0
texas_am_mackenzie_mgbako,Mackenzie Mgbako,texas_am,F,Jr,7,132.3,18.9,0.35,72.8,10.4,0.492,0.512,35,0.343,17,0.882,0.152,0.117,0.003,0.01,0.0,0.0,0.001,0.2,0.49,0.19,0.24,0.09,0.01,0.29,Sports Reference 2025-26,-1.0,-0.4,-0.6,17.2,0.4,0.114,Sr,,,,,,,,,,,,,tracking,18.0,9.0,0.5,0.305,6.0,2.0,0.333,0.102,12.0,0.333,0.203,23.0,0.348,0.39,4.0,8.0
texas_am_marcus_hill,Marcus Hill,texas_am,G,Jr,34,775.2,22.8,0.35,350.2,10.3,0.511,0.531,65,0.238,116,0.716,0.107,0.155,0.002,0.005,0.001,0.0,0.001,0.04,0.06,0.05,0.03,0.03,0.0,0.06,Sports Reference 2025-26,3.5,1.6,1.8,16.4,2.3,0.121,Gr,,,,,,,,,,,,,tracking,160.0,102.0,0.637,0.656,24.0,7.0,0.292,0.098,21.0,0.238,0.086,39.0,0.256,0.16,5.0,10.0
texas_am_pop_isaacs,Pop Isaacs,texas_am,G,Jr,33,735.9,22.3,0.35,323.4,9.8,0.547,0.567,155,0.396,76,0.76,0.16,0.26,0.001,0.005,0.0,0.0,0.001,0.01,0.07,0.08,0.05,0.02,0.0,0.05,Sports Reference 2025-26,4.4,3.0,1.4,14.4,1.9,0.106,Sr,,,,,,,,,,,,,tracking,44.0,28.0,0.636,0.194,39.0,13.0,0.333,0.172,50.0,0.4,0.22,94.0,0.394,0.414,20.0,37.0
texas_am_zach_clemence,Zach Clemence,texas_am,F,Jr,34,574.6,16.9,0.237,234.6,6.9,0.57,0.59,95,0.4,41,0.78,0.121,0.136,0.003,0.007,0.0,0.0,0.002,0.03,0.06,0.03,0.02,0.02,0.01,0.08,Sports Reference 2025-26,3.8,1.5,2.3,15.1,1.8,0.126,Gr,,,,,,,,,,,,,tracking,54.0,31.0,0.574,0.329,26.0,13.0,0.5,0.159,29.0,0.414,0.177,55.0,0.418,0.335,12.0,23.0
texas_am_jacari_lane,Jacari Lane,texas_am,G,Jr,33,640.2,19.4,0.236,201.3,6.1,0.478,0.498,89,0.303,53,0.868,0.151,0.35,0.002,0.003,0.0,0.0,0.001,0.02,0.03,0.09,0.03,0.02,0.0,0.05,Sports Reference 2025-26,2.4,1.3,1.1,12.9,1.7,0.107,Gr,,,,,,,,,,,,,tracking,60.0,33.0,0.55,0.403,8.0,2.0,0.25,0.054,28.0,0.286,0.188,53.0,0.302,0.356,8.0,16.0
texas_am_josh_holloway,Josh Holloway,texas_am,G,Jr,34,455.6,13.4,0.184,156.4,4.6,0.561,0.581,31,0.4,51,0.692,0.271,0.349,0.001,0.005,0.001,0.0,0.001,0.01,0.04,0.05,0.04,0.02,0.0,0.04,Sports Reference 2025-26,1.9,-0.7,2.6,13.4,1.0,0.087,Sr,,,,,,,,,,,,,tracking,53.0,29.0,0.547,0.564,15.0,7.0,0.467,0.16,9.0,0.333,0.096,17.0,0.353,0.181,3.0,6.0
texas_am_federiko_federiko,Federiko Federiko,texas_am,C,Jr,31,266.6,8.6,0.062,55.8,1.8,0.6,0.62,0,0.0,31,0.469,0.115,0.287,0.004,0.007,0.001,0.001,0.002,0.03,0.04,0.02,0.01,0.01,0.01,0.05,Sports Reference 2025-26,2.0,-1.2,3.2,13.8,0.8,0.127,Gr,,,,,,,,,,,,,tracking,30.0,18.0,0.6,0.968,1.0,0.0,0.0,0.032,0.0,,0.0,0.0,,0.0,0.0,0.0
vanderbilt_tyler_tanner,Tyler Tanner,vanderbilt,G,Jr,36,1206.0,33.5,0.35,702.0,19.5,0.549,0.569,162,0.368,220,0.853,0.107,0.288,0.0,0.005,0.001,0.0,0.001,0.01,0.09,0.14,0.05,0.07,0.01,0.06,Sports Reference 2025-26,12.3,7.7,4.6,25.8,6.6,0.22,Jr,,,,,,,,,,,,,tracking,181.0,116.0,0.641,0.418,103.0,40.0,0.388,0.238,52.0,0.385,0.12,97.0,0.371,0.224,20.0,36.0
vanderbilt_duke_miles,Duke Miles,vanderbilt,G,Jr,28,828.8,29.6,0.35,450.8,16.1,0.513,0.533,137,0.348,151,0.901,0.119,0.297,0.0,0.005,0.001,0.0,0.001,0.01,0.1,0.16,0.06,0.09,0.01,0.09,Sports Reference 2025-26,11.2,5.8,5.3,24.0,4.2,0.205,Gr,,,,,,,,,,,,,tracking,85.0,51.0,0.6,0.294,66.0,26.0,0.394,0.228,48.0,0.375,0.166,90.0,0.367,0.311,18.0,33.0
vanderbilt_tyler_nickel,Tyler Nickel,vanderbilt,F,Jr,36,1101.6,30.6,0.35,486.0,13.5,0.596,0.616,274,0.4,58,0.847,0.06,0.103,0.001,0.005,0.0,0.0,0.001,0.02,0.07,0.03,0.02,0.02,0.01,0.04,Sports Reference 2025-26,7.5,6.0,1.4,16.6,3.8,0.138,Gr,,,,,,,,,,,,,tracking,35.0,27.0,0.771,0.102,49.0,24.0,0.49,0.142,91.0,0.396,0.265,169.0,0.402,0.491,36.0,68.0
vanderbilt_ak_okereke,AK Okereke,vanderbilt,F,Jr,36,943.2,26.2,0.319,345.6,9.6,0.565,0.585,101,0.4,101,0.775,0.123,0.224,0.002,0.005,0.0,0.0,0.002,0.03,0.07,0.06,0.03,0.01,0.02,0.09,Sports Reference 2025-26,5.2,3.0,2.2,15.0,3.1,0.133,Gr,,,,,,,,,,,,,tracking,81.0,50.0,0.617,0.36,49.0,24.0,0.49,0.218,33.0,0.364,0.147,62.0,0.371,0.276,12.0,23.0
vanderbilt_devin_mcglockton,Devin McGlockton,vanderbilt,F,Jr,36,910.8,25.3,0.304,342.0,9.5,0.612,0.632,94,0.301,58,0.732,0.118,0.141,0.004,0.009,0.0,0.0,0.002,0.07,0.12,0.03,0.03,0.01,0.02,0.09,Sports Reference 2025-26,5.0,3.5,1.5,18.0,3.6,0.159,Gr,,,,,,,,,,,,,tracking,122.0,92.0,0.754,0.515,21.0,9.0,0.429,0.089,33.0,0.303,0.139,61.0,0.295,0.257,10.0,18.0
vanderbilt_jalen_washington,Jalen Washington,vanderbilt,F,Jr,36,741.6,20.6,0.279,320.4,8.9,0.588,0.608,32,0.294,115,0.741,0.115,0.115,0.004,0.01,0.0,0.001,0.002,0.06,0.1,0.03,0.03,0.02,0.04,0.07,Sports Reference 2025-26,7.1,4.0,3.1,22.1,3.5,0.189,Gr,,,,,,,,,,,,,tracking,116.0,79.0,0.681,0.601,41.0,18.0,0.439,0.212,13.0,0.308,0.067,23.0,0.261,0.119,4.0,6.0
vanderbilt_frankie_collins,Frankie Collins,vanderbilt,G,Jr,9,188.1,20.9,0.35,70.2,7.8,0.418,0.438,16,0.25,36,0.667,0.219,0.35,0.001,0.01,0.001,0.0,0.002,0.07,0.41,0.52,0.24,0.27,0.01,0.3,Sports Reference 2025-26,5.9,-0.5,6.4,19.1,0.6,0.136,Gr,,,,,,,,,,,,,tracking,31.0,15.0,0.484,0.564,1.0,1.0,1.0,0.018,8.0,0.25,0.145,15.0,0.2,0.273,2.0,3.0
vanderbilt_tyler_harris,Tyler Harris,vanderbilt,G,Jr,30,384.0,12.8,0.216,165.0,5.5,0.478,0.498,81,0.288,30,0.533,0.066,0.05,0.002,0.007,0.0,0.001,0.001,0.02,0.06,0.01,0.01,0.01,0.02,0.03,Sports Reference 2025-26,0.2,0.2,0.0,14.1,0.8,0.081,Sr,,,,,,,,,,,,,tracking,34.0,23.0,0.676,0.218,37.0,16.0,0.432,0.237,30.0,0.267,0.192,55.0,0.291,0.353,8.0,16.0
vanderbilt_chandler_bing,Chandler Bing,vanderbilt,G,Jr,36,532.8,14.8,0.133,129.6,3.6,0.539,0.559,40,0.289,50,0.635,0.161,0.108,0.002,0.003,0.0,0.0,0.001,0.02,0.02,0.01,0.02,0.01,0.01,0.04,Sports Reference 2025-26,2.2,0.5,1.6,8.7,0.9,0.071,So,,,,,,,,,,,,,tracking,40.0,27.0,0.675,0.471,6.0,2.0,0.333,0.071,14.0,0.286,0.165,25.0,0.28,0.294,4.0,7.0
arizona_jaden_bradley,Jaden Bradley,arizona,G,Jr,39,1193.4,30.6,0.35,518.7,13.3,0.499,0.519,66,0.394,187,0.809,0.129,0.333,0.001,0.005,0.001,0.0,0.001,0.01,0.07,0.11,0.04,0.04,0.0,0.05,Sports Reference 2025-26,9.0,3.7,5.3,18.1,5.5,0.184,Gr,,,,,,,,,,,,,tracking,109.0,54.0,0.495,0.336,157.0,72.0,0.459,0.485,20.0,0.4,0.062,38.0,0.395,0.117,8.0,15.0
arizona_ivan_kharchenkov,Ivan Kharchenkov,arizona,F,Jr,39,1107.6,28.4,0.35,405.6,10.4,0.546,0.566,105,0.317,101,0.723,0.144,0.22,0.002,0.006,0.001,0.0,0.001,0.03,0.08,0.06,0.04,0.04,0.01,0.04,Sports Reference 2025-26,9.3,3.7,5.5,16.0,4.4,0.159,So,,,,,,,,,,,,,tracking,108.0,73.0,0.676,0.412,62.0,26.0,0.419,0.237,32.0,0.312,0.122,60.0,0.333,0.229,10.0,20.0
arizona_motiejus_krivas,Motiejus Krivas,arizona,C,Jr,39,990.6,25.4,0.335,405.6,10.4,0.577,0.597,12,0.308,168,0.78,0.149,0.117,0.005,0.011,0.0,0.001,0.001,0.08,0.13,0.03,0.04,0.02,0.05,0.07,Sports Reference 2025-26,10.9,5.0,5.9,23.2,5.6,0.227,Sr,,,,,,,,,,,,,tracking,107.0,67.0,0.626,0.514,89.0,50.0,0.562,0.428,4.0,0.25,0.019,8.0,0.375,0.038,1.0,3.0
arizona_tobe_awaka,Tobe Awaka,arizona,F,Jr,39,811.2,20.8,0.299,362.7,9.3,0.599,0.619,12,0.417,148,0.642,0.119,0.096,0.007,0.015,0.0,0.001,0.002,0.09,0.14,0.02,0.03,0.01,0.02,0.07,Sports Reference 2025-26,8.6,5.3,3.2,24.1,4.9,0.239,Gr,,,,,,,,,,,,,tracking,143.0,92.0,0.643,0.741,40.0,18.0,0.45,0.207,4.0,0.5,0.021,6.0,0.5,0.031,2.0,3.0
arizona_anthony_dell_orso,Anthony Dell'Orso,arizona,G,Jr,39,819.0,21.0,0.323,331.5,8.5,0.496,0.516,148,0.333,66,0.831,0.133,0.199,0.0,0.005,0.0,0.0,0.001,0.0,0.05,0.05,0.03,0.02,0.01,0.03,Sports Reference 2025-26,6.7,2.4,4.3,13.4,2.8,0.135,Gr,,,,,,,,,,,,,tracking,56.0,34.0,0.607,0.218,64.0,27.0,0.422,0.249,48.0,0.333,0.187,89.0,0.326,0.346,16.0,29.0
arizona_state_anthony_johnson,Anthony Johnson,arizona_state,G,Jr,33,821.7,24.9,0.35,435.6,13.2,0.497,0.517,79,0.329,182,0.761,0.159,0.123,0.001,0.006,0.001,0.0,0.001,0.02,0.08,0.05,0.07,0.04,0.01,0.07,Sports Reference 2025-26,4.5,1.9,2.5,17.8,2.0,0.1,Gr,,,,,,,,,,,,,tracking,180.0,101.0,0.561,0.596,43.0,10.0,0.233,0.142,28.0,0.321,0.093,51.0,0.333,0.169,9.0,17.0
arizona_state_santiago_trouet,Santiago Trouet,arizona_state,F,Jr,31,793.6,25.6,0.31,251.1,8.1,0.461,0.481,25,0.208,84,0.783,0.115,0.104,0.004,0.008,0.0,0.0,0.001,0.08,0.12,0.03,0.03,0.02,0.02,0.06,Sports Reference 2025-26,2.9,1.4,1.4,15.0,1.9,0.095,Jr,,,,,,,,,,,,,tracking,95.0,55.0,0.579,0.468,84.0,31.0,0.369,0.414,8.0,0.25,0.039,16.0,0.188,0.079,2.0,3.0
arizona_state_bryce_ford,Bryce Ford,arizona_state,G,Jr,27,604.8,22.4,0.26,186.3,6.9,0.473,0.493,103,0.314,35,0.829,0.083,0.11,0.001,0.003,0.0,0.0,0.001,0.01,0.05,0.03,0.02,0.01,0.0,0.06,Sports Reference 2025-26,-0.2,-0.8,0.5,8.4,0.7,0.047,Sr,,,,,,,,,,,,,tracking,27.0,16.0,0.593,0.164,36.0,14.0,0.389,0.218,36.0,0.306,0.218,66.0,0.318,0.4,11.0,21.0
arizona_state_andrija_grbovic,Andrija Grbovic,arizona_state,F,Jr,33,653.4,19.8,0.244,224.4,6.8,0.519,0.539,122,0.35,40,0.789,0.088,0.059,0.002,0.006,0.0,0.0,0.002,0.02,0.06,0.01,0.02,0.02,0.01,0.07,Sports Reference 2025-26,1.6,0.6,0.9,11.0,1.2,0.074,Sr,,,,,,,,,,,,,tracking,46.0,26.0,0.565,0.245,19.0,7.0,0.368,0.101,43.0,0.349,0.229,80.0,0.35,0.426,15.0,28.0
arizona_state_noah_meeusen,Noah Meeusen,arizona_state,G,Jr,30,819.0,27.3,0.243,177.0,5.9,0.49,0.51,99,0.31,42,0.829,0.191,0.35,0.001,0.005,0.001,0.0,0.001,0.02,0.08,0.09,0.04,0.05,0.01,0.07,Sports Reference 2025-26,3.8,0.3,3.5,10.7,1.4,0.068,Jr,,,,,,,,,,,,,tracking,27.0,19.0,0.704,0.185,19.0,6.0,0.316,0.13,35.0,0.314,0.24,65.0,0.308,0.445,11.0,20.0
arizona_state_marcus_adams_jr_,Marcus Adams Jr.,arizona_state,F,Jr,14,163.8,11.7,0.143,50.4,3.6,0.439,0.459,27,0.296,20,0.7,0.125,0.05,0.001,0.009,0.0,0.0,0.002,0.03,0.14,0.01,0.04,0.01,0.02,0.1,Sports Reference 2025-26,-0.8,-1.9,1.1,9.5,0.2,0.055,Sr,,,,,,,,,,,,,tracking,8.0,5.0,0.625,0.195,6.0,1.0,0.167,0.146,9.0,0.333,0.22,18.0,0.278,0.439,3.0,5.0
baylor_obi_agbim,Obi Agbim,baylor,G,Jr,33,1098.9,33.3,0.35,353.1,10.7,0.497,0.517,218,0.356,40,0.854,0.097,0.274,0.001,0.004,0.0,0.0,0.001,0.02,0.07,0.09,0.03,0.02,0.0,0.07,Sports Reference 2025-26,3.0,2.0,1.0,11.3,2.5,0.09,Gr,,,,,,,,,,,,,tracking,18.0,9.0,0.5,0.06,79.0,31.0,0.392,0.262,71.0,0.352,0.236,133.0,0.353,0.442,25.0,47.0
baylor_isaac_williams,Isaac Williams,baylor,G,Jr,34,850.0,25.0,0.349,353.6,10.4,0.615,0.635,51,0.471,99,0.684,0.164,0.338,0.001,0.004,0.0,0.0,0.002,0.01,0.05,0.1,0.05,0.02,0.01,0.09,Sports Reference 2025-26,4.6,2.6,2.0,17.2,2.9,0.134,Jr,,,,,,,,,,,,,tracking,87.0,59.0,0.678,0.394,87.0,43.0,0.494,0.394,16.0,0.5,0.072,31.0,0.484,0.14,8.0,15.0
baylor_daniel_skillings_jr_,Daniel Skillings Jr.,baylor,G,Jr,29,739.5,25.5,0.35,272.6,9.4,0.496,0.516,75,0.297,72,0.712,0.12,0.2,0.003,0.008,0.0,0.0,0.001,0.07,0.13,0.07,0.04,0.03,0.0,0.07,Sports Reference 2025-26,3.5,2.5,1.1,16.6,2.2,0.121,Gr,,,,,,,,,,,,,tracking,92.0,53.0,0.576,0.428,52.0,20.0,0.385,0.242,25.0,0.28,0.116,46.0,0.304,0.214,7.0,14.0
baylor_michael_rataj,Michael Rataj,baylor,F,Jr,34,785.4,23.1,0.306,244.8,7.2,0.452,0.472,54,0.218,82,0.707,0.164,0.199,0.003,0.006,0.0,0.0,0.001,0.06,0.08,0.05,0.04,0.01,0.01,0.06,Sports Reference 2025-26,0.8,0.5,0.3,12.9,1.6,0.082,Gr,,,,,,,,,,,,,tracking,54.0,32.0,0.593,0.267,93.0,43.0,0.462,0.46,19.0,0.211,0.094,36.0,0.222,0.178,4.0,8.0
baylor_caden_powell,Caden Powell,baylor,F,Jr,34,829.6,24.4,0.219,234.6,6.9,0.672,0.692,3,0.0,95,0.667,0.179,0.212,0.004,0.008,0.0,0.001,0.001,0.08,0.11,0.04,0.03,0.01,0.03,0.08,Sports Reference 2025-26,5.2,3.1,2.1,17.6,2.9,0.141,Gr,,,,,,,,,,,,,tracking,72.0,51.0,0.708,0.6,46.0,29.0,0.63,0.383,1.0,0.0,0.008,1.0,0.0,0.008,0.0,0.0
byu_robert_wright_iii,Robert Wright III,byu,G,Jr,35,1218.0,34.8,0.35,633.5,18.1,0.526,0.546,140,0.41,144,0.821,0.123,0.257,0.001,0.004,0.0,0.0,0.001,0.03,0.07,0.13,0.06,0.03,0.0,0.05,Sports Reference 2025-26,6.9,5.4,1.5,19.9,4.7,0.154,Jr,,,,,,,,,,,,,tracking,163.0,92.0,0.564,0.354,168.0,69.0,0.411,0.364,46.0,0.413,0.1,84.0,0.429,0.182,19.0,36.0
byu_richie_saunders,Richie Saunders,byu,G,Jr,25,785.0,31.4,0.35,450.0,18.0,0.593,0.613,170,0.376,110,0.817,0.102,0.133,0.002,0.007,0.001,0.0,0.001,0.08,0.16,0.08,0.06,0.07,0.01,0.09,Sports Reference 2025-26,10.7,7.8,2.9,25.0,4.1,0.21,Gr,,,,,,,,,,,,,tracking,95.0,66.0,0.695,0.318,37.0,17.0,0.459,0.124,58.0,0.379,0.194,109.0,0.376,0.365,22.0,41.0
byu_kennard_davis,Kennard Davis,byu,G,Jr,32,947.2,29.6,0.31,272.0,8.5,0.506,0.526,166,0.321,42,0.75,0.081,0.15,0.001,0.004,0.0,0.0,0.001,0.03,0.06,0.04,0.02,0.03,0.01,0.07,Sports Reference 2025-26,4.1,1.4,2.7,10.9,2.2,0.093,Sr,,,,,,,,,,,,,tracking,38.0,29.0,0.763,0.17,30.0,9.0,0.3,0.134,55.0,0.309,0.246,101.0,0.317,0.451,17.0,32.0
byu_dawson_baker,Dawson Baker,byu,G,Jr,6,118.8,19.8,0.238,45.0,7.5,0.597,0.617,19,0.474,9,0.889,0.12,0.075,0.001,0.004,0.0,0.0,0.001,0.05,0.22,0.08,0.13,0.08,0.0,0.28,Sports Reference 2025-26,2.9,0.9,2.0,12.5,0.3,0.113,Gr,,,,,,,,,,,,,tracking,7.0,3.0,0.429,0.226,5.0,2.0,0.4,0.161,7.0,0.429,0.226,12.0,0.5,0.387,3.0,6.0
byu_keba_keita,Keba Keita,byu,C,Jr,33,745.8,22.6,0.196,204.6,6.2,0.68,0.7,0,0.0,59,0.552,0.146,0.055,0.005,0.011,0.001,0.001,0.001,0.08,0.13,0.01,0.02,0.03,0.05,0.07,Sports Reference 2025-26,8.5,3.7,4.8,20.9,3.2,0.17,Gr,,,,,,,,,,,,,tracking,89.0,68.0,0.764,0.795,22.0,8.0,0.364,0.196,0.0,,0.0,1.0,0.0,0.009,0.0,0.0
byu_aleksej_kosti_,Aleksej Kostić,byu,G,Jr,27,324.0,12.0,0.165,118.8,4.4,0.524,0.544,89,0.367,8,0.875,0.13,0.086,0.0,0.003,0.0,0.0,0.002,0.0,0.03,0.01,0.02,0.01,0.0,0.06,Sports Reference 2025-26,-0.5,-0.9,0.3,7.9,0.5,0.065,So,,,,,,,,,,,,,tracking,8.0,3.0,0.375,0.082,7.0,3.0,0.429,0.072,29.0,0.379,0.299,53.0,0.377,0.546,11.0,20.0
byu_mihailo_boskovic,Mihailo Boskovic,byu,F,Jr,34,408.0,12.0,0.121,102.0,3.0,0.5,0.52,54,0.283,14,0.8,0.178,0.178,0.002,0.006,0.0,0.001,0.002,0.02,0.04,0.02,0.02,0.0,0.01,0.05,Sports Reference 2025-26,1.2,-0.9,2.0,8.9,0.7,0.071,Gr,,,,,,,,,,,,,tracking,21.0,14.0,0.667,0.244,13.0,6.0,0.462,0.151,18.0,0.278,0.209,34.0,0.265,0.395,5.0,9.0
byu_khadim_mboup,Khadim Mboup,byu,F,Jr,34,530.4,15.6,0.113,74.8,2.2,0.507,0.527,14,0.167,27,0.231,0.254,0.127,0.004,0.012,0.0,0.001,0.002,0.05,0.1,0.01,0.02,0.02,0.01,0.06,Sports Reference 2025-26,1.6,-1.4,3.0,10.2,1.0,0.078,So,,,,,,,,,,,,,tracking,45.0,28.0,0.622,0.682,9.0,3.0,0.333,0.136,4.0,0.25,0.061,8.0,0.125,0.121,1.0,1.0
byu_tyler_mrus,Tyler Mrus,byu,F,Jr,27,259.2,9.6,0.078,54.0,2.0,0.458,0.478,46,0.298,11,0.909,0.092,0.138,0.001,0.004,0.0,0.0,0.001,0.01,0.03,0.01,0.01,0.01,0.0,0.03,Sports Reference 2025-26,0.6,-0.6,1.2,7.3,0.5,0.069,Sr,,,,,,,,,,,,,tracking,0.0,0.0,,0.0,1.0,1.0,1.0,0.022,16.0,0.312,0.348,29.0,0.31,0.63,5.0,9.0
byu_abdullah_ahmed,Abdullah Ahmed,byu,C,Jr,20,246.0,12.3,0.063,26.0,1.3,0.5,0.52,0,0.0,12,0.417,0.28,0.227,0.003,0.008,0.0,0.002,0.002,0.05,0.08,0.02,0.03,0.01,0.07,0.09,Sports Reference 2025-26,3.6,-1.4,5.0,9.5,0.4,0.072,Jr,,,,,,,,,,,,,tracking,18.0,9.0,0.5,0.9,2.0,1.0,0.5,0.1,0.0,,0.0,0.0,,0.0,0.0,0.0
cincinnati_baba_miller,Baba Miller,cincinnati,F,Jr,31,988.9,31.9,0.35,403.0,13.0,0.546,0.566,53,0.192,149,0.658,0.165,0.278,0.003,0.014,0.0,0.001,0.001,0.08,0.25,0.12,0.07,0.02,0.04,0.07,Sports Reference 2025-26,9.4,3.7,5.8,21.0,4.6,0.186,Gr,,,,,,,,,,,,,tracking,144.0,103.0,0.715,0.514,84.0,35.0,0.417,0.3,18.0,0.222,0.064,34.0,0.176,0.121,4.0,6.0
cincinnati_day_day_thomas,Day Day Thomas,cincinnati,G,Jr,33,1003.2,30.4,0.35,379.5,11.5,0.484,0.504,188,0.381,79,0.885,0.135,0.279,0.001,0.005,0.0,0.0,0.001,0.02,0.08,0.11,0.05,0.03,0.02,0.07,Sports Reference 2025-26,5.3,1.6,3.6,13.4,3.2,0.129,Gr,,,,,,,,,,,,,tracking,49.0,19.0,0.388,0.152,84.0,29.0,0.345,0.261,66.0,0.379,0.205,123.0,0.382,0.382,25.0,47.0
cincinnati_jizzle_james,Jizzle James,cincinnati,G,Jr,23,687.7,29.9,0.35,250.7,10.9,0.537,0.557,94,0.442,23,0.773,0.146,0.18,0.001,0.003,0.0,0.0,0.001,0.03,0.07,0.09,0.07,0.03,0.01,0.09,Sports Reference 2025-26,3.0,0.4,2.6,10.8,1.6,0.096,Sr,,,,,,,,,,,,,tracking,37.0,22.0,0.595,0.17,86.0,32.0,0.372,0.394,33.0,0.455,0.151,62.0,0.435,0.284,15.0,27.0
cincinnati_jalen_celestine,Jalen Celestine,cincinnati,G,Jr,32,761.6,23.8,0.286,275.2,8.6,0.58,0.6,173,0.405,22,0.652,0.087,0.162,0.002,0.005,0.0,0.0,0.001,0.03,0.07,0.04,0.02,0.03,0.01,0.06,Sports Reference 2025-26,7.8,3.5,4.3,14.4,2.8,0.147,Gr,,,,,,,,,,,,,tracking,21.0,13.0,0.619,0.094,30.0,12.0,0.4,0.134,61.0,0.393,0.272,112.0,0.411,0.5,24.0,46.0
cincinnati_shon_abaev,Shon Abaev,cincinnati,G,Jr,24,381.6,15.9,0.313,168.0,7.0,0.419,0.439,101,0.257,58,0.649,0.137,0.126,0.001,0.008,0.0,0.0,0.001,0.02,0.1,0.05,0.05,0.02,0.01,0.05,Sports Reference 2025-26,0.7,-1.2,1.9,10.7,0.7,0.07,So,,,,,,,,,,,,,tracking,31.0,20.0,0.645,0.199,23.0,6.0,0.261,0.147,36.0,0.25,0.231,66.0,0.258,0.423,9.0,17.0
cincinnati_kerr_kriisa,Kerr Kriisa,cincinnati,G,Jr,19,397.1,20.9,0.252,110.2,5.8,0.481,0.501,97,0.32,11,0.75,0.184,0.35,0.0,0.003,0.0,0.0,0.001,0.01,0.06,0.16,0.07,0.02,0.01,0.04,Sports Reference 2025-26,1.7,-0.1,1.8,9.0,0.9,0.086,Gr,,,,,,,,,,,,,tracking,3.0,2.0,0.667,0.029,5.0,2.0,0.4,0.048,34.0,0.324,0.324,63.0,0.317,0.6,11.0,20.0
cincinnati_sencire_harris,Sencire Harris,cincinnati,G,Jr,31,523.9,16.9,0.252,176.7,5.7,0.405,0.425,34,0.182,81,0.625,0.114,0.213,0.002,0.006,0.001,0.0,0.002,0.03,0.06,0.05,0.03,0.04,0.01,0.07,Sports Reference 2025-26,3.4,-2.2,5.7,13.3,1.6,0.12,Sr,,,,,,,,,,,,,tracking,91.0,48.0,0.527,0.576,34.0,7.0,0.206,0.215,12.0,0.167,0.076,21.0,0.19,0.133,2.0,4.0
cincinnati_keyshuan_tillery,Keyshuan Tillery,cincinnati,G,Jr,31,387.5,12.5,0.184,117.8,3.8,0.444,0.464,46,0.333,31,0.7,0.233,0.35,0.001,0.004,0.0,0.0,0.001,0.01,0.03,0.06,0.04,0.02,0.0,0.03,Sports Reference 2025-26,1.0,-2.3,3.3,9.4,0.7,0.07,So,,,,,,,,,,,,,tracking,38.0,19.0,0.5,0.345,23.0,5.0,0.217,0.209,17.0,0.353,0.155,32.0,0.344,0.291,6.0,11.0
cincinnati_tyler_mckinley,Tyler McKinley,cincinnati,F,Jr,25,305.0,12.2,0.078,45.0,1.8,0.512,0.532,2,0.0,10,0.222,0.184,0.276,0.004,0.005,0.0,0.0,0.002,0.04,0.04,0.02,0.02,0.01,0.01,0.06,Sports Reference 2025-26,1.3,-2.6,3.9,8.4,0.7,0.097,So,,,,,,,,,,,,,tracking,24.0,16.0,0.667,0.585,15.0,5.0,0.333,0.366,1.0,0.0,0.024,1.0,0.0,0.024,0.0,0.0
colorado_barrington_hargress,Barrington Hargress,colorado,G,Jr,33,1072.5,32.5,0.35,485.1,14.7,0.61,0.63,109,0.481,96,0.835,0.096,0.35,0.0,0.003,0.0,0.0,0.001,0.01,0.06,0.14,0.04,0.03,0.0,0.07,Sports Reference 2025-26,5.8,5.0,0.8,19.3,3.9,0.147,Sr,,,,,,,,,,,,,tracking,96.0,61.0,0.635,0.302,119.0,58.0,0.487,0.374,36.0,0.5,0.113,67.0,0.478,0.211,18.0,32.0
colorado_sebastian_rancik,Sebastian Rancik,colorado,F,Jr,29,814.9,28.1,0.35,356.7,12.3,0.48,0.5,119,0.331,128,0.86,0.137,0.161,0.002,0.009,0.0,0.0,0.001,0.04,0.15,0.07,0.06,0.03,0.02,0.08,Sports Reference 2025-26,4.0,2.7,1.3,16.9,2.2,0.109,Jr,,,,,,,,,,,,,tracking,70.0,39.0,0.557,0.275,67.0,25.0,0.373,0.263,41.0,0.341,0.161,77.0,0.325,0.302,14.0,25.0
colorado_bangot_dak,Bangot Dak,colorado,F,Jr,32,822.4,25.7,0.35,368.0,11.5,0.515,0.535,54,0.259,86,0.736,0.111,0.12,0.002,0.01,0.0,0.001,0.001,0.05,0.15,0.04,0.04,0.02,0.05,0.06,Sports Reference 2025-26,4.4,2.6,1.8,20.0,2.4,0.115,Sr,,,,,,,,,,,,,tracking,144.0,92.0,0.639,0.488,97.0,39.0,0.402,0.329,19.0,0.263,0.064,35.0,0.257,0.119,5.0,9.0
colorado_alon_michaeli,Alon Michaeli,colorado,F,Jr,31,542.5,17.5,0.295,220.1,7.1,0.446,0.466,62,0.29,53,0.722,0.121,0.121,0.002,0.009,0.0,0.0,0.001,0.03,0.1,0.03,0.03,0.02,0.01,0.05,Sports Reference 2025-26,0.0,-0.2,0.2,13.4,0.8,0.055,So,,,,,,,,,,,,,tracking,92.0,46.0,0.5,0.479,40.0,12.0,0.3,0.208,21.0,0.286,0.109,39.0,0.308,0.203,6.0,12.0
colorado_jalin_holland,Jalin Holland,colorado,G,Jr,31,542.5,17.5,0.224,151.9,4.9,0.441,0.461,53,0.278,46,0.542,0.16,0.128,0.002,0.005,0.001,0.0,0.002,0.03,0.05,0.03,0.03,0.03,0.01,0.08,Sports Reference 2025-26,-0.9,-2.3,1.5,9.0,0.4,0.028,So,,,,,,,,,,,,,tracking,63.0,33.0,0.524,0.467,23.0,8.0,0.348,0.17,17.0,0.294,0.126,32.0,0.281,0.237,5.0,9.0
colorado_felix_kossaras,Felix Kossaras,colorado,G,Jr,28,459.2,16.4,0.144,128.8,4.6,0.608,0.628,50,0.38,28,0.75,0.124,0.099,0.001,0.003,0.0,0.0,0.001,0.02,0.04,0.01,0.02,0.02,0.01,0.06,Sports Reference 2025-26,1.3,0.2,1.1,10.8,0.9,0.077,Jr,,,,,,,,,,,,,tracking,30.0,20.0,0.667,0.366,6.0,4.0,0.667,0.073,16.0,0.375,0.195,30.0,0.367,0.366,6.0,11.0
colorado_josiah_sanders,Josiah Sanders,colorado,G,Jr,33,590.7,17.9,0.189,145.2,4.4,0.476,0.496,23,0.125,53,0.519,0.151,0.321,0.002,0.005,0.0,0.0,0.001,0.03,0.05,0.05,0.02,0.01,0.0,0.03,Sports Reference 2025-26,0.5,0.2,0.3,10.6,0.8,0.052,So,,,,,,,,,,,,,tracking,72.0,44.0,0.611,0.61,22.0,9.0,0.409,0.186,8.0,0.125,0.068,16.0,0.125,0.136,1.0,2.0
colorado_elijah_malone,Elijah Malone,colorado,C,Jr,30,417.0,13.9,0.168,129.0,4.3,0.523,0.543,15,0.286,21,0.773,0.17,0.149,0.003,0.008,0.0,0.0,0.002,0.04,0.06,0.02,0.03,0.01,0.01,0.08,Sports Reference 2025-26,0.0,-1.4,1.3,13.1,0.8,0.081,Gr,,,,,,,,,,,,,tracking,65.0,35.0,0.538,0.619,26.0,14.0,0.538,0.248,5.0,0.2,0.048,9.0,0.333,0.086,1.0,3.0
colorado_ian_inman,Ian Inman,colorado,G,Jr,22,231.0,10.5,0.146,90.2,4.1,0.551,0.571,59,0.367,9,0.625,0.098,0.098,0.001,0.004,0.0,0.0,0.001,0.01,0.04,0.02,0.02,0.01,0.0,0.04,Sports Reference 2025-26,2.2,2.1,0.1,11.7,0.4,0.065,So,,,,,,,,,,,,,tracking,2.0,2.0,1.0,0.03,11.0,6.0,0.545,0.164,19.0,0.368,0.284,35.0,0.371,0.522,7.0,13.0
houston_emanuel_sharp,Emanuel Sharp,houston,G,Jr,37,1087.8,29.4,0.35,573.5,15.5,0.527,0.547,263,0.372,137,0.891,0.071,0.12,0.001,0.004,0.0,0.0,0.001,0.02,0.06,0.05,0.03,0.03,0.0,0.08,Sports Reference 2025-26,10.7,5.9,4.8,20.0,5.8,0.214,Gr,,,,,,,,,,,,,tracking,49.0,31.0,0.633,0.125,103.0,38.0,0.369,0.263,84.0,0.369,0.214,156.0,0.372,0.398,31.0,58.0
houston_milos_uzan,Milos Uzan,houston,G,Jr,37,1217.3,32.9,0.35,410.7,11.1,0.473,0.493,211,0.343,59,0.741,0.104,0.32,0.0,0.004,0.0,0.0,0.001,0.01,0.06,0.11,0.04,0.03,0.0,0.04,Sports Reference 2025-26,6.4,2.6,3.8,13.3,4.1,0.135,Gr,,,,,,,,,,,,,tracking,52.0,30.0,0.577,0.149,108.0,40.0,0.37,0.31,66.0,0.348,0.19,122.0,0.344,0.351,23.0,42.0
houston_joseph_tugler,Joseph Tugler,houston,F,Jr,37,869.5,23.5,0.296,310.8,8.4,0.578,0.598,0,1.0,74,0.707,0.157,0.157,0.005,0.005,0.001,0.001,0.002,0.08,0.06,0.04,0.04,0.04,0.04,0.08,Sports Reference 2025-26,10.5,3.7,6.9,22.5,4.5,0.206,Sr,,,,,,,,,,,,,tracking,104.0,77.0,0.74,0.515,97.0,41.0,0.423,0.48,0.0,,0.0,1.0,1.0,0.005,0.0,1.0
houston_mercy_miller,Mercy Miller,houston,G,Jr,36,428.4,11.9,0.167,180.0,5.0,0.543,0.563,50,0.34,40,0.732,0.064,0.107,0.002,0.006,0.001,0.0,0.001,0.02,0.04,0.01,0.01,0.02,0.01,0.03,Sports Reference 2025-26,9.5,3.6,6.0,19.4,2.1,0.198,Jr,,,,,,,,,,,,,tracking,32.0,21.0,0.656,0.271,47.0,24.0,0.511,0.398,14.0,0.357,0.119,25.0,0.36,0.212,5.0,9.0
houston_chase_mccarty,Chase McCarty,houston,F,Jr,35,430.5,12.3,0.133,143.5,4.1,0.557,0.577,94,0.358,18,0.889,0.054,0.054,0.003,0.007,0.0,0.0,0.001,0.03,0.04,0.01,0.01,0.01,0.01,0.04,Sports Reference 2025-26,7.6,3.6,3.9,16.1,2.0,0.185,So,,,,,,,,,,,,,tracking,10.0,8.0,0.8,0.099,9.0,4.0,0.444,0.089,29.0,0.345,0.287,53.0,0.358,0.525,10.0,19.0
houston_kalifa_sakho,Kalifa Sakho,houston,F,Jr,34,438.6,12.9,0.07,81.6,2.4,0.825,0.72,0,0.0,27,0.593,0.205,0.051,0.004,0.006,0.0,0.001,0.002,0.04,0.04,0.0,0.01,0.01,0.02,0.05,Sports Reference 2025-26,5.3,0.1,5.2,13.0,1.7,0.153,Gr,,,,,,,,,,,,,tracking,32.0,29.0,0.906,0.842,6.0,2.0,0.333,0.158,0.0,,0.0,0.0,,0.0,0.0,0.0
houston_ramon_walker_jr_,Ramon Walker Jr.,houston,G,Jr,29,313.2,10.8,0.096,66.7,2.3,0.422,0.442,35,0.265,26,0.76,0.111,0.185,0.003,0.006,0.0,0.0,0.001,0.02,0.04,0.02,0.01,0.01,0.0,0.03,Sports Reference 2025-26,3.9,0.4,3.5,10.4,1.0,0.128,Gr,,,,,,,,,,,,,tracking,5.0,5.0,1.0,0.088,18.0,6.0,0.333,0.316,12.0,0.25,0.211,22.0,0.273,0.386,3.0,6.0
iowa_state_milan_momcilovic,Milan Momcilovic,iowa_state,F,Jr,37,1128.5,30.5,0.35,625.3,16.9,0.672,0.692,278,0.487,81,0.878,0.062,0.078,0.0,0.005,0.0,0.0,0.001,0.01,0.08,0.03,0.02,0.02,0.01,0.04,Sports Reference 2025-26,11.4,8.5,2.9,21.2,6.2,0.221,Sr,,,,,,,,,,,,,tracking,32.0,26.0,0.812,0.084,90.0,41.0,0.456,0.237,90.0,0.489,0.237,167.0,0.497,0.441,44.0,83.0
iowa_state_joshua_jefferson,Joshua Jefferson,iowa_state,F,Jr,35,1081.5,30.9,0.35,574.0,16.4,0.517,0.537,108,0.345,214,0.7,0.147,0.283,0.002,0.01,0.001,0.0,0.001,0.05,0.16,0.14,0.07,0.05,0.02,0.07,Sports Reference 2025-26,13.0,7.0,6.1,24.4,6.1,0.226,Gr,,,,,,,,,,,,,tracking,176.0,107.0,0.608,0.429,124.0,48.0,0.387,0.302,38.0,0.342,0.093,72.0,0.347,0.176,13.0,25.0
iowa_state_tamin_lipsey,Tamin Lipsey,iowa_state,G,Jr,34,1067.6,31.4,0.35,459.0,13.5,0.516,0.536,133,0.316,122,0.656,0.108,0.35,0.002,0.004,0.001,0.0,0.001,0.04,0.07,0.15,0.04,0.07,0.0,0.06,Sports Reference 2025-26,11.3,5.5,5.8,20.9,5.6,0.208,Gr,,,,,,,,,,,,,tracking,116.0,73.0,0.629,0.349,94.0,42.0,0.447,0.283,43.0,0.302,0.13,79.0,0.316,0.238,13.0,25.0
iowa_state_killyan_toure,Killyan Toure,iowa_state,G,Jr,37,936.1,25.3,0.344,318.2,8.6,0.51,0.53,81,0.313,70,0.722,0.176,0.239,0.002,0.005,0.001,0.0,0.001,0.04,0.06,0.06,0.05,0.04,0.01,0.06,Sports Reference 2025-26,5.1,0.6,4.5,14.2,3.3,0.14,So,,,,,,,,,,,,,tracking,99.0,63.0,0.636,0.43,55.0,17.0,0.309,0.239,27.0,0.296,0.117,49.0,0.306,0.213,8.0,15.0
iowa_state_blake_buchanan,Blake Buchanan,iowa_state,F,Jr,37,906.5,24.5,0.283,314.5,8.5,0.636,0.656,4,0.0,78,0.494,0.139,0.215,0.005,0.007,0.0,0.001,0.001,0.08,0.08,0.05,0.03,0.02,0.02,0.06,Sports Reference 2025-26,7.9,3.7,4.2,19.8,4.4,0.193,Sr,,,,,,,,,,,,,tracking,143.0,107.0,0.748,0.726,53.0,20.0,0.377,0.269,0.0,,0.0,1.0,0.0,0.005,0.0,0.0
iowa_state_jamarion_batemon,Jamarion Batemon,iowa_state,G,Jr,37,577.2,15.6,0.239,244.2,6.6,0.514,0.534,144,0.37,33,0.788,0.075,0.06,0.0,0.004,0.0,0.0,0.001,0.0,0.03,0.01,0.01,0.02,0.0,0.04,Sports Reference 2025-26,3.2,0.8,2.4,11.9,1.9,0.132,So,,,,,,,,,,,,,tracking,36.0,19.0,0.528,0.189,23.0,8.0,0.348,0.121,46.0,0.391,0.242,85.0,0.388,0.447,18.0,33.0
iowa_state_nate_heise,Nate Heise,iowa_state,G,Jr,37,921.3,24.9,0.203,210.9,5.7,0.538,0.558,89,0.322,41,0.667,0.106,0.281,0.001,0.007,0.0,0.0,0.001,0.02,0.08,0.04,0.02,0.02,0.0,0.04,Sports Reference 2025-26,6.3,2.0,4.3,11.9,3.3,0.144,Gr,,,,,,,,,,,,,tracking,56.0,35.0,0.625,0.409,6.0,1.0,0.167,0.044,26.0,0.308,0.19,49.0,0.306,0.358,8.0,15.0
iowa_state_dominykas_pleta,Dominykas Pleta,iowa_state,F,Jr,35,395.5,11.3,0.139,154.0,4.4,0.706,0.72,0,0.0,56,0.596,0.205,0.128,0.005,0.005,0.0,0.0,0.002,0.04,0.03,0.01,0.02,0.01,0.01,0.05,Sports Reference 2025-26,5.0,1.6,3.4,18.2,1.8,0.182,So,,,,,,,,,,,,,tracking,73.0,55.0,0.753,0.901,8.0,2.0,0.25,0.099,0.0,,0.0,0.0,,0.0,0.0,0.0
kansas_tre_white,Tre White,kansas,G,Jr,35,1095.5,31.3,0.35,472.5,13.5,0.535,0.555,140,0.403,140,0.872,0.14,0.14,0.002,0.008,0.0,0.0,0.001,0.05,0.14,0.05,0.05,0.02,0.01,0.05,Sports Reference 2025-26,7.4,4.5,2.9,17.8,4.4,0.159,Gr,,,,,,,,,,,,,tracking,115.0,67.0,0.583,0.37,63.0,19.0,0.302,0.203,47.0,0.426,0.151,86.0,0.419,0.277,20.0,36.0
kansas_melvin_council_jr_,Melvin Council Jr.,kansas,G,Jr,35,1218.0,34.8,0.35,444.5,12.7,0.434,0.454,119,0.308,80,0.775,0.122,0.329,0.001,0.007,0.0,0.0,0.001,0.02,0.12,0.15,0.05,0.03,0.01,0.04,Sports Reference 2025-26,5.0,1.7,3.3,14.2,3.1,0.103,Gr,,,,,,,,,,,,,tracking,138.0,70.0,0.507,0.331,164.0,59.0,0.36,0.393,40.0,0.325,0.096,75.0,0.307,0.18,13.0,23.0
kansas_kohl_rosario,Kohl Rosario,kansas,G,Jr,29,336.4,11.6,0.126,98.6,3.4,0.529,0.549,64,0.286,9,0.75,0.113,0.113,0.002,0.003,0.0,0.0,0.002,0.02,0.02,0.01,0.01,0.01,0.01,0.05,Sports Reference 2025-26,2.9,0.0,2.9,10.3,0.8,0.099,So,,,,,,,,,,,,,tracking,21.0,18.0,0.857,0.247,2.0,0.0,0.0,0.024,22.0,0.273,0.259,40.0,0.275,0.471,6.0,11.0
kansas_jamari_mcdowell,Jamari McDowell,kansas,G,Jr,35,605.5,17.3,0.132,115.5,3.3,0.51,0.53,88,0.349,24,0.625,0.135,0.297,0.0,0.004,0.0,0.0,0.001,0.01,0.04,0.03,0.01,0.01,0.0,0.04,Sports Reference 2025-26,3.8,-0.5,4.3,7.7,1.3,0.087,Jr,,,,,,,,,,,,,tracking,7.0,3.0,0.429,0.071,7.0,3.0,0.429,0.071,30.0,0.333,0.303,55.0,0.364,0.556,10.0,20.0
kansas_state_nate_johnson,Nate Johnson,kansas_state,G,Jr,32,1046.4,32.7,0.35,409.6,12.8,0.55,0.57,157,0.408,80,0.85,0.182,0.348,0.001,0.007,0.001,0.0,0.001,0.03,0.13,0.14,0.07,0.07,0.01,0.07,Sports Reference 2025-26,6.1,2.8,3.3,17.0,3.0,0.116,Gr,,,,,,,,,,,,,tracking,95.0,58.0,0.611,0.307,56.0,16.0,0.286,0.181,55.0,0.4,0.178,103.0,0.408,0.333,22.0,42.0
kansas_state_david_castillo,David Castillo,kansas_state,G,Jr,32,902.4,28.2,0.35,329.6,10.3,0.497,0.517,160,0.352,51,0.82,0.117,0.162,0.0,0.003,0.0,0.0,0.001,0.01,0.05,0.06,0.04,0.01,0.0,0.06,Sports Reference 2025-26,-0.6,0.0,-0.6,8.9,0.9,0.042,Jr,,,,,,,,,,,,,tracking,98.0,54.0,0.551,0.338,33.0,6.0,0.182,0.114,56.0,0.357,0.193,103.0,0.35,0.355,20.0,36.0
kansas_state_khamari_mcgriff,Khamari McGriff,kansas_state,F,Jr,28,565.6,20.2,0.284,271.6,9.7,0.684,0.704,6,0.2,73,0.667,0.126,0.126,0.003,0.008,0.0,0.001,0.002,0.06,0.1,0.04,0.04,0.02,0.04,0.12,Sports Reference 2025-26,5.0,2.5,2.5,21.7,2.3,0.161,Gr,,,,,,,,,,,,,tracking,120.0,94.0,0.783,0.736,38.0,16.0,0.421,0.233,2.0,0.0,0.012,3.0,0.333,0.018,0.0,1.0
kansas_state_andrej_kostic,Andrej Kostic,kansas_state,G,Jr,23,315.1,13.7,0.206,119.6,5.2,0.519,0.539,80,0.375,14,0.769,0.156,0.173,0.001,0.005,0.0,0.0,0.001,0.02,0.05,0.04,0.04,0.02,0.0,0.06,Sports Reference 2025-26,0.7,0.7,0.0,10.3,0.4,0.051,So,,,,,,,,,,,,,tracking,22.0,9.0,0.409,0.208,4.0,1.0,0.25,0.038,28.0,0.357,0.264,52.0,0.385,0.491,10.0,20.0
kansas_state_taj_manning,Taj Manning,kansas_state,F,Jr,30,621.0,20.7,0.164,126.0,4.2,0.51,0.53,27,0.185,33,0.697,0.153,0.196,0.004,0.008,0.0,0.001,0.001,0.07,0.1,0.03,0.02,0.02,0.02,0.07,Sports Reference 2025-26,2.6,0.6,2.0,12.8,1.4,0.093,Sr,,,,,,,,,,,,,tracking,64.0,43.0,0.672,0.634,10.0,1.0,0.1,0.099,9.0,0.222,0.089,18.0,0.167,0.178,2.0,3.0
kansas_state_elias_rapieque,Elias Rapieque,kansas_state,F,Jr,20,306.0,15.3,0.155,74.0,3.7,0.54,0.56,26,0.4,20,0.316,0.161,0.346,0.003,0.005,0.001,0.0,0.003,0.06,0.07,0.07,0.03,0.04,0.01,0.14,Sports Reference 2025-26,1.8,-1.1,2.9,11.1,0.6,0.081,Sr,,,,,,,,,,,,,tracking,26.0,19.0,0.731,0.413,12.0,0.0,0.0,0.19,9.0,0.444,0.143,16.0,0.375,0.254,4.0,6.0
kansas_state_christian_jones,Christian Jones,kansas_state,G,Jr,31,542.5,17.5,0.192,111.6,3.6,0.371,0.391,68,0.232,19,0.833,0.149,0.242,0.001,0.005,0.0,0.0,0.001,0.01,0.05,0.04,0.03,0.02,0.01,0.04,Sports Reference 2025-26,-1.7,-2.8,1.1,5.7,0.1,0.01,Gr,,,,,,,,,,,,,tracking,33.0,14.0,0.424,0.25,30.0,11.0,0.367,0.227,24.0,0.25,0.182,45.0,0.222,0.341,6.0,10.0
kansas_state_dorin_buca,Dorin Buca,kansas_state,C,Jr,27,345.6,12.8,0.146,86.4,3.2,0.522,0.542,11,0.182,30,0.533,0.269,0.122,0.004,0.008,0.0,0.002,0.002,0.05,0.07,0.02,0.04,0.01,0.05,0.07,Sports Reference 2025-26,-1.1,-3.6,2.5,11.7,0.4,0.047,Sr,,,,,,,,,,,,,tracking,48.0,30.0,0.625,0.716,8.0,2.0,0.25,0.119,4.0,0.25,0.06,7.0,0.143,0.104,1.0,1.0
kansas_state_mobi_ikegwuruka,Mobi Ikegwuruka,kansas_state,G,Jr,10,125.0,12.5,0.081,19.0,1.9,0.571,0.591,0,0.0,6,0.5,0.265,0.177,0.002,0.006,0.001,0.001,0.002,0.07,0.13,0.04,0.06,0.08,0.04,0.22,Sports Reference 2025-26,0.9,-3.3,4.2,8.5,0.2,0.059,Sr,,,,,,,,,,,,,tracking,10.0,6.0,0.6,0.667,4.0,2.0,0.5,0.267,0.0,,0.0,1.0,0.0,0.067,0.0,0.0
oklahoma_state_anthony_roy,Anthony Roy,oklahoma_state,G,Jr,31,889.7,28.7,0.35,523.9,16.9,0.555,0.575,232,0.39,140,0.857,0.105,0.085,0.001,0.007,0.0,0.0,0.001,0.02,0.11,0.04,0.05,0.02,0.01,0.05,Sports Reference 2025-26,6.6,6.6,0.1,18.8,3.0,0.133,Gr,,,,,,,,,,,,,tracking,102.0,57.0,0.559,0.289,26.0,8.0,0.308,0.074,79.0,0.392,0.224,146.0,0.397,0.414,31.0,58.0
oklahoma_state_parsa_fallah,Parsa Fallah,oklahoma_state,C,Jr,26,683.8,26.3,0.35,382.2,14.7,0.623,0.643,31,0.4,122,0.68,0.103,0.064,0.003,0.008,0.001,0.0,0.001,0.09,0.14,0.03,0.05,0.05,0.02,0.08,Sports Reference 2025-26,7.8,6.0,1.9,23.6,2.9,0.167,Gr,,,,,,,,,,,,,tracking,179.0,119.0,0.665,0.749,30.0,12.0,0.4,0.126,10.0,0.4,0.042,20.0,0.4,0.084,4.0,8.0
oklahoma_state_kanye_clary,Kanye Clary,oklahoma_state,G,Jr,34,958.8,28.2,0.35,360.4,10.6,0.462,0.482,122,0.355,119,0.807,0.166,0.35,0.001,0.005,0.001,0.0,0.001,0.01,0.07,0.14,0.06,0.04,0.0,0.05,Sports Reference 2025-26,3.1,2.1,1.1,14.2,2.1,0.086,Sr,,,,,,,,,,,,,tracking,98.0,47.0,0.48,0.377,48.0,12.0,0.25,0.185,40.0,0.35,0.154,74.0,0.338,0.285,14.0,25.0
oklahoma_state_christian_coleman,Christian Coleman,oklahoma_state,F,Jr,34,860.2,25.3,0.35,350.2,10.3,0.537,0.557,58,0.271,88,0.667,0.116,0.097,0.002,0.009,0.0,0.001,0.001,0.04,0.12,0.03,0.04,0.02,0.03,0.06,Sports Reference 2025-26,3.3,1.9,1.5,16.5,2.2,0.101,Gr,,,,,,,,,,,,,tracking,165.0,98.0,0.594,0.657,32.0,12.0,0.375,0.127,19.0,0.263,0.076,35.0,0.257,0.139,5.0,9.0
oklahoma_state_jaylen_curry,Jaylen Curry,oklahoma_state,G,Jr,33,785.4,23.8,0.35,333.3,10.1,0.463,0.483,79,0.316,99,0.806,0.127,0.318,0.0,0.007,0.001,0.0,0.001,0.01,0.09,0.11,0.04,0.04,0.0,0.05,Sports Reference 2025-26,3.9,1.7,2.2,16.4,2.0,0.103,Sr,,,,,,,,,,,,,tracking,106.0,59.0,0.557,0.414,74.0,27.0,0.365,0.289,27.0,0.333,0.105,49.0,0.327,0.191,9.0,16.0
oklahoma_state_isaiah_coleman,Isaiah Coleman,oklahoma_state,G,Jr,33,633.6,19.2,0.262,211.2,6.4,0.5,0.52,26,0.08,63,0.571,0.164,0.109,0.003,0.007,0.001,0.0,0.001,0.04,0.08,0.02,0.04,0.02,0.01,0.05,Sports Reference 2025-26,0.7,-0.7,1.4,11.8,0.9,0.055,Sr,,,,,,,,,,,,,tracking,96.0,61.0,0.635,0.565,49.0,22.0,0.449,0.288,9.0,0.111,0.053,16.0,0.062,0.094,1.0,1.0
oklahoma_state_andrija_vukovic,Andrija Vukovic,oklahoma_state,F,Jr,27,413.1,15.3,0.168,143.1,5.3,0.628,0.648,3,0.333,43,0.69,0.149,0.128,0.004,0.007,0.0,0.0,0.001,0.06,0.07,0.02,0.03,0.02,0.01,0.05,Sports Reference 2025-26,4.5,2.8,1.6,17.3,1.3,0.126,Jr,,,,,,,,,,,,,tracking,75.0,51.0,0.68,0.833,12.0,4.0,0.333,0.133,1.0,0.0,0.011,2.0,0.5,0.022,0.0,1.0
oklahoma_state_benjamin_ahmed,Benjamin Ahmed,oklahoma_state,C,Jr,21,264.6,12.6,0.182,102.9,4.9,0.554,0.574,0,0.0,52,0.566,0.176,0.039,0.006,0.008,0.0,0.001,0.002,0.09,0.09,0.01,0.04,0.01,0.02,0.09,Sports Reference 2025-26,0.2,0.4,-0.2,15.7,0.6,0.098,So,,,,,,,,,,,,,tracking,46.0,26.0,0.565,0.92,4.0,1.0,0.25,0.08,0.0,,0.0,0.0,,0.0,0.0,0.0
oklahoma_state_lefteris_mantzoukas,Lefteris Mantzoukas,oklahoma_state,F,Jr,12,213.6,17.8,0.21,52.8,4.4,0.446,0.466,34,0.242,5,0.6,0.17,0.085,0.002,0.01,0.0,0.0,0.001,0.07,0.27,0.04,0.08,0.02,0.02,0.15,Sports Reference 2025-26,-2.6,-2.9,0.3,6.9,0.1,0.018,So,,,,,,,,,,,,,tracking,17.0,11.0,0.647,0.304,6.0,2.0,0.333,0.107,12.0,0.25,0.214,21.0,0.238,0.375,3.0,5.0
oklahoma_state_ryan_crotty,Ryan Crotty,oklahoma_state,G,Jr,28,280.0,10.0,0.1,70.0,2.5,0.429,0.449,53,0.296,20,0.75,0.071,0.178,0.001,0.007,0.0,0.0,0.002,0.01,0.04,0.02,0.01,0.0,0.0,0.04,Sports Reference 2025-26,-0.9,-0.9,0.1,7.0,0.4,0.054,So,,,,,,,,,,,,,tracking,7.0,3.0,0.429,0.119,1.0,0.0,0.0,0.017,18.0,0.333,0.305,33.0,0.303,0.559,6.0,10.0
tcu_xavier_edmonds,Xavier Edmonds,tcu,F,Jr,35,798.0,22.8,0.35,444.5,12.7,0.614,0.634,56,0.436,164,0.644,0.16,0.101,0.005,0.009,0.001,0.001,0.002,0.09,0.1,0.03,0.05,0.03,0.03,0.09,Sports Reference 2025-26,8.3,5.0,3.4,24.9,3.9,0.193,Sr,,,,,,,,,,,,,tracking,133.0,94.0,0.707,0.518,70.0,30.0,0.429,0.272,19.0,0.421,0.074,35.0,0.429,0.136,8.0,15.0
tcu_micah_robinson,Micah Robinson,tcu,F,Jr,35,941.5,26.9,0.35,381.5,10.9,0.469,0.489,136,0.333,140,0.759,0.113,0.148,0.002,0.007,0.001,0.0,0.001,0.04,0.09,0.05,0.04,0.03,0.01,0.07,Sports Reference 2025-26,5.6,2.3,3.3,15.6,3.1,0.132,Jr,,,,,,,,,,,,,tracking,109.0,54.0,0.495,0.413,35.0,10.0,0.286,0.133,42.0,0.31,0.159,78.0,0.321,0.295,13.0,25.0
tcu_jayden_pierre,Jayden Pierre,tcu,G,Jr,35,1064.0,30.4,0.35,353.5,10.1,0.502,0.522,147,0.351,56,0.818,0.12,0.259,0.0,0.003,0.0,0.0,0.001,0.01,0.05,0.08,0.04,0.03,0.01,0.08,Sports Reference 2025-26,3.1,0.2,2.9,11.5,2.7,0.1,Gr,,,,,,,,,,,,,tracking,74.0,41.0,0.554,0.253,70.0,32.0,0.457,0.24,52.0,0.365,0.178,96.0,0.354,0.329,19.0,34.0
tcu_brock_harding,Brock Harding,tcu,G,Jr,35,1109.5,31.7,0.35,280.0,8.0,0.431,0.451,116,0.284,66,0.646,0.179,0.35,0.001,0.004,0.001,0.0,0.001,0.01,0.07,0.16,0.05,0.05,0.0,0.04,Sports Reference 2025-26,3.5,0.0,3.5,12.1,2.5,0.089,Sr,,,,,,,,,,,,,tracking,57.0,35.0,0.614,0.218,94.0,32.0,0.34,0.36,38.0,0.263,0.146,72.0,0.278,0.276,10.0,20.0
tcu_liutauras_lelevicius,Liutauras Lelevicius,tcu,G,Jr,34,802.4,23.6,0.25,272.0,8.0,0.574,0.594,122,0.38,54,0.887,0.071,0.1,0.001,0.006,0.0,0.0,0.001,0.02,0.08,0.02,0.01,0.01,0.0,0.03,Sports Reference 2025-26,5.3,3.0,2.3,13.9,2.7,0.133,Sr,,,,,,,,,,,,,tracking,52.0,33.0,0.635,0.281,17.0,9.0,0.529,0.092,41.0,0.39,0.222,75.0,0.4,0.405,16.0,30.0
tcu_tanner_toolson,Tanner Toolson,tcu,G,Jr,35,735.0,21.0,0.296,269.5,7.7,0.435,0.455,102,0.291,94,0.726,0.06,0.109,0.003,0.004,0.0,0.0,0.001,0.04,0.05,0.03,0.01,0.02,0.01,0.04,Sports Reference 2025-26,4.0,2.0,2.0,14.0,2.2,0.117,Sr,,,,,,,,,,,,,tracking,89.0,43.0,0.483,0.403,33.0,11.0,0.333,0.149,35.0,0.286,0.158,64.0,0.297,0.29,10.0,19.0
tcu_jace_posey,Jace Posey,tcu,F,Jr,27,305.1,11.3,0.18,124.2,4.6,0.46,0.48,14,0.154,46,0.681,0.119,0.04,0.004,0.007,0.0,0.0,0.001,0.04,0.05,0.01,0.02,0.01,0.0,0.04,Sports Reference 2025-26,0.2,-1.2,1.4,14.2,0.8,0.1,Jr,,,,,,,,,,,,,tracking,67.0,36.0,0.537,0.684,16.0,5.0,0.312,0.163,5.0,0.2,0.051,10.0,0.1,0.102,1.0,1.0
texas_tech_jt_toppin,JT Toppin,texas_tech,F,Jr,25,870.0,34.8,0.35,545.0,21.8,0.567,0.587,57,0.281,108,0.579,0.116,0.098,0.005,0.01,0.0,0.001,0.001,0.17,0.26,0.08,0.1,0.06,0.07,0.11,Sports Reference 2025-26,9.8,6.4,3.4,28.3,4.1,0.19,Sr,,,,,,,,,,,,,tracking,177.0,125.0,0.706,0.414,194.0,93.0,0.479,0.453,20.0,0.3,0.047,37.0,0.27,0.086,6.0,10.0
texas_tech_donovan_atwell,Donovan Atwell,texas_tech,F,Jr,34,1176.4,34.6,0.35,459.0,13.5,0.67,0.69,286,0.458,44,0.841,0.039,0.078,0.001,0.004,0.0,0.0,0.001,0.02,0.07,0.02,0.01,0.04,0.0,0.07,Sports Reference 2025-26,9.2,6.1,3.1,16.2,4.6,0.155,Gr,,,,,,,,,,,,,tracking,5.0,1.0,0.2,0.017,23.0,13.0,0.565,0.076,96.0,0.448,0.318,178.0,0.455,0.589,43.0,81.0
texas_tech_josiah_moseley,Josiah Moseley,texas_tech,F,Jr,14,193.2,13.8,0.163,77.0,5.5,0.716,0.72,6,0.5,11,0.364,0.132,0.11,0.003,0.01,0.0,0.001,0.001,0.09,0.17,0.04,0.04,0.02,0.08,0.09,Sports Reference 2025-26,9.8,5.5,4.3,22.9,0.8,0.171,Jr,,,,,,,,,,,,,tracking,22.0,19.0,0.864,0.579,11.0,3.0,0.273,0.289,2.0,0.5,0.053,3.0,0.667,0.079,1.0,2.0
texas_tech_luke_bamgboye,Luke Bamgboye,texas_tech,F,Jr,21,352.8,16.8,0.158,94.5,4.5,0.508,0.528,2,0.0,44,0.711,0.136,0.113,0.002,0.008,0.0,0.002,0.002,0.05,0.11,0.02,0.03,0.01,0.08,0.12,Sports Reference 2025-26,4.4,-1.3,5.7,14.8,1.1,0.124,Jr,,,,,,,,,,,,,tracking,42.0,25.0,0.595,0.75,13.0,4.0,0.308,0.232,0.0,,0.0,1.0,0.0,0.018,0.0,0.0
texas_tech_tyeree_bryan,Tyeree Bryan,texas_tech,G,Jr,33,561.0,17.0,0.142,115.5,3.5,0.45,0.47,76,0.286,20,0.667,0.076,0.151,0.002,0.005,0.0,0.0,0.001,0.03,0.05,0.02,0.01,0.01,0.01,0.03,Sports Reference 2025-26,3.5,0.9,2.6,9.3,1.1,0.081,Gr,,,,,,,,,,,,,tracking,19.0,13.0,0.684,0.171,15.0,4.0,0.267,0.135,27.0,0.296,0.243,50.0,0.28,0.45,8.0,14.0
ucf_riley_kugel,Riley Kugel,ucf,G,Jr,31,895.9,28.9,0.35,446.4,14.4,0.49,0.51,149,0.387,84,0.765,0.11,0.162,0.001,0.004,0.0,0.0,0.001,0.03,0.07,0.08,0.05,0.03,0.01,0.09,Sports Reference 2025-26,4.2,2.7,1.5,15.3,2.2,0.098,Gr,,,,,,,,,,,,,tracking,134.0,72.0,0.537,0.359,96.0,28.0,0.292,0.257,50.0,0.4,0.134,93.0,0.387,0.249,20.0,36.0
ucf_themus_fulks,Themus Fulks,ucf,G,Jr,33,1082.4,32.8,0.35,462.0,14.0,0.488,0.508,50,0.392,112,0.795,0.207,0.35,0.001,0.004,0.0,0.0,0.001,0.02,0.07,0.2,0.1,0.02,0.0,0.06,Sports Reference 2025-26,1.9,2.3,-0.4,15.1,2.3,0.086,Gr,,,,,,,,,,,,,tracking,154.0,83.0,0.539,0.418,165.0,68.0,0.412,0.448,17.0,0.412,0.046,32.0,0.406,0.087,7.0,13.0
ucf_jordan_burks,Jordan Burks,ucf,F,Jr,33,930.6,28.2,0.35,438.9,13.3,0.545,0.565,162,0.373,102,0.782,0.073,0.057,0.002,0.007,0.0,0.0,0.001,0.04,0.11,0.02,0.03,0.03,0.02,0.05,Sports Reference 2025-26,7.3,5.2,2.1,18.5,3.3,0.141,Sr,,,,,,,,,,,,,tracking,129.0,76.0,0.589,0.41,36.0,12.0,0.333,0.114,52.0,0.365,0.165,98.0,0.357,0.311,19.0,35.0
ucf_jamichael_stillwell,Jamichael Stillwell,ucf,F,Jr,31,880.4,28.4,0.35,359.6,11.6,0.526,0.546,40,0.308,115,0.702,0.135,0.186,0.005,0.009,0.0,0.0,0.001,0.11,0.15,0.07,0.05,0.04,0.01,0.08,Sports Reference 2025-26,6.2,4.0,2.2,19.7,3.2,0.144,Gr,,,,,,,,,,,,,tracking,124.0,75.0,0.605,0.481,96.0,44.0,0.458,0.372,13.0,0.308,0.05,25.0,0.32,0.097,4.0,8.0
ucf_chris_johnson,Chris Johnson,ucf,G,Jr,32,502.4,15.7,0.228,198.4,6.2,0.528,0.548,86,0.365,42,0.7,0.11,0.298,0.001,0.004,0.0,0.0,0.001,0.01,0.04,0.06,0.02,0.02,0.01,0.04,Sports Reference 2025-26,5.6,3.4,2.2,15.0,1.4,0.115,Sr,,,,,,,,,,,,,tracking,50.0,32.0,0.64,0.314,25.0,7.0,0.28,0.157,29.0,0.379,0.182,55.0,0.364,0.346,11.0,20.0
ucf_john_bol,John Bol,ucf,F,Jr,33,620.4,18.8,0.189,194.7,5.9,0.717,0.72,0,0.0,53,0.615,0.226,0.057,0.004,0.011,0.0,0.001,0.002,0.05,0.11,0.01,0.04,0.01,0.03,0.08,Sports Reference 2025-26,3.7,0.8,2.9,16.7,1.8,0.119,Jr,,,,,,,,,,,,,tracking,75.0,59.0,0.787,0.682,34.0,21.0,0.618,0.309,0.0,,0.0,1.0,0.0,0.009,0.0,0.0
ucf_devan_cambridge,Devan Cambridge,ucf,G,Jr,33,574.2,17.4,0.193,178.2,5.4,0.515,0.535,59,0.279,59,0.705,0.111,0.148,0.003,0.008,0.0,0.001,0.002,0.03,0.08,0.02,0.02,0.02,0.02,0.06,Sports Reference 2025-26,4.8,1.7,3.1,14.6,1.7,0.117,Gr,,,,,,,,,,,,,tracking,63.0,42.0,0.667,0.5,5.0,0.0,0.0,0.04,20.0,0.25,0.159,38.0,0.263,0.302,5.0,10.0
ucf_carmelo_pacheco,Carmelo Pacheco,ucf,G,Jr,31,480.5,15.5,0.146,142.6,4.6,0.581,0.601,108,0.394,6,1.0,0.049,0.098,0.001,0.004,0.0,0.0,0.001,0.01,0.03,0.01,0.01,0.01,0.0,0.02,Sports Reference 2025-26,3.7,2.8,1.0,10.1,1.1,0.088,Sr,,,,,,,,,,,,,tracking,2.0,1.0,0.5,0.018,6.0,3.0,0.5,0.053,37.0,0.405,0.325,69.0,0.391,0.605,15.0,27.0
utah_don_mchenry,Don McHenry,utah,G,Jr,32,988.8,30.9,0.35,544.0,17.0,0.537,0.557,202,0.388,115,0.835,0.064,0.116,0.001,0.004,0.0,0.0,0.0,0.02,0.07,0.06,0.03,0.02,0.0,0.03,Sports Reference 2025-26,4.9,5.7,-0.8,19.1,2.8,0.115,Gr,,,,,,,,,,,,,tracking,98.0,53.0,0.541,0.244,112.0,50.0,0.446,0.279,67.0,0.388,0.167,124.0,0.379,0.309,26.0,47.0
utah_seydou_traore,Seydou Traore,utah,G,Jr,31,889.7,28.7,0.35,279.0,9.0,0.47,0.49,130,0.333,56,0.727,0.167,0.185,0.001,0.005,0.001,0.0,0.001,0.02,0.09,0.06,0.06,0.04,0.02,0.07,Sports Reference 2025-26,0.9,-0.6,1.5,10.7,0.7,0.03,Sr,,,,,,,,,,,,,tracking,71.0,37.0,0.521,0.285,52.0,18.0,0.346,0.209,44.0,0.341,0.177,82.0,0.329,0.329,15.0,27.0
utah_jacob_patrick,Jacob Patrick,utah,G,Jr,10,203.0,20.3,0.206,72.0,7.2,0.66,0.68,43,0.465,4,0.5,0.052,0.087,0.0,0.004,0.0,0.001,0.002,0.01,0.13,0.05,0.03,0.03,0.06,0.31,Sports Reference 2025-26,1.5,1.3,0.2,12.3,0.5,0.09,Sr,,,,,,,,,,,,,tracking,5.0,2.0,0.4,0.094,5.0,3.0,0.6,0.094,15.0,0.467,0.283,28.0,0.464,0.528,7.0,13.0
utah_kendyl_sanders,Kendyl Sanders,utah,F,Jr,32,640.0,20.0,0.194,166.4,5.2,0.554,0.574,77,0.403,32,0.387,0.129,0.129,0.001,0.006,0.0,0.0,0.002,0.02,0.07,0.02,0.02,0.02,0.01,0.07,Sports Reference 2025-26,0.3,-0.8,1.1,10.0,0.8,0.049,So,,,,,,,,,,,,,tracking,46.0,25.0,0.543,0.346,12.0,3.0,0.25,0.09,26.0,0.423,0.195,49.0,0.408,0.368,11.0,20.0
utah_james_okonkwo,James Okonkwo,utah,F,Jr,29,629.3,21.7,0.119,84.1,2.9,0.516,0.536,0,0.0,29,0.633,0.24,0.24,0.005,0.007,0.0,0.001,0.002,0.09,0.09,0.03,0.03,0.02,0.03,0.1,Sports Reference 2025-26,0.6,-0.8,1.4,11.5,1.1,0.072,Gr,,,,,,,,,,,,,tracking,43.0,27.0,0.628,0.694,19.0,5.0,0.263,0.306,0.0,,0.0,0.0,,0.0,0.0,0.0
utah_josh_hayes,Josh Hayes,utah,F,Jr,32,422.4,13.2,0.093,89.6,2.8,0.638,0.658,0,0.0,29,0.607,0.154,0.116,0.003,0.004,0.0,0.001,0.002,0.03,0.03,0.01,0.01,0.0,0.03,0.06,Sports Reference 2025-26,-0.2,-1.6,1.5,12.0,0.8,0.072,Sr,,,,,,,,,,,,,tracking,47.0,32.0,0.681,0.839,9.0,4.0,0.444,0.161,0.0,,0.0,0.0,,0.0,0.0,0.0
utah_lucas_langarita,Lucas Langarita,utah,G,Jr,5,62.0,12.4,0.143,13.0,2.6,0.591,0.611,7,0.429,0,0.0,0.28,0.15,0.001,0.004,0.0,0.0,0.001,0.04,0.2,0.12,0.36,0.04,0.04,0.2,Sports Reference 2025-26,-6.6,-4.5,-2.1,1.6,-0.1,-0.075,So,,,,,,,,,,,,,tracking,0.0,0.0,,0.0,4.0,2.0,0.5,0.364,2.0,0.5,0.182,5.0,0.4,0.455,1.0,2.0
utah_obomate_abbey,Obomate Abbey,utah,G,Jr,31,474.3,15.3,0.157,77.5,2.5,0.326,0.346,40,0.195,22,0.81,0.25,0.35,0.0,0.005,0.0,0.0,0.001,0.0,0.05,0.07,0.04,0.01,0.0,0.05,Sports Reference 2025-26,-5.5,-5.1,-0.3,4.5,-0.3,-0.022,So,,,,,,,,,,,,,tracking,28.0,11.0,0.393,0.318,21.0,6.0,0.286,0.239,14.0,0.143,0.159,25.0,0.2,0.284,2.0,5.0
west_virginia_honor_huff,Honor Huff,west_virginia,G,Jr,35,1256.5,35.9,0.35,577.5,16.5,0.5,0.52,340,0.354,175,0.869,0.106,0.13,0.0,0.003,0.0,0.0,0.001,0.01,0.06,0.06,0.05,0.03,0.0,0.06,Sports Reference 2025-26,5.2,3.3,1.9,15.1,4.4,0.14,Gr,,,,,,,,,,,,,tracking,36.0,13.0,0.361,0.091,39.0,14.0,0.359,0.098,113.0,0.354,0.285,209.0,0.354,0.526,40.0,74.0
west_virginia_brenen_lorient,Brenen Lorient,west_virginia,F,Jr,34,999.6,29.4,0.35,404.6,11.9,0.58,0.6,68,0.358,71,0.704,0.161,0.161,0.002,0.006,0.0,0.001,0.001,0.05,0.1,0.06,0.06,0.02,0.04,0.07,Sports Reference 2025-26,7.1,3.0,4.1,18.9,3.7,0.146,Gr,,,,,,,,,,,,,tracking,152.0,96.0,0.632,0.537,69.0,32.0,0.464,0.244,22.0,0.318,0.078,40.0,0.325,0.141,7.0,13.0
west_virginia_chance_moore,Chance Moore,west_virginia,G,Jr,29,646.7,22.3,0.35,307.4,10.6,0.552,0.572,32,0.281,125,0.563,0.124,0.076,0.004,0.009,0.0,0.001,0.001,0.07,0.13,0.03,0.04,0.02,0.02,0.04,Sports Reference 2025-26,7.3,4.5,2.9,22.3,2.7,0.164,Gr,,,,,,,,,,,,,tracking,148.0,91.0,0.615,0.747,19.0,2.0,0.105,0.096,11.0,0.273,0.056,20.0,0.3,0.101,3.0,6.0
west_virginia_treysen_eaglestaff,Treysen Eaglestaff,west_virginia,G,Jr,35,997.5,28.5,0.35,343.0,9.8,0.494,0.514,175,0.343,46,0.745,0.129,0.129,0.001,0.007,0.0,0.0,0.001,0.02,0.11,0.04,0.04,0.03,0.01,0.05,Sports Reference 2025-26,3.8,0.8,3.0,12.8,2.6,0.103,Gr,,,,,,,,,,,,,tracking,76.0,43.0,0.566,0.267,50.0,16.0,0.32,0.175,56.0,0.321,0.196,103.0,0.33,0.361,18.0,34.0
west_virginia_jasper_floyd,Jasper Floyd,west_virginia,G,Jr,35,990.5,28.3,0.291,245.0,7.0,0.529,0.549,60,0.377,60,0.7,0.233,0.35,0.001,0.006,0.001,0.0,0.001,0.02,0.09,0.09,0.05,0.05,0.0,0.07,Sports Reference 2025-26,4.3,-1.4,5.7,13.2,2.9,0.118,Gr,,,,,,,,,,,,,tracking,68.0,41.0,0.603,0.389,51.0,24.0,0.471,0.291,20.0,0.35,0.114,36.0,0.389,0.206,7.0,14.0
west_virginia_dj_thomas,DJ Thomas,west_virginia,F,Jr,35,584.5,16.7,0.232,231.0,6.6,0.551,0.571,77,0.269,38,0.625,0.108,0.093,0.002,0.004,0.0,0.0,0.001,0.03,0.03,0.02,0.02,0.01,0.0,0.03,Sports Reference 2025-26,3.3,2.0,1.3,14.8,1.7,0.117,So,,,,,,,,,,,,,tracking,72.0,52.0,0.722,0.444,21.0,10.0,0.476,0.13,24.0,0.25,0.148,45.0,0.267,0.278,6.0,12.0
west_virginia_harlan_obioha,Harlan Obioha,west_virginia,C,Jr,35,700.0,20.0,0.194,178.5,5.1,0.529,0.549,4,0.25,91,0.567,0.165,0.147,0.004,0.008,0.0,0.001,0.002,0.05,0.08,0.02,0.03,0.01,0.02,0.06,Sports Reference 2025-26,2.4,-0.6,3.0,13.9,2.2,0.126,Gr,,,,,,,,,,,,,tracking,93.0,54.0,0.581,0.853,14.0,2.0,0.143,0.128,1.0,0.0,0.009,1.0,1.0,0.009,0.0,1.0
west_virginia_jackson_fields,Jackson Fields,west_virginia,F,Jr,9,127.8,14.2,0.139,38.7,4.3,0.571,0.591,8,0.25,10,0.7,0.077,0.283,0.004,0.008,0.0,0.0,0.002,0.14,0.23,0.12,0.03,0.02,0.03,0.18,Sports Reference 2025-26,5.7,2.5,3.2,18.9,0.6,0.188,Gr,,,,,,,,,,,,,tracking,19.0,13.0,0.684,0.613,3.0,2.0,0.667,0.097,3.0,0.333,0.097,6.0,0.167,0.194,1.0,1.0
west_virginia_amir_jenkins,Amir Jenkins,west_virginia,G,Jr,32,515.2,16.1,0.172,108.8,3.4,0.373,0.393,29,0.286,51,0.538,0.146,0.35,0.001,0.006,0.0,0.0,0.001,0.01,0.06,0.06,0.02,0.02,0.0,0.05,Sports Reference 2025-26,0.7,-3.0,3.7,9.3,1.0,0.078,So,,,,,,,,,,,,,tracking,38.0,13.0,0.342,0.339,45.0,16.0,0.356,0.402,10.0,0.3,0.089,19.0,0.263,0.17,3.0,5.0
west_virginia_morris_ugusuk,Morris Ugusuk,west_virginia,G,Jr,25,270.0,10.8,0.074,32.5,1.3,0.318,0.338,35,0.171,10,0.556,0.048,0.096,0.001,0.005,0.0,0.0,0.001,0.02,0.04,0.01,0.0,0.01,0.0,0.02,Sports Reference 2025-26,-2.4,-3.6,1.2,4.2,0.3,0.048,Sr,,,,,,,,,,,,,tracking,7.0,4.0,0.571,0.189,2.0,0.0,0.0,0.054,10.0,0.2,0.27,18.0,0.222,0.486,2.0,4.0
boston_college_fred_payne,Fred Payne,boston_college,G,Jr,31,1075.7,34.7,0.35,489.8,15.8,0.472,0.492,214,0.315,78,0.772,0.082,0.158,0.001,0.006,0.0,0.0,0.001,0.02,0.11,0.09,0.05,0.04,0.01,0.05,Sports Reference 2025-26,4.3,2.3,2.0,15.9,2.7,0.102,Jr,,,,,,,,,,,,,tracking,100.0,54.0,0.54,0.225,134.0,58.0,0.433,0.302,74.0,0.311,0.167,136.0,0.316,0.306,23.0,43.0
boston_college_donald_hand_jr_,Donald Hand Jr.,boston_college,G,Jr,28,862.4,30.8,0.35,347.2,12.4,0.382,0.402,146,0.226,148,0.714,0.11,0.084,0.001,0.007,0.0,0.0,0.001,0.02,0.14,0.05,0.06,0.02,0.0,0.05,Sports Reference 2025-26,-1.5,-2.0,0.5,10.0,0.8,0.039,Sr,,,,,,,,,,,,,tracking,72.0,37.0,0.514,0.236,90.0,34.0,0.378,0.295,50.0,0.22,0.164,93.0,0.226,0.305,11.0,21.0
boston_college_boden_kapke,Boden Kapke,boston_college,C,Jr,31,830.8,26.8,0.35,328.6,10.6,0.535,0.555,87,0.333,74,0.707,0.121,0.065,0.003,0.008,0.0,0.0,0.001,0.06,0.13,0.02,0.04,0.01,0.01,0.07,Sports Reference 2025-26,2.4,1.2,1.2,15.7,2.4,0.114,Sr,,,,,,,,,,,,,tracking,102.0,62.0,0.608,0.413,64.0,32.0,0.5,0.259,28.0,0.321,0.113,53.0,0.34,0.215,9.0,18.0
boston_college_jayden_hastings,Jayden Hastings,boston_college,F,Jr,31,700.6,22.6,0.233,207.7,6.7,0.611,0.631,3,0.0,93,0.5,0.153,0.107,0.004,0.008,0.0,0.001,0.002,0.08,0.11,0.02,0.03,0.02,0.05,0.11,Sports Reference 2025-26,3.1,-0.8,3.9,17.5,2.4,0.138,Jr,,,,,,,,,,,,,tracking,93.0,60.0,0.645,0.744,28.0,16.0,0.571,0.224,1.0,0.0,0.008,3.0,0.0,0.024,0.0,0.0
boston_college_luka_toews,Luka Toews,boston_college,G,Jr,29,623.5,21.5,0.265,182.7,6.3,0.509,0.529,78,0.392,14,0.571,0.175,0.296,0.001,0.003,0.0,0.0,0.001,0.01,0.04,0.08,0.04,0.01,0.0,0.07,Sports Reference 2025-26,-0.3,-1.5,1.2,9.3,0.9,0.057,Jr,,,,,,,,,,,,,tracking,8.0,5.0,0.625,0.05,78.0,32.0,0.41,0.484,26.0,0.385,0.161,49.0,0.388,0.304,10.0,19.0
boston_college_chase_forte,Chase Forte,boston_college,G,Jr,31,722.3,23.3,0.289,186.0,6.0,0.395,0.415,87,0.253,78,0.595,0.16,0.346,0.001,0.004,0.001,0.0,0.001,0.02,0.06,0.09,0.04,0.03,0.01,0.05,Sports Reference 2025-26,0.0,-2.5,2.5,10.4,1.1,0.059,Gr,,,,,,,,,,,,,tracking,63.0,31.0,0.492,0.36,26.0,6.0,0.231,0.149,30.0,0.267,0.171,56.0,0.25,0.32,8.0,14.0
boston_college_aidan_shaw,Aidan Shaw,boston_college,F,Jr,31,787.4,25.4,0.179,139.5,4.5,0.529,0.549,16,0.133,50,0.6,0.18,0.14,0.003,0.009,0.0,0.001,0.001,0.06,0.14,0.02,0.03,0.02,0.04,0.08,Sports Reference 2025-26,1.2,-2.4,3.7,12.1,2.0,0.101,Gr,,,,,,,,,,,,,tracking,65.0,45.0,0.692,0.637,22.0,5.0,0.227,0.216,5.0,0.2,0.049,10.0,0.1,0.098,1.0,1.0
boston_college_caleb_steger,Caleb Steger,boston_college,G,Jr,31,353.4,11.4,0.138,102.3,3.3,0.457,0.477,74,0.307,25,0.667,0.13,0.052,0.001,0.004,0.0,0.0,0.001,0.01,0.03,0.01,0.02,0.01,0.0,0.03,Sports Reference 2025-26,-1.6,-3.0,1.4,6.2,0.4,0.04,So,,,,,,,,,,,,,tracking,16.0,7.0,0.438,0.182,2.0,1.0,0.5,0.023,24.0,0.292,0.273,46.0,0.283,0.523,7.0,13.0
california_chris_bell,Chris Bell,california,F,Jr,34,945.2,27.8,0.35,482.8,14.2,0.574,0.594,190,0.4,119,0.857,0.096,0.048,0.001,0.004,0.0,0.0,0.001,0.01,0.06,0.02,0.04,0.01,0.02,0.04,Sports Reference 2025-26,5.1,4.2,0.9,17.3,3.2,0.136,Gr,,,,,,,,,,,,,tracking,52.0,33.0,0.635,0.172,80.0,36.0,0.45,0.265,59.0,0.373,0.195,111.0,0.378,0.368,22.0,42.0
california_john_camden,John Camden,california,F,Jr,33,1039.5,31.5,0.35,455.4,13.8,0.578,0.598,221,0.395,92,0.809,0.082,0.124,0.001,0.007,0.0,0.0,0.001,0.03,0.12,0.05,0.03,0.02,0.01,0.08,Sports Reference 2025-26,5.2,3.7,1.5,16.8,3.9,0.15,Gr,,,,,,,,,,,,,tracking,45.0,34.0,0.756,0.144,57.0,23.0,0.404,0.182,74.0,0.392,0.236,137.0,0.401,0.438,29.0,55.0
california_lee_dort,Lee Dort,california,F,Jr,27,623.7,23.1,0.265,218.7,8.1,0.597,0.617,0,0.0,81,0.65,0.135,0.121,0.004,0.014,0.0,0.001,0.002,0.08,0.21,0.03,0.04,0.01,0.03,0.11,Sports Reference 2025-26,4.0,1.0,3.0,18.9,2.6,0.169,Gr,,,,,,,,,,,,,tracking,107.0,71.0,0.664,0.817,24.0,8.0,0.333,0.183,0.0,,0.0,0.0,,0.0,0.0,0.0
california_rytis_petraitis,Rytis Petraitis,california,G,Jr,7,118.3,16.9,0.168,37.1,5.3,0.625,0.645,5,0.4,11,0.636,0.128,0.213,0.002,0.01,0.0,0.001,0.001,0.13,0.44,0.14,0.09,0.09,0.13,0.2,Sports Reference 2025-26,7.3,2.2,5.1,18.4,0.5,0.161,Gr,,,,,,,,,,,,,tracking,16.0,11.0,0.688,0.667,3.0,1.0,0.333,0.125,2.0,0.5,0.083,3.0,0.333,0.125,1.0,1.0
california_semetri_tt_carr,Semetri (TT) Carr,california,G,Jr,32,528.0,16.5,0.157,121.6,3.8,0.407,0.427,35,0.257,58,0.746,0.137,0.35,0.002,0.006,0.0,0.0,0.001,0.02,0.06,0.07,0.02,0.01,0.0,0.05,Sports Reference 2025-26,1.4,-0.6,2.0,12.0,1.5,0.112,So,,,,,,,,,,,,,tracking,38.0,22.0,0.579,0.418,20.0,2.0,0.1,0.22,12.0,0.25,0.132,21.0,0.238,0.231,3.0,5.0
california_milos_ilic,Milos Ilic,california,F,Jr,34,591.6,17.4,0.14,122.4,3.6,0.573,0.593,7,0.286,41,0.714,0.255,0.35,0.003,0.009,0.0,0.0,0.002,0.04,0.09,0.04,0.03,0.02,0.01,0.08,Sports Reference 2025-26,2.9,-1.0,3.8,12.5,1.8,0.123,Gr,,,,,,,,,,,,,tracking,61.0,36.0,0.59,0.803,8.0,3.0,0.375,0.105,2.0,0.5,0.026,5.0,0.2,0.066,1.0,1.0
california_dj_campbell,DJ Campbell,california,G,Jr,23,349.6,15.2,0.154,75.9,3.3,0.43,0.45,30,0.4,16,0.438,0.139,0.186,0.001,0.005,0.0,0.0,0.001,0.01,0.07,0.03,0.03,0.02,0.0,0.04,Sports Reference 2025-26,0.8,-1.5,2.3,7.0,0.4,0.042,Gr,,,,,,,,,,,,,tracking,22.0,10.0,0.455,0.306,25.0,6.0,0.24,0.347,9.0,0.333,0.125,16.0,0.375,0.222,3.0,6.0
california_nolan_dorsey,Nolan Dorsey,california,G,Jr,31,331.7,10.7,0.08,58.9,1.9,0.491,0.511,40,0.293,9,0.667,0.134,0.179,0.001,0.007,0.0,0.0,0.001,0.01,0.04,0.01,0.01,0.01,0.0,0.04,Sports Reference 2025-26,0.3,-2.6,2.9,7.0,0.6,0.069,Gr,,,,,,,,,,,,,tracking,13.0,9.0,0.692,0.26,1.0,0.0,0.0,0.02,13.0,0.308,0.26,23.0,0.304,0.46,4.0,7.0
clemson_rj_godfrey,RJ Godfrey,clemson,F,Jr,35,882.0,25.2,0.35,420.0,12.0,0.615,0.635,10,0.2,144,0.66,0.13,0.148,0.003,0.008,0.0,0.0,0.001,0.05,0.1,0.05,0.04,0.02,0.02,0.07,Sports Reference 2025-26,7.8,4.5,3.3,22.8,4.3,0.194,Gr,,,,,,,,,,,,,tracking,182.0,117.0,0.643,0.714,64.0,37.0,0.578,0.251,3.0,0.333,0.012,6.0,0.167,0.024,1.0,1.0
clemson_carter_welling,Carter Welling,clemson,C,Jr,32,665.6,20.8,0.35,326.4,10.2,0.532,0.552,58,0.293,138,0.701,0.13,0.11,0.003,0.01,0.0,0.001,0.001,0.05,0.12,0.03,0.04,0.03,0.03,0.07,Sports Reference 2025-26,7.9,4.1,3.8,23.3,3.2,0.19,Sr,,,,,,,,,,,,,tracking,118.0,70.0,0.593,0.544,41.0,20.0,0.488,0.189,20.0,0.3,0.092,38.0,0.289,0.175,6.0,11.0
clemson_jestin_porter,Jestin Porter,clemson,G,Jr,35,945.0,27.0,0.35,336.0,9.6,0.482,0.502,186,0.348,63,0.762,0.078,0.128,0.001,0.002,0.001,0.0,0.001,0.02,0.03,0.04,0.02,0.03,0.01,0.03,Sports Reference 2025-26,5.0,1.9,3.1,13.4,2.6,0.109,Gr,,,,,,,,,,,,,tracking,73.0,32.0,0.438,0.248,40.0,15.0,0.375,0.136,63.0,0.349,0.214,118.0,0.339,0.401,22.0,40.0
clemson_nick_davidson,Nick Davidson,clemson,F,Jr,35,770.0,22.0,0.305,318.5,9.1,0.576,0.596,84,0.345,91,0.674,0.117,0.129,0.002,0.007,0.0,0.0,0.001,0.03,0.08,0.03,0.03,0.01,0.01,0.06,Sports Reference 2025-26,5.5,3.1,2.4,17.9,3.0,0.154,Gr,,,,,,,,,,,,,tracking,80.0,58.0,0.725,0.37,54.0,25.0,0.463,0.25,29.0,0.345,0.134,53.0,0.358,0.245,10.0,19.0
clemson_ace_buckner,Ace Buckner,clemson,G,Jr,35,682.5,19.5,0.308,290.5,8.3,0.491,0.511,94,0.312,80,0.813,0.116,0.209,0.001,0.006,0.0,0.0,0.001,0.02,0.06,0.05,0.03,0.02,0.0,0.05,Sports Reference 2025-26,5.9,2.5,3.4,17.5,2.5,0.147,So,,,,,,,,,,,,,tracking,72.0,43.0,0.597,0.323,61.0,25.0,0.41,0.274,31.0,0.323,0.139,59.0,0.322,0.265,10.0,19.0
clemson_dillon_hunter,Dillon Hunter,clemson,G,Jr,35,1001.0,28.6,0.289,262.5,7.5,0.488,0.508,94,0.347,70,0.786,0.136,0.35,0.001,0.006,0.0,0.0,0.001,0.01,0.09,0.09,0.03,0.03,0.0,0.05,Sports Reference 2025-26,4.3,0.8,3.5,13.0,3.0,0.122,Gr,,,,,,,,,,,,,tracking,49.0,26.0,0.531,0.236,67.0,28.0,0.418,0.322,32.0,0.344,0.154,60.0,0.333,0.288,11.0,20.0
clemson_zac_foster,Zac Foster,clemson,G,Jr,12,224.4,18.7,0.325,82.8,6.9,0.387,0.407,47,0.277,22,0.818,0.143,0.275,0.001,0.007,0.0,0.0,0.002,0.03,0.2,0.21,0.11,0.03,0.02,0.23,Sports Reference 2025-26,-1.2,-2.8,1.6,10.9,0.4,0.074,So,,,,,,,,,,,,,tracking,29.0,11.0,0.379,0.345,8.0,2.0,0.25,0.095,16.0,0.312,0.19,31.0,0.258,0.369,5.0,8.0
clemson_efrem_johnson,Efrem Johnson,clemson,G,Jr,35,738.5,21.1,0.22,220.5,6.3,0.508,0.528,122,0.355,46,0.83,0.081,0.162,0.001,0.004,0.0,0.0,0.001,0.01,0.05,0.03,0.01,0.02,0.01,0.03,Sports Reference 2025-26,5.0,2.1,2.9,12.6,2.2,0.12,Gr,,,,,,,,,,,,,tracking,26.0,14.0,0.538,0.153,27.0,10.0,0.37,0.159,41.0,0.341,0.241,76.0,0.355,0.447,14.0,27.0
clemson_jake_wahlin,Jake Wahlin,clemson,F,Jr,35,714.0,20.4,0.2,185.5,5.3,0.509,0.529,102,0.34,32,0.688,0.125,0.125,0.002,0.008,0.0,0.0,0.001,0.02,0.09,0.02,0.02,0.01,0.01,0.05,Sports Reference 2025-26,2.2,0.1,2.1,10.6,1.8,0.099,Sr,,,,,,,,,,,,,tracking,42.0,24.0,0.571,0.271,15.0,6.0,0.4,0.097,34.0,0.353,0.219,64.0,0.344,0.413,12.0,22.0
clemson_chase_thompson,Chase Thompson,clemson,F,Jr,35,315.0,9.0,0.072,80.5,2.3,0.623,0.643,24,0.4,18,0.684,0.149,0.149,0.001,0.005,0.0,0.0,0.001,0.01,0.02,0.01,0.01,0.01,0.0,0.01,Sports Reference 2025-26,3.9,1.2,2.7,12.0,0.9,0.116,So,,,,,,,,,,,,,tracking,21.0,14.0,0.667,0.412,5.0,3.0,0.6,0.098,9.0,0.444,0.176,16.0,0.375,0.314,4.0,6.0
duke_patrick_ngongba,Patrick Ngongba,duke,C,Jr,32,700.8,21.9,0.322,323.2,10.1,0.628,0.648,32,0.258,131,0.664,0.144,0.222,0.004,0.009,0.0,0.001,0.002,0.07,0.11,0.06,0.04,0.02,0.03,0.09,Sports Reference 2025-26,10.9,5.2,5.7,24.6,4.3,0.247,Jr,,,,,,,,,,,,,tracking,134.0,94.0,0.701,0.74,18.0,7.0,0.389,0.099,10.0,0.3,0.055,19.0,0.263,0.105,3.0,5.0
duke_caleb_foster,Caleb Foster,duke,G,Jr,33,818.4,24.8,0.309,273.9,8.3,0.533,0.553,99,0.398,56,0.582,0.127,0.324,0.001,0.006,0.0,0.0,0.001,0.02,0.09,0.08,0.03,0.01,0.0,0.05,Sports Reference 2025-26,5.6,2.4,3.2,13.2,3.1,0.15,Sr,,,,,,,,,,,,,tracking,85.0,40.0,0.471,0.392,35.0,17.0,0.486,0.161,34.0,0.412,0.157,63.0,0.397,0.29,14.0,25.0
duke_cayden_boozer,Cayden Boozer,duke,G,Jr,38,866.4,22.8,0.274,292.6,7.7,0.548,0.568,65,0.303,76,0.813,0.169,0.35,0.001,0.004,0.0,0.0,0.001,0.01,0.05,0.08,0.03,0.02,0.0,0.04,Sports Reference 2025-26,6.6,2.4,4.3,15.2,3.6,0.167,So,,,,,,,,,,,,,tracking,72.0,48.0,0.667,0.409,45.0,21.0,0.467,0.256,21.0,0.286,0.119,38.0,0.289,0.216,6.0,11.0
duke_dame_sarr,Dame Sarr,duke,G,Jr,38,893.0,23.5,0.261,243.2,6.4,0.507,0.527,133,0.323,61,0.532,0.151,0.151,0.001,0.007,0.001,0.0,0.001,0.02,0.08,0.03,0.03,0.03,0.01,0.05,Sports Reference 2025-26,5.7,0.8,5.0,11.1,2.8,0.127,So,,,,,,,,,,,,,tracking,57.0,33.0,0.579,0.31,9.0,4.0,0.444,0.049,41.0,0.317,0.223,77.0,0.312,0.418,13.0,24.0
duke_maliq_brown,Maliq Brown,duke,F,Jr,38,771.4,20.3,0.182,186.2,4.9,0.648,0.668,30,0.167,34,0.5,0.235,0.314,0.004,0.009,0.001,0.001,0.002,0.05,0.09,0.04,0.03,0.05,0.02,0.07,Sports Reference 2025-26,11.6,2.6,8.9,19.0,3.8,0.197,Gr,,,,,,,,,,,,,tracking,91.0,69.0,0.758,0.758,0.0,0.0,,0.0,10.0,0.2,0.083,19.0,0.158,0.158,2.0,3.0
duke_darren_harris,Darren Harris,duke,G,Jr,36,349.2,9.7,0.11,118.8,3.3,0.489,0.509,68,0.333,40,0.769,0.032,0.13,0.002,0.002,0.0,0.0,0.001,0.01,0.01,0.01,0.0,0.01,0.0,0.02,Sports Reference 2025-26,4.2,1.4,2.8,12.9,1.5,0.167,Jr,,,,,,,,,,,,,tracking,18.0,10.0,0.556,0.207,2.0,0.0,0.0,0.023,23.0,0.348,0.264,44.0,0.341,0.506,8.0,15.0
florida_state_robert_mccray_v,Robert McCray V,florida_state,G,Jr,33,953.7,28.9,0.35,537.9,16.3,0.515,0.535,139,0.355,142,0.713,0.197,0.333,0.001,0.006,0.001,0.0,0.001,0.03,0.09,0.18,0.11,0.04,0.02,0.08,Sports Reference 2025-26,5.7,4.4,1.3,20.0,2.9,0.12,Gr,,,,,,,,,,,,,tracking,191.0,105.0,0.55,0.449,95.0,40.0,0.421,0.224,49.0,0.347,0.115,90.0,0.356,0.212,17.0,32.0
florida_state_chauncey_wiggins,Chauncey Wiggins,florida_state,F,Jr,32,889.6,27.8,0.35,425.6,13.3,0.595,0.615,186,0.387,67,0.851,0.086,0.077,0.001,0.006,0.0,0.0,0.001,0.03,0.09,0.03,0.03,0.01,0.01,0.05,Sports Reference 2025-26,4.7,4.8,0.0,16.7,2.8,0.127,Gr,,,,,,,,,,,,,tracking,53.0,43.0,0.811,0.172,70.0,33.0,0.471,0.227,65.0,0.385,0.211,120.0,0.392,0.39,25.0,47.0
florida_state_lajae_jones,Lajae Jones,florida_state,G,Jr,33,973.5,29.5,0.35,419.1,12.7,0.512,0.532,168,0.325,119,0.763,0.081,0.09,0.002,0.008,0.0,0.001,0.001,0.04,0.13,0.03,0.03,0.04,0.03,0.08,Sports Reference 2025-26,5.1,2.9,2.2,17.5,3.2,0.132,Gr,,,,,,,,,,,,,tracking,119.0,70.0,0.588,0.371,33.0,12.0,0.364,0.103,59.0,0.322,0.184,110.0,0.327,0.343,19.0,36.0
florida_state_martin_somerville,Martin Somerville,florida_state,G,Jr,33,858.0,26.0,0.31,264.0,8.0,0.469,0.489,178,0.337,66,0.791,0.115,0.276,0.001,0.005,0.001,0.0,0.001,0.02,0.07,0.07,0.03,0.05,0.0,0.08,Sports Reference 2025-26,3.0,0.3,2.7,12.2,2.1,0.097,Jr,,,,,,,,,,,,,tracking,27.0,7.0,0.259,0.119,21.0,9.0,0.429,0.093,62.0,0.339,0.274,116.0,0.336,0.513,21.0,39.0
florida_state_kobe_magee,Kobe MaGee,florida_state,G,Jr,33,653.4,19.8,0.289,260.7,7.9,0.502,0.522,172,0.324,59,0.741,0.087,0.099,0.002,0.006,0.0,0.0,0.001,0.02,0.06,0.02,0.02,0.02,0.0,0.03,Sports Reference 2025-26,3.3,2.4,0.9,14.0,1.6,0.098,Gr,,,,,,,,,,,,,tracking,37.0,23.0,0.622,0.17,11.0,4.0,0.364,0.05,59.0,0.322,0.271,111.0,0.324,0.509,19.0,36.0
florida_state_alex_steen,Alex Steen,florida_state,F,Jr,32,633.6,19.8,0.213,217.6,6.8,0.632,0.652,0,0.0,99,0.7,0.151,0.151,0.006,0.008,0.0,0.001,0.001,0.09,0.09,0.03,0.03,0.02,0.02,0.07,Sports Reference 2025-26,4.7,3.1,1.6,20.7,2.7,0.172,Gr,,,,,,,,,,,,,tracking,100.0,68.0,0.68,0.855,16.0,6.0,0.375,0.137,0.0,,0.0,1.0,0.0,0.009,0.0,0.0
florida_state_thomas_bassong,Thomas Bassong,florida_state,G,Jr,33,636.9,19.3,0.229,194.7,5.9,0.53,0.55,50,0.26,69,0.544,0.156,0.062,0.003,0.006,0.0,0.0,0.002,0.04,0.07,0.01,0.03,0.02,0.01,0.08,Sports Reference 2025-26,-0.6,-1.8,1.2,11.0,1.1,0.07,So,,,,,,,,,,,,,tracking,92.0,57.0,0.62,0.622,6.0,2.0,0.333,0.041,18.0,0.278,0.122,32.0,0.25,0.216,5.0,8.0
florida_state_cam_miles,Cam Miles,florida_state,G,Jr,25,347.5,13.9,0.24,135.0,5.4,0.421,0.441,75,0.216,35,0.676,0.119,0.253,0.001,0.003,0.001,0.0,0.001,0.02,0.03,0.07,0.03,0.03,0.0,0.05,Sports Reference 2025-26,-1.1,-1.6,0.5,11.2,0.5,0.053,So,,,,,,,,,,,,,tracking,43.0,26.0,0.605,0.323,16.0,6.0,0.375,0.12,26.0,0.231,0.195,48.0,0.208,0.361,6.0,10.0
florida_state_aj_swinton,AJ Swinton,florida_state,F,Jr,26,408.2,15.7,0.168,117.0,4.5,0.536,0.556,57,0.328,23,0.565,0.106,0.085,0.001,0.005,0.001,0.001,0.001,0.01,0.06,0.02,0.02,0.04,0.02,0.05,Sports Reference 2025-26,4.2,0.4,3.7,12.3,0.9,0.086,Jr,,,,,,,,,,,,,tracking,36.0,23.0,0.639,0.367,4.0,1.0,0.25,0.041,20.0,0.35,0.204,38.0,0.316,0.388,7.0,12.0
georgia_tech_kowacie_reeves_jr_,Kowacie Reeves Jr.,georgia_tech,G,Jr,29,875.8,30.2,0.35,437.9,15.1,0.544,0.564,154,0.387,87,0.779,0.096,0.083,0.001,0.005,0.0,0.0,0.001,0.03,0.1,0.04,0.05,0.03,0.02,0.08,Sports Reference 2025-26,3.7,2.8,0.9,16.2,2.4,0.108,Gr,,,,,,,,,,,,,tracking,80.0,52.0,0.65,0.234,103.0,43.0,0.417,0.301,56.0,0.375,0.164,103.0,0.388,0.301,21.0,40.0
georgia_tech_akai_fleming,Akai Fleming,georgia_tech,G,Jr,30,765.0,25.5,0.35,312.0,10.4,0.427,0.447,84,0.329,114,0.816,0.143,0.11,0.001,0.005,0.0,0.0,0.001,0.03,0.08,0.04,0.06,0.02,0.01,0.06,Sports Reference 2025-26,-1.6,-1.1,-0.5,10.7,1.0,0.054,So,,,,,,,,,,,,,tracking,96.0,45.0,0.469,0.376,70.0,21.0,0.3,0.275,31.0,0.323,0.122,58.0,0.328,0.227,10.0,19.0
georgia_tech_jaeden_mustaf,Jaeden Mustaf,georgia_tech,G,Jr,29,803.3,27.7,0.35,301.6,10.4,0.478,0.498,55,0.389,110,0.727,0.134,0.215,0.002,0.006,0.0,0.0,0.001,0.04,0.11,0.08,0.05,0.02,0.01,0.08,Sports Reference 2025-26,1.1,0.4,0.7,12.9,1.7,0.087,Jr,,,,,,,,,,,,,tracking,118.0,64.0,0.542,0.511,56.0,15.0,0.268,0.242,20.0,0.35,0.087,37.0,0.378,0.16,7.0,14.0
georgia_tech_lamar_washington,Lamar Washington,georgia_tech,G,Jr,29,823.6,28.4,0.35,278.4,9.6,0.432,0.452,67,0.288,99,0.755,0.22,0.35,0.001,0.008,0.001,0.0,0.001,0.02,0.14,0.18,0.09,0.05,0.01,0.08,Sports Reference 2025-26,1.3,-1.0,2.2,13.7,1.5,0.074,Gr,,,,,,,,,,,,,tracking,97.0,48.0,0.495,0.413,72.0,25.0,0.347,0.306,23.0,0.304,0.098,43.0,0.279,0.183,7.0,12.0
georgia_tech_kam_craft,Kam Craft,georgia_tech,G,Jr,29,620.6,21.4,0.274,211.7,7.3,0.495,0.515,128,0.364,17,0.765,0.065,0.117,0.001,0.004,0.0,0.0,0.001,0.02,0.05,0.03,0.02,0.01,0.01,0.04,Sports Reference 2025-26,0.2,0.4,-0.3,10.3,1.0,0.066,Sr,,,,,,,,,,,,,tracking,29.0,13.0,0.448,0.144,39.0,14.0,0.359,0.194,47.0,0.362,0.234,86.0,0.372,0.428,17.0,32.0
georgia_tech_chas_kelley_iii,Chas Kelley III,georgia_tech,G,Jr,29,498.8,17.2,0.173,124.7,4.3,0.532,0.552,72,0.384,9,0.6,0.186,0.331,0.001,0.004,0.0,0.0,0.001,0.01,0.04,0.06,0.03,0.01,0.0,0.06,Sports Reference 2025-26,-1.2,-1.6,0.5,8.1,0.7,0.052,Gr,,,,,,,,,,,,,tracking,20.0,9.0,0.45,0.18,18.0,8.0,0.444,0.162,26.0,0.385,0.234,47.0,0.383,0.423,10.0,18.0
georgia_tech_peyton_marshall,Peyton Marshall,georgia_tech,C,Jr,18,189.0,10.5,0.161,59.4,3.3,0.538,0.558,2,0.0,29,0.586,0.28,0.178,0.002,0.013,0.0,0.001,0.002,0.03,0.13,0.04,0.09,0.01,0.04,0.09,Sports Reference 2025-26,-2.5,-6.3,3.8,10.6,0.1,0.024,Jr,,,,,,,,,,,,,tracking,32.0,20.0,0.625,0.821,5.0,1.0,0.2,0.128,1.0,0.0,0.026,1.0,0.0,0.026,0.0,0.0
georgia_tech_eric_chatfield_jr_,Eric Chatfield Jr.,georgia_tech,G,Jr,14,182.0,13.0,0.139,36.4,2.6,0.429,0.449,25,0.24,0,0.0,0.231,0.35,0.001,0.003,0.001,0.0,0.001,0.01,0.06,0.1,0.06,0.04,0.0,0.09,Sports Reference 2025-26,-3.9,-4.7,0.8,5.6,0.1,0.014,So,,,,,,,,,,,,,tracking,4.0,4.0,1.0,0.095,13.0,5.0,0.385,0.31,9.0,0.222,0.214,16.0,0.25,0.381,2.0,4.0
georgia_tech_cole_kirouac,Cole Kirouac,georgia_tech,C,Jr,23,262.2,11.4,0.062,39.1,1.7,0.633,0.653,0,0.0,7,0.0,0.173,0.173,0.002,0.008,0.0,0.0,0.002,0.03,0.07,0.01,0.01,0.01,0.01,0.07,Sports Reference 2025-26,0.1,-2.3,2.4,8.6,0.5,0.07,So,,,,,,,,,,,,,tracking,24.0,16.0,0.667,0.8,6.0,3.0,0.5,0.2,0.0,,0.0,0.0,,0.0,0.0,0.0
georgia_tech_davi_remagen,Davi Remagen,georgia_tech,G,Jr,11,117.7,10.7,0.099,17.6,1.6,0.318,0.338,6,0.0,7,0.571,0.181,0.253,0.001,0.005,0.001,0.0,0.002,0.02,0.09,0.06,0.05,0.08,0.01,0.14,Sports Reference 2025-26,-3.6,-7.7,4.1,5.8,0.1,0.021,So,,,,,,,,,,,,,tracking,4.0,1.0,0.25,0.182,12.0,6.0,0.5,0.545,2.0,0.0,0.091,4.0,0.0,0.182,0.0,0.0
louisville_ryan_conwell,Ryan Conwell,louisville,G,Jr,34,1050.6,30.9,0.35,639.2,18.8,0.521,0.541,326,0.345,150,0.832,0.113,0.146,0.001,0.007,0.0,0.0,0.001,0.02,0.12,0.08,0.06,0.03,0.01,0.08,Sports Reference 2025-26,7.3,5.1,2.2,19.0,4.4,0.166,Gr,,,,,,,,,,,,,tracking,115.0,68.0,0.591,0.248,42.0,16.0,0.381,0.091,107.0,0.346,0.231,200.0,0.34,0.431,37.0,68.0
louisville_j_vonne_hadley,J'Vonne Hadley,louisville,G,Jr,34,952.0,28.0,0.344,391.0,11.5,0.633,0.653,85,0.44,88,0.705,0.093,0.187,0.002,0.008,0.0,0.0,0.001,0.04,0.11,0.05,0.03,0.03,0.01,0.06,Sports Reference 2025-26,8.8,5.0,3.8,18.8,4.3,0.183,Gr,,,,,,,,,,,,,tracking,128.0,82.0,0.641,0.516,41.0,24.0,0.585,0.165,28.0,0.464,0.113,51.0,0.451,0.206,13.0,23.0
louisville_isaac_mckneely,Isaac McKneely,louisville,G,Jr,35,1011.5,28.9,0.35,381.5,10.9,0.58,0.6,242,0.395,49,0.86,0.091,0.141,0.001,0.005,0.0,0.0,0.001,0.01,0.07,0.04,0.03,0.01,0.0,0.04,Sports Reference 2025-26,5.9,4.1,1.8,13.1,3.3,0.132,Gr,,,,,,,,,,,,,tracking,26.0,15.0,0.577,0.095,21.0,10.0,0.476,0.077,79.0,0.38,0.289,147.0,0.381,0.538,30.0,56.0
louisville_adrian_wooley,Adrian Wooley,louisville,G,Jr,35,784.0,22.4,0.304,304.5,8.7,0.539,0.559,116,0.35,74,0.778,0.129,0.211,0.002,0.006,0.0,0.0,0.001,0.04,0.07,0.05,0.03,0.02,0.0,0.06,Sports Reference 2025-26,5.9,3.3,2.6,15.1,2.9,0.148,Jr,,,,,,,,,,,,,tracking,91.0,53.0,0.582,0.425,15.0,5.0,0.333,0.07,38.0,0.342,0.178,70.0,0.343,0.327,13.0,24.0
louisville_khani_rooths,Khani Rooths,louisville,F,Jr,31,492.9,15.9,0.2,164.3,5.3,0.5,0.52,59,0.224,56,0.649,0.125,0.179,0.003,0.011,0.0,0.001,0.001,0.03,0.11,0.03,0.02,0.02,0.02,0.05,Sports Reference 2025-26,5.2,1.4,3.8,15.6,1.7,0.141,Jr,,,,,,,,,,,,,tracking,59.0,40.0,0.678,0.488,8.0,3.0,0.375,0.066,19.0,0.211,0.157,35.0,0.229,0.289,4.0,8.0
louisville_aly_khalifa,Aly Khalifa,louisville,F,Jr,35,416.5,11.9,0.132,115.5,3.3,0.578,0.598,66,0.409,7,0.625,0.244,0.35,0.001,0.007,0.0,0.001,0.002,0.01,0.04,0.07,0.03,0.01,0.01,0.05,Sports Reference 2025-26,7.8,3.2,4.6,14.0,1.5,0.144,Gr,,,,,,,,,,,,,tracking,19.0,11.0,0.579,0.216,10.0,3.0,0.3,0.114,21.0,0.381,0.239,38.0,0.421,0.432,8.0,16.0
louisville_kobe_rodgers,Kobe Rodgers,louisville,G,Jr,34,486.2,14.3,0.126,112.2,3.3,0.539,0.559,31,0.344,34,0.879,0.226,0.35,0.003,0.006,0.001,0.0,0.002,0.03,0.04,0.04,0.02,0.03,0.0,0.06,Sports Reference 2025-26,6.1,0.6,5.5,13.8,1.8,0.15,Gr,,,,,,,,,,,,,tracking,35.0,20.0,0.571,0.493,6.0,4.0,0.667,0.085,10.0,0.4,0.141,20.0,0.35,0.282,4.0,7.0
miami_malik_reneau,Malik Reneau,miami,F,Jr,35,1015.0,29.0,0.35,661.5,18.9,0.57,0.59,74,0.347,206,0.788,0.156,0.117,0.003,0.008,0.0,0.0,0.001,0.07,0.12,0.06,0.08,0.03,0.02,0.07,Sports Reference 2025-26,8.5,6.0,2.5,25.9,5.1,0.2,Gr,,,,,,,,,,,,,tracking,258.0,169.0,0.655,0.635,80.0,30.0,0.375,0.197,24.0,0.333,0.059,44.0,0.364,0.108,8.0,16.0
miami_shelton_henderson,Shelton Henderson,miami,F,Jr,35,1092.0,31.2,0.35,483.0,13.8,0.587,0.607,52,0.255,158,0.576,0.135,0.157,0.002,0.005,0.0,0.0,0.001,0.05,0.09,0.06,0.05,0.03,0.01,0.06,Sports Reference 2025-26,5.4,3.2,2.3,18.4,4.0,0.146,So,,,,,,,,,,,,,tracking,178.0,124.0,0.697,0.576,83.0,37.0,0.446,0.269,17.0,0.294,0.055,31.0,0.258,0.1,5.0,8.0
miami_ernest_udeh_jr_,Ernest Udeh Jr.,miami,C,Jr,33,930.6,28.2,0.194,221.1,6.7,0.727,0.72,0,0.0,86,0.512,0.11,0.092,0.004,0.012,0.0,0.001,0.001,0.09,0.19,0.02,0.02,0.03,0.04,0.07,Sports Reference 2025-26,7.1,3.4,3.7,18.9,4.1,0.174,Gr,,,,,,,,,,,,,tracking,114.0,85.0,0.746,0.966,4.0,1.0,0.25,0.034,0.0,,0.0,0.0,,0.0,0.0,0.0
miami_dante_allen,Dante Allen,miami,G,Jr,30,717.0,23.9,0.261,198.0,6.6,0.506,0.526,78,0.321,48,0.583,0.137,0.301,0.001,0.005,0.001,0.0,0.001,0.02,0.08,0.07,0.03,0.03,0.0,0.04,Sports Reference 2025-26,4.2,1.0,3.1,11.9,1.9,0.105,So,,,,,,,,,,,,,tracking,55.0,34.0,0.618,0.359,27.0,11.0,0.407,0.176,25.0,0.28,0.163,46.0,0.304,0.301,7.0,14.0
miami_marcus_allen,Marcus Allen,miami,G,Jr,8,151.2,18.9,0.182,42.4,5.3,0.5,0.52,13,0.385,13,0.692,0.059,0.313,0.002,0.007,0.0,0.0,0.001,0.11,0.29,0.2,0.04,0.04,0.0,0.23,Sports Reference 2025-26,1.4,0.2,1.3,12.9,0.5,0.139,Jr,,,,,,,,,,,,,tracking,10.0,4.0,0.4,0.303,10.0,5.0,0.5,0.303,5.0,0.4,0.152,8.0,0.375,0.242,2.0,3.0
miami_timotej_malovec,Timotej Malovec,miami,F,Jr,33,491.7,14.9,0.163,138.6,4.2,0.5,0.52,112,0.333,20,0.714,0.131,0.197,0.0,0.004,0.0,0.0,0.002,0.0,0.04,0.03,0.02,0.01,0.01,0.05,Sports Reference 2025-26,-0.2,-1.5,1.3,7.8,1.0,0.085,So,,,,,,,,,,,,,tracking,9.0,6.0,0.667,0.073,3.0,0.0,0.0,0.024,39.0,0.333,0.317,72.0,0.333,0.585,13.0,24.0
miami_noam_dovrat,Noam Dovrat,miami,G,Jr,27,253.8,9.4,0.115,102.6,3.8,0.637,0.657,57,0.466,8,1.0,0.124,0.309,0.0,0.003,0.001,0.0,0.001,0.0,0.02,0.04,0.01,0.01,0.0,0.02,Sports Reference 2025-26,6.1,4.2,2.0,16.3,1.1,0.165,Sr,,,,,,,,,,,,,tracking,6.0,4.0,0.667,0.086,9.0,2.0,0.222,0.129,19.0,0.474,0.271,36.0,0.472,0.514,9.0,17.0
miami_salih_altuntas,Salih Altuntas,miami,C,Jr,32,252.8,7.9,0.061,51.2,1.6,0.657,0.677,0,0.0,16,0.375,0.233,0.058,0.003,0.009,0.0,0.001,0.003,0.02,0.04,0.0,0.01,0.01,0.01,0.05,Sports Reference 2025-26,-1.1,-4.3,3.2,10.9,0.7,0.107,So,,,,,,,,,,,,,tracking,27.0,18.0,0.667,0.771,8.0,5.0,0.625,0.229,0.0,,0.0,0.0,,0.0,0.0,0.0
nc_state_darrion_williams,Darrion Williams,nc_state,F,Jr,33,990.0,30.0,0.35,462.0,14.0,0.511,0.531,191,0.404,66,0.773,0.103,0.192,0.001,0.007,0.0,0.0,0.001,0.03,0.11,0.08,0.05,0.03,0.01,0.08,Sports Reference 2025-26,5.2,4.0,1.2,16.6,2.7,0.11,Gr,,,,,,,,,,,,,tracking,77.0,40.0,0.519,0.208,110.0,37.0,0.336,0.296,64.0,0.406,0.173,120.0,0.4,0.323,26.0,48.0
nc_state_quadir_copeland,Quadir Copeland,nc_state,G,Jr,34,982.6,28.9,0.35,472.6,13.9,0.53,0.55,58,0.397,184,0.775,0.195,0.35,0.001,0.006,0.001,0.0,0.001,0.02,0.09,0.19,0.08,0.05,0.0,0.09,Sports Reference 2025-26,7.8,4.5,3.2,22.1,4.2,0.171,Gr,,,,,,,,,,,,,tracking,187.0,106.0,0.567,0.643,49.0,16.0,0.327,0.168,19.0,0.368,0.065,36.0,0.389,0.124,7.0,14.0
nc_state_paul_mcneil_jr_,Paul McNeil Jr.,nc_state,G,Jr,34,972.4,28.6,0.35,469.2,13.8,0.597,0.617,245,0.427,109,0.824,0.036,0.071,0.001,0.005,0.0,0.0,0.001,0.02,0.08,0.02,0.01,0.02,0.01,0.05,Sports Reference 2025-26,7.6,7.1,0.5,18.8,3.9,0.159,Jr,,,,,,,,,,,,,tracking,37.0,22.0,0.595,0.125,30.0,7.0,0.233,0.101,80.0,0.425,0.27,149.0,0.43,0.503,34.0,64.0
nc_state_ven_allen_lubin,Ven-Allen Lubin,nc_state,F,Jr,34,955.4,28.1,0.35,462.4,13.6,0.674,0.694,10,0.273,143,0.743,0.077,0.086,0.004,0.008,0.0,0.001,0.001,0.09,0.12,0.03,0.02,0.01,0.03,0.07,Sports Reference 2025-26,7.5,6.5,1.0,24.7,5.0,0.208,Gr,,,,,,,,,,,,,tracking,216.0,158.0,0.731,0.857,25.0,8.0,0.32,0.099,4.0,0.25,0.016,7.0,0.286,0.028,1.0,2.0
nc_state_tre_holloman,Tre Holloman,nc_state,G,Jr,32,819.2,25.6,0.323,294.4,9.2,0.539,0.559,128,0.402,77,0.816,0.133,0.232,0.0,0.003,0.0,0.0,0.001,0.01,0.05,0.07,0.04,0.03,0.01,0.06,Sports Reference 2025-26,4.1,2.1,1.9,13.4,2.0,0.1,Gr,,,,,,,,,,,,,tracking,49.0,22.0,0.449,0.241,32.0,13.0,0.406,0.158,43.0,0.419,0.212,79.0,0.405,0.389,18.0,32.0
nc_state_jerry_deng,Jerry Deng,nc_state,F,Jr,8,100.0,12.5,0.236,48.8,6.1,0.467,0.487,34,0.324,7,0.857,0.061,0.061,0.002,0.007,0.001,0.0,0.001,0.06,0.2,0.05,0.05,0.07,0.01,0.12,Sports Reference 2025-26,-0.9,-0.5,-0.5,15.8,0.2,0.097,Sr,,,,,,,,,,,,,tracking,10.0,5.0,0.5,0.238,2.0,0.0,0.0,0.048,10.0,0.3,0.238,20.0,0.3,0.476,3.0,6.0
nc_state_alyn_breed,Alyn Breed,nc_state,G,Jr,21,312.9,14.9,0.16,94.5,4.5,0.473,0.493,29,0.345,27,0.893,0.089,0.291,0.001,0.006,0.001,0.0,0.002,0.01,0.08,0.06,0.02,0.03,0.0,0.1,Sports Reference 2025-26,2.9,-0.3,3.3,12.9,0.9,0.113,Gr,,,,,,,,,,,,,tracking,24.0,12.0,0.5,0.324,21.0,8.0,0.381,0.284,10.0,0.4,0.135,19.0,0.316,0.257,4.0,6.0
nc_state_terrance_arceneaux,Terrance Arceneaux,nc_state,G,Jr,30,474.0,15.8,0.143,114.0,3.8,0.485,0.505,45,0.326,21,0.773,0.1,0.125,0.002,0.007,0.001,0.0,0.001,0.02,0.07,0.02,0.01,0.03,0.01,0.03,Sports Reference 2025-26,4.5,1.5,3.1,12.7,1.1,0.093,Sr,,,,,,,,,,,,,tracking,33.0,17.0,0.515,0.347,18.0,8.0,0.444,0.189,15.0,0.333,0.158,29.0,0.345,0.305,5.0,10.0
nc_state_musa_sagnia,Musa Sagnia,nc_state,F,Jr,34,421.6,12.4,0.088,78.2,2.3,0.605,0.625,3,0.25,20,0.455,0.203,0.081,0.004,0.007,0.001,0.001,0.002,0.04,0.05,0.01,0.01,0.02,0.01,0.05,Sports Reference 2025-26,2.8,-0.3,3.2,12.6,1.1,0.105,So,,,,,,,,,,,,,tracking,44.0,29.0,0.659,0.8,7.0,2.0,0.286,0.127,1.0,0.0,0.018,3.0,0.333,0.055,0.0,1.0
north_carolina_seth_trimble,Seth Trimble,north_carolina,G,Jr,24,780.0,32.5,0.35,336.0,14.0,0.508,0.528,62,0.286,132,0.667,0.1,0.214,0.001,0.005,0.0,0.0,0.001,0.04,0.12,0.12,0.06,0.05,0.01,0.08,Sports Reference 2025-26,5.6,2.3,3.2,17.2,2.7,0.141,Gr,,,,,,,,,,,,,tracking,116.0,75.0,0.647,0.498,58.0,18.0,0.31,0.249,21.0,0.286,0.09,38.0,0.289,0.163,6.0,11.0
north_carolina_jarin_stevenson,Jarin Stevenson,north_carolina,F,Jr,33,848.1,25.7,0.271,267.3,8.1,0.541,0.561,89,0.295,89,0.742,0.105,0.119,0.002,0.006,0.0,0.0,0.001,0.04,0.09,0.03,0.02,0.02,0.02,0.06,Sports Reference 2025-26,5.4,2.0,3.3,14.2,2.8,0.131,Sr,,,,,,,,,,,,,tracking,60.0,46.0,0.767,0.341,31.0,12.0,0.387,0.176,30.0,0.3,0.17,55.0,0.291,0.313,9.0,16.0
north_carolina_jonathan_powell,Jonathan Powell,north_carolina,F,Jr,33,534.6,16.2,0.175,158.4,4.8,0.518,0.538,106,0.365,30,0.483,0.061,0.143,0.001,0.006,0.0,0.0,0.001,0.02,0.05,0.02,0.01,0.02,0.0,0.04,Sports Reference 2025-26,3.9,1.0,2.9,11.2,1.4,0.105,Jr,,,,,,,,,,,,,tracking,23.0,12.0,0.522,0.174,10.0,2.0,0.2,0.076,35.0,0.371,0.265,64.0,0.391,0.485,13.0,25.0
north_carolina_kyan_evans,Kyan Evans,north_carolina,G,Jr,33,584.1,17.7,0.196,132.0,4.0,0.445,0.465,106,0.305,13,0.692,0.201,0.35,0.0,0.004,0.0,0.0,0.001,0.0,0.04,0.08,0.03,0.02,0.0,0.05,Sports Reference 2025-26,-0.5,-2.6,2.0,6.7,0.7,0.051,Sr,,,,,,,,,,,,,tracking,24.0,12.0,0.5,0.175,8.0,1.0,0.125,0.058,37.0,0.297,0.27,68.0,0.309,0.496,11.0,21.0
north_carolina_zayden_high,Zayden High,north_carolina,F,Jr,29,263.9,9.1,0.137,98.6,3.4,0.5,0.52,17,0.188,35,0.676,0.157,0.131,0.004,0.012,0.0,0.0,0.002,0.03,0.07,0.02,0.02,0.01,0.01,0.04,Sports Reference 2025-26,3.9,0.4,3.5,17.2,0.9,0.134,Jr,,,,,,,,,,,,,tracking,41.0,24.0,0.585,0.554,17.0,8.0,0.471,0.23,6.0,0.167,0.081,10.0,0.2,0.135,1.0,2.0
notre_dame_cole_certa,Cole Certa,notre_dame,G,Jr,31,830.8,26.8,0.35,396.8,12.8,0.508,0.528,220,0.367,102,0.892,0.059,0.067,0.001,0.003,0.0,0.0,0.001,0.01,0.04,0.03,0.02,0.01,0.0,0.05,Sports Reference 2025-26,3.1,3.7,-0.6,15.1,2.5,0.118,Jr,,,,,,,,,,,,,tracking,34.0,21.0,0.618,0.113,47.0,11.0,0.234,0.156,77.0,0.364,0.255,144.0,0.368,0.477,28.0,53.0
notre_dame_braeden_shrewsberry,Braeden Shrewsberry,notre_dame,G,Jr,31,1013.7,32.7,0.35,368.9,11.9,0.532,0.552,220,0.402,53,0.778,0.094,0.162,0.0,0.005,0.0,0.0,0.001,0.0,0.1,0.06,0.04,0.01,0.0,0.04,Sports Reference 2025-26,2.8,2.5,0.3,12.2,2.2,0.085,Sr,,,,,,,,,,,,,tracking,26.0,10.0,0.385,0.084,63.0,22.0,0.349,0.205,77.0,0.403,0.25,142.0,0.401,0.461,31.0,57.0
notre_dame_sir_mohammed,Sir Mohammed,notre_dame,G,Jr,31,508.4,16.4,0.272,176.7,5.7,0.456,0.476,43,0.286,43,0.545,0.197,0.197,0.002,0.006,0.0,0.0,0.001,0.03,0.05,0.05,0.05,0.02,0.0,0.05,Sports Reference 2025-26,-1.0,-1.5,0.6,10.9,0.4,0.028,Jr,,,,,,,,,,,,,tracking,58.0,30.0,0.517,0.343,69.0,29.0,0.42,0.408,15.0,0.267,0.089,27.0,0.296,0.16,4.0,8.0
notre_dame_brady_koehler,Brady Koehler,notre_dame,F,Jr,30,480.0,16.0,0.202,168.0,5.6,0.536,0.556,54,0.382,45,0.739,0.159,0.053,0.002,0.009,0.001,0.001,0.002,0.02,0.09,0.01,0.03,0.02,0.02,0.08,Sports Reference 2025-26,2.7,-0.4,3.1,14.7,1.3,0.104,So,,,,,,,,,,,,,tracking,35.0,22.0,0.629,0.282,34.0,13.0,0.382,0.274,19.0,0.368,0.153,36.0,0.389,0.29,7.0,14.0
notre_dame_logan_imes,Logan Imes,notre_dame,G,Jr,31,654.1,21.1,0.222,145.7,4.7,0.462,0.482,78,0.325,22,0.524,0.193,0.274,0.001,0.007,0.0,0.0,0.001,0.02,0.08,0.05,0.04,0.02,0.0,0.05,Sports Reference 2025-26,0.5,-1.6,2.0,8.6,0.6,0.04,Sr,,,,,,,,,,,,,tracking,40.0,25.0,0.625,0.274,29.0,5.0,0.172,0.199,27.0,0.333,0.185,50.0,0.32,0.342,9.0,16.0
notre_dame_garrett_sundra,Garrett Sundra,notre_dame,F,Jr,31,554.9,17.9,0.127,108.5,3.5,0.533,0.553,53,0.308,19,0.632,0.112,0.14,0.002,0.006,0.0,0.0,0.001,0.04,0.07,0.02,0.01,0.01,0.01,0.05,Sports Reference 2025-26,1.9,0.1,1.8,9.7,1.0,0.076,Jr,,,,,,,,,,,,,tracking,28.0,21.0,0.75,0.311,10.0,3.0,0.3,0.111,18.0,0.333,0.2,34.0,0.294,0.378,6.0,10.0
notre_dame_kebba_njie,Kebba Njie,notre_dame,F,Jr,17,195.5,11.5,0.084,42.5,2.5,0.632,0.652,2,0.0,26,0.72,0.254,0.085,0.002,0.013,0.0,0.0,0.002,0.04,0.16,0.01,0.04,0.01,0.01,0.11,Sports Reference 2025-26,-0.4,-3.4,2.9,10.5,0.4,0.087,Gr,,,,,,,,,,,,,tracking,11.0,7.0,0.636,0.579,7.0,5.0,0.714,0.368,0.0,,0.0,1.0,0.0,0.053,0.0,0.0
pittsburgh_cameron_corhen,Cameron Corhen,pittsburgh,F,Jr,33,1115.4,33.8,0.35,448.8,13.6,0.554,0.574,40,0.368,129,0.692,0.16,0.139,0.003,0.007,0.0,0.0,0.001,0.07,0.13,0.06,0.07,0.03,0.02,0.09,Sports Reference 2025-26,2.8,1.7,1.1,17.7,3.1,0.11,Gr,,,,,,,,,,,,,tracking,169.0,109.0,0.645,0.523,116.0,49.0,0.422,0.359,13.0,0.385,0.04,25.0,0.36,0.077,5.0,9.0
pittsburgh_barry_dunning_jr_,Barry Dunning Jr.,pittsburgh,G,Jr,33,1046.1,31.7,0.35,412.5,12.5,0.557,0.577,172,0.345,73,0.716,0.093,0.067,0.002,0.007,0.0,0.0,0.001,0.06,0.12,0.02,0.03,0.02,0.02,0.05,Sports Reference 2025-26,4.8,3.9,0.8,17.7,3.1,0.12,Gr,,,,,,,,,,,,,tracking,120.0,83.0,0.692,0.37,33.0,9.0,0.273,0.102,60.0,0.35,0.185,111.0,0.342,0.343,21.0,38.0
pittsburgh_brandin_cummings,Brandin Cummings,pittsburgh,G,Jr,19,497.8,26.2,0.35,237.5,12.5,0.505,0.525,91,0.326,70,0.718,0.096,0.168,0.001,0.003,0.0,0.0,0.001,0.02,0.06,0.11,0.06,0.04,0.01,0.13,Sports Reference 2025-26,1.9,1.7,0.3,15.8,1.3,0.108,Jr,,,,,,,,,,,,,tracking,50.0,24.0,0.48,0.272,42.0,24.0,0.571,0.228,32.0,0.312,0.174,60.0,0.333,0.326,10.0,20.0
pittsburgh_roman_siulepa,Roman Siulepa,pittsburgh,F,Jr,33,877.8,26.6,0.35,330.0,10.0,0.515,0.535,99,0.296,106,0.5,0.094,0.085,0.004,0.005,0.0,0.0,0.001,0.09,0.08,0.03,0.03,0.03,0.02,0.08,Sports Reference 2025-26,3.5,2.7,0.8,17.7,2.4,0.111,So,,,,,,,,,,,,,tracking,153.0,88.0,0.575,0.569,18.0,7.0,0.389,0.067,34.0,0.294,0.126,64.0,0.297,0.238,10.0,19.0
pittsburgh_nojus_indrusaitis,Nojus Indrusaitis,pittsburgh,G,Jr,33,775.5,23.5,0.35,300.3,9.1,0.508,0.528,142,0.387,53,0.635,0.121,0.172,0.001,0.006,0.0,0.0,0.001,0.02,0.07,0.05,0.04,0.03,0.0,0.05,Sports Reference 2025-26,2.5,1.4,1.1,14.2,1.7,0.085,Jr,,,,,,,,,,,,,tracking,75.0,39.0,0.52,0.285,46.0,12.0,0.261,0.175,50.0,0.38,0.19,92.0,0.391,0.35,19.0,36.0
pittsburgh_damarco_minor,Damarco Minor,pittsburgh,G,Jr,33,1059.3,32.1,0.339,280.5,8.5,0.483,0.503,175,0.316,59,0.883,0.158,0.35,0.001,0.005,0.0,0.0,0.001,0.02,0.1,0.1,0.05,0.04,0.01,0.07,Sports Reference 2025-26,3.3,0.9,2.5,12.6,2.4,0.09,Gr,,,,,,,,,,,,,tracking,24.0,16.0,0.667,0.101,39.0,16.0,0.41,0.165,61.0,0.311,0.257,113.0,0.319,0.477,19.0,36.0
pittsburgh_omari_witherspoon,Omari Witherspoon,pittsburgh,G,Jr,33,917.4,27.8,0.35,247.5,7.5,0.432,0.452,86,0.287,63,0.645,0.228,0.237,0.001,0.005,0.0,0.0,0.001,0.02,0.07,0.08,0.07,0.02,0.02,0.06,Sports Reference 2025-26,-1.4,-2.4,1.0,8.1,0.2,0.01,So,,,,,,,,,,,,,tracking,74.0,36.0,0.486,0.306,81.0,31.0,0.383,0.335,30.0,0.3,0.124,57.0,0.281,0.236,9.0,16.0
pittsburgh_papa_amadou_kante,Papa Amadou Kante,pittsburgh,F,Jr,8,112.8,14.1,0.121,22.4,2.8,0.45,0.47,2,0.0,9,0.444,0.118,0.266,0.006,0.013,0.0,0.0,0.002,0.26,0.41,0.11,0.05,0.04,0.01,0.24,Sports Reference 2025-26,0.2,-0.3,0.5,15.1,0.3,0.109,Jr,,,,,,,,,,,,,tracking,16.0,7.0,0.438,0.8,2.0,2.0,1.0,0.1,1.0,0.0,0.05,1.0,0.0,0.05,0.0,0.0
smu_corey_washington,Corey Washington,smu,F,Jr,34,941.8,27.7,0.35,387.6,11.4,0.568,0.588,116,0.388,122,0.769,0.098,0.088,0.003,0.006,0.0,0.0,0.002,0.06,0.09,0.03,0.03,0.03,0.01,0.09,Sports Reference 2025-26,4.5,3.0,1.5,17.0,3.4,0.143,Gr,,,,,,,,,,,,,tracking,86.0,54.0,0.628,0.344,51.0,22.0,0.431,0.204,40.0,0.4,0.16,73.0,0.397,0.292,16.0,29.0
smu_jaden_toombs,Jaden Toombs,smu,C,Jr,27,540.0,20.0,0.276,224.1,8.3,0.586,0.606,27,0.231,38,0.658,0.104,0.143,0.003,0.009,0.0,0.001,0.001,0.05,0.11,0.04,0.03,0.02,0.02,0.07,Sports Reference 2025-26,6.1,3.6,2.4,19.1,1.9,0.14,So,,,,,,,,,,,,,tracking,56.0,41.0,0.732,0.352,77.0,41.0,0.532,0.484,9.0,0.222,0.057,17.0,0.235,0.107,2.0,4.0
smu_jermaine_o_neal_jr_,Jermaine O'Neal Jr.,smu,F,Jr,34,506.6,14.9,0.171,153.0,4.5,0.511,0.531,61,0.371,14,0.917,0.105,0.084,0.002,0.005,0.0,0.0,0.001,0.02,0.04,0.01,0.01,0.01,0.01,0.03,Sports Reference 2025-26,2.1,0.6,1.5,11.3,1.0,0.077,So,,,,,,,,,,,,,tracking,37.0,18.0,0.486,0.274,37.0,18.0,0.486,0.274,21.0,0.381,0.156,40.0,0.375,0.296,8.0,15.0
stanford_chisom_okpara,Chisom Okpara,stanford,F,Jr,17,484.5,28.5,0.35,236.3,13.9,0.442,0.462,56,0.304,116,0.73,0.165,0.139,0.002,0.004,0.0,0.0,0.001,0.09,0.14,0.13,0.15,0.06,0.02,0.11,Sports Reference 2025-26,2.3,1.8,0.5,16.4,1.1,0.091,Gr,,,,,,,,,,,,,tracking,95.0,45.0,0.474,0.549,22.0,6.0,0.273,0.127,20.0,0.3,0.116,36.0,0.306,0.208,6.0,11.0
stanford_benny_gealer,Benny Gealer,stanford,G,Jr,33,973.5,29.5,0.33,359.7,10.9,0.603,0.623,211,0.41,56,0.895,0.076,0.184,0.001,0.004,0.001,0.0,0.001,0.02,0.06,0.05,0.02,0.05,0.0,0.07,Sports Reference 2025-26,6.7,3.8,2.9,16.7,3.7,0.153,Gr,,,,,,,,,,,,,tracking,25.0,14.0,0.56,0.1,22.0,12.0,0.545,0.088,71.0,0.408,0.285,131.0,0.42,0.526,29.0,55.0
stanford_jeremy_dent_smith,Jeremy Dent-Smith,stanford,G,Jr,33,663.3,20.1,0.322,270.6,8.2,0.49,0.51,152,0.379,40,0.829,0.133,0.166,0.001,0.004,0.0,0.0,0.001,0.01,0.05,0.05,0.04,0.02,0.0,0.05,Sports Reference 2025-26,1.6,0.9,0.8,12.3,1.3,0.08,Gr,,,,,,,,,,,,,tracking,62.0,25.0,0.403,0.259,25.0,6.0,0.24,0.105,53.0,0.377,0.222,99.0,0.384,0.414,20.0,38.0
stanford_aj_rohosy,AJ Rohosy,stanford,F,Jr,33,673.2,20.4,0.288,250.8,7.6,0.554,0.574,0,0.0,73,0.378,0.124,0.087,0.004,0.009,0.0,0.0,0.002,0.07,0.11,0.02,0.03,0.02,0.02,0.08,Sports Reference 2025-26,0.2,-0.1,0.3,16.9,1.8,0.108,Gr,,,,,,,,,,,,,tracking,123.0,69.0,0.561,0.634,71.0,39.0,0.549,0.366,0.0,,0.0,0.0,,0.0,0.0,0.0
stanford_aidan_cammann,Aidan Cammann,stanford,F,Jr,33,716.1,21.7,0.24,214.5,6.5,0.5,0.52,40,0.268,106,0.705,0.164,0.209,0.003,0.006,0.001,0.0,0.002,0.04,0.07,0.04,0.03,0.03,0.01,0.08,Sports Reference 2025-26,3.1,0.5,2.5,14.7,2.1,0.118,Jr,,,,,,,,,,,,,tracking,70.0,46.0,0.657,0.547,20.0,6.0,0.3,0.156,13.0,0.231,0.102,25.0,0.24,0.195,3.0,6.0
stanford_ryan_agarwal,Ryan Agarwal,stanford,G,Jr,32,716.8,22.4,0.265,188.8,5.9,0.46,0.48,109,0.349,22,0.696,0.162,0.108,0.001,0.008,0.0,0.0,0.001,0.02,0.1,0.03,0.04,0.02,0.01,0.05,Sports Reference 2025-26,-0.4,-1.2,0.7,8.8,0.9,0.047,Sr,,,,,,,,,,,,,tracking,51.0,20.0,0.392,0.283,25.0,8.0,0.32,0.139,36.0,0.361,0.2,68.0,0.353,0.378,13.0,24.0
stanford_oskar_giltay,Oskar Giltay,stanford,F,Jr,32,467.2,14.6,0.12,105.6,3.3,0.627,0.647,0,0.0,42,0.575,0.208,0.089,0.005,0.009,0.001,0.001,0.002,0.05,0.07,0.01,0.02,0.02,0.04,0.06,Sports Reference 2025-26,4.6,0.5,4.2,18.0,1.6,0.138,So,,,,,,,,,,,,,tracking,52.0,35.0,0.673,0.812,12.0,5.0,0.417,0.188,0.0,,0.0,0.0,,0.0,0.0,0.0
stanford_donavin_young,Donavin Young,stanford,F,Jr,21,325.5,15.5,0.112,52.5,2.5,0.456,0.476,27,0.296,2,0.5,0.127,0.223,0.003,0.006,0.0,0.001,0.001,0.05,0.08,0.03,0.02,0.02,0.04,0.07,Sports Reference 2025-26,2.0,-0.7,2.7,10.5,0.6,0.078,Jr,,,,,,,,,,,,,tracking,16.0,9.0,0.562,0.291,13.0,5.0,0.385,0.236,9.0,0.333,0.164,17.0,0.294,0.309,3.0,5.0
stanford_jaylen_thompson,Jaylen Thompson,stanford,F,Jr,20,224.0,11.2,0.096,46.0,2.3,0.5,0.52,20,0.211,4,0.667,0.149,0.112,0.001,0.004,0.0,0.0,0.002,0.02,0.04,0.01,0.02,0.02,0.01,0.06,Sports Reference 2025-26,-0.6,-1.8,1.2,8.1,0.3,0.058,Jr,,,,,,,,,,,,,tracking,18.0,11.0,0.611,0.439,6.0,4.0,0.667,0.146,6.0,0.167,0.146,11.0,0.273,0.268,1.0,3.0
stanford_cameron_grant,Cameron Grant,stanford,F,Jr,20,210.0,10.5,0.119,44.0,2.2,0.36,0.38,54,0.245,2,1.0,0.12,0.12,0.002,0.004,0.0,0.0,0.001,0.03,0.04,0.02,0.02,0.01,0.01,0.04,Sports Reference 2025-26,-2.4,-2.0,-0.3,3.9,0.1,0.01,Jr,,,,,,,,,,,,,tracking,2.0,1.0,0.5,0.035,2.0,0.0,0.0,0.035,19.0,0.263,0.333,34.0,0.235,0.596,5.0,8.0
syracuse_nate_kingz,Nate Kingz,syracuse,G,Jr,32,1001.6,31.3,0.35,390.4,12.2,0.605,0.625,176,0.367,64,0.619,0.066,0.122,0.001,0.005,0.0,0.0,0.001,0.03,0.08,0.04,0.02,0.03,0.02,0.06,Sports Reference 2025-26,6.0,4.2,1.8,16.6,3.3,0.132,Gr,,,,,,,,,,,,,tracking,91.0,68.0,0.747,0.314,20.0,9.0,0.45,0.069,63.0,0.365,0.217,116.0,0.371,0.4,23.0,43.0
syracuse_jj_starling,JJ Starling,syracuse,G,Jr,30,870.0,29.0,0.35,327.0,10.9,0.457,0.477,84,0.289,63,0.548,0.107,0.184,0.001,0.004,0.0,0.0,0.001,0.01,0.07,0.08,0.05,0.03,0.01,0.06,Sports Reference 2025-26,0.5,-0.3,0.8,11.7,1.1,0.051,Gr,,,,,,,,,,,,,tracking,138.0,79.0,0.572,0.429,101.0,32.0,0.317,0.314,29.0,0.276,0.09,54.0,0.296,0.168,8.0,16.0
syracuse_naithan_george,Naithan George,syracuse,G,Jr,32,1027.2,32.1,0.35,348.8,10.9,0.471,0.491,122,0.293,109,0.833,0.235,0.35,0.001,0.004,0.001,0.0,0.001,0.02,0.07,0.17,0.1,0.05,0.01,0.07,Sports Reference 2025-26,2.6,1.4,1.2,14.2,2.1,0.082,Sr,,,,,,,,,,,,,tracking,69.0,33.0,0.478,0.252,79.0,41.0,0.519,0.288,44.0,0.295,0.161,82.0,0.293,0.299,13.0,24.0
syracuse_william_kyle_iii,William Kyle III,syracuse,F,Jr,32,899.2,28.1,0.273,268.8,8.4,0.661,0.681,0,0.0,106,0.491,0.131,0.118,0.004,0.008,0.0,0.002,0.001,0.09,0.13,0.03,0.03,0.03,0.08,0.06,Sports Reference 2025-26,7.3,3.2,4.0,21.2,3.5,0.154,Gr,,,,,,,,,,,,,tracking,147.0,104.0,0.707,0.891,17.0,4.0,0.235,0.103,0.0,,0.0,1.0,1.0,0.006,0.0,1.0
syracuse_kiyan_anthony,Kiyan Anthony,syracuse,F,Jr,29,542.3,18.7,0.325,232.0,8.0,0.446,0.466,70,0.254,93,0.628,0.11,0.099,0.001,0.003,0.0,0.0,0.0,0.01,0.03,0.03,0.03,0.01,0.01,0.02,Sports Reference 2025-26,-0.6,0.1,-0.7,11.7,0.6,0.047,So,,,,,,,,,,,,,tracking,79.0,46.0,0.582,0.409,39.0,12.0,0.308,0.202,26.0,0.269,0.135,49.0,0.245,0.254,7.0,12.0
syracuse_tyler_betsey,Tyler Betsey,syracuse,F,Jr,31,561.1,18.1,0.228,207.7,6.7,0.55,0.57,124,0.407,34,0.636,0.063,0.063,0.002,0.006,0.0,0.0,0.001,0.03,0.06,0.01,0.01,0.01,0.01,0.06,Sports Reference 2025-26,3.1,2.6,0.5,13.0,1.5,0.108,Jr,,,,,,,,,,,,,tracking,17.0,5.0,0.294,0.101,29.0,13.0,0.448,0.172,43.0,0.419,0.254,80.0,0.4,0.473,18.0,32.0
syracuse_sadiq_white_jr_,Sadiq White Jr.,syracuse,F,Jr,31,468.1,15.1,0.224,189.1,6.1,0.571,0.591,19,0.368,40,0.513,0.143,0.064,0.003,0.008,0.0,0.001,0.002,0.04,0.07,0.01,0.03,0.02,0.02,0.08,Sports Reference 2025-26,1.8,-0.6,2.4,16.7,1.3,0.108,So,,,,,,,,,,,,,tracking,89.0,63.0,0.708,0.601,39.0,10.0,0.256,0.264,7.0,0.429,0.047,13.0,0.385,0.088,3.0,5.0
virginia_thijs_de_ridder,Thijs De Ridder,virginia,F,Jr,36,997.2,27.7,0.35,561.6,15.6,0.559,0.579,112,0.357,173,0.709,0.122,0.108,0.003,0.008,0.0,0.0,0.001,0.07,0.11,0.04,0.05,0.02,0.01,0.07,Sports Reference 2025-26,7.5,5.4,2.1,23.0,4.8,0.192,So,,,,,,,,,,,,,tracking,172.0,107.0,0.622,0.465,95.0,46.0,0.484,0.257,36.0,0.333,0.097,67.0,0.343,0.181,12.0,23.0
virginia_malik_thomas,Malik Thomas,virginia,G,Jr,36,813.6,22.6,0.35,446.4,12.4,0.506,0.526,191,0.351,115,0.746,0.117,0.117,0.001,0.008,0.0,0.0,0.001,0.02,0.09,0.04,0.04,0.01,0.0,0.06,Sports Reference 2025-26,4.2,2.9,1.3,16.8,2.9,0.144,Gr,,,,,,,,,,,,,tracking,99.0,49.0,0.495,0.294,60.0,29.0,0.483,0.178,62.0,0.339,0.184,116.0,0.345,0.344,21.0,40.0
virginia_sam_lewis,Sam Lewis,virginia,G,Jr,36,914.4,25.4,0.35,381.6,10.6,0.559,0.579,155,0.403,68,0.75,0.125,0.134,0.001,0.006,0.0,0.0,0.001,0.02,0.08,0.04,0.04,0.02,0.01,0.05,Sports Reference 2025-26,5.3,2.8,2.5,15.7,3.2,0.14,Sr,,,,,,,,,,,,,tracking,72.0,46.0,0.639,0.258,62.0,24.0,0.387,0.222,51.0,0.412,0.183,94.0,0.404,0.337,21.0,38.0
virginia_jacari_white,Jacari White,virginia,G,Jr,31,554.9,17.9,0.298,291.4,9.4,0.625,0.645,158,0.434,31,0.833,0.132,0.144,0.001,0.005,0.0,0.0,0.001,0.02,0.05,0.04,0.04,0.02,0.0,0.04,Sports Reference 2025-26,8.2,6.7,1.5,19.4,2.4,0.171,Gr,,,,,,,,,,,,,tracking,32.0,18.0,0.562,0.17,14.0,6.0,0.429,0.074,50.0,0.42,0.266,92.0,0.435,0.489,21.0,40.0
virginia_chance_mallory,Chance Mallory,virginia,G,Jr,36,867.6,24.1,0.324,334.8,9.3,0.506,0.526,112,0.345,130,0.775,0.121,0.35,0.001,0.006,0.001,0.0,0.001,0.03,0.08,0.09,0.03,0.04,0.0,0.06,Sports Reference 2025-26,9.4,3.7,5.6,20.2,4.3,0.201,So,,,,,,,,,,,,,tracking,77.0,43.0,0.558,0.35,34.0,12.0,0.353,0.155,38.0,0.342,0.173,71.0,0.352,0.323,13.0,25.0
virginia_johann_gr_nloh,Johann Grünloh,virginia,C,Jr,36,759.6,21.1,0.241,255.6,7.1,0.59,0.61,61,0.35,68,0.557,0.119,0.089,0.005,0.007,0.0,0.002,0.002,0.07,0.08,0.02,0.02,0.01,0.06,0.06,Sports Reference 2025-26,7.0,2.6,4.4,20.6,3.3,0.172,So,,,,,,,,,,,,,tracking,90.0,61.0,0.678,0.511,26.0,12.0,0.462,0.148,21.0,0.333,0.119,39.0,0.359,0.222,7.0,14.0
virginia_ugonna_onyenso,Ugonna Onyenso,virginia,F,Jr,36,669.6,18.6,0.201,234.0,6.5,0.598,0.618,36,0.278,43,0.727,0.071,0.107,0.003,0.01,0.0,0.003,0.001,0.04,0.09,0.02,0.01,0.02,0.08,0.04,Sports Reference 2025-26,12.2,4.7,7.6,25.6,3.5,0.21,Gr,,,,,,,,,,,,,tracking,97.0,66.0,0.68,0.588,33.0,17.0,0.515,0.2,12.0,0.333,0.073,23.0,0.261,0.139,4.0,6.0
virginia_dallin_hall,Dallin Hall,virginia,G,Jr,36,1022.4,28.4,0.238,212.4,5.9,0.509,0.529,104,0.32,47,0.813,0.195,0.35,0.002,0.005,0.0,0.0,0.001,0.04,0.07,0.12,0.04,0.03,0.0,0.06,Sports Reference 2025-26,4.8,1.6,3.3,12.7,3.4,0.131,Gr,,,,,,,,,,,,,tracking,55.0,34.0,0.618,0.344,7.0,1.0,0.143,0.044,34.0,0.324,0.212,64.0,0.328,0.4,11.0,21.0
virginia_devin_tillis,Devin Tillis,virginia,F,Jr,31,492.9,15.9,0.165,127.1,4.1,0.505,0.525,65,0.375,22,0.783,0.174,0.326,0.002,0.007,0.0,0.0,0.001,0.02,0.07,0.05,0.03,0.01,0.0,0.04,Sports Reference 2025-26,3.3,1.1,2.3,10.4,1.3,0.107,Gr,,,,,,,,,,,,,tracking,25.0,13.0,0.52,0.238,19.0,6.0,0.316,0.181,21.0,0.381,0.2,40.0,0.375,0.381,8.0,15.0
virginia_tech_amani_hansberry,Amani Hansberry,virginia_tech,F,Jr,30,921.0,30.7,0.35,429.0,14.3,0.545,0.565,96,0.354,105,0.736,0.145,0.166,0.004,0.008,0.001,0.0,0.001,0.09,0.15,0.08,0.07,0.05,0.02,0.1,Sports Reference 2025-26,7.9,4.8,3.1,21.6,3.7,0.16,Sr,,,,,,,,,,,,,tracking,153.0,97.0,0.634,0.474,69.0,26.0,0.377,0.214,35.0,0.371,0.108,66.0,0.348,0.204,13.0,23.0
virginia_tech_ben_hammond,Ben Hammond,virginia_tech,G,Jr,32,1008.0,31.5,0.35,422.4,13.2,0.51,0.53,102,0.431,125,0.865,0.11,0.252,0.001,0.003,0.001,0.0,0.001,0.01,0.06,0.1,0.04,0.06,0.0,0.07,Sports Reference 2025-26,6.7,2.7,4.0,18.0,3.7,0.147,Jr,,,,,,,,,,,,,tracking,87.0,45.0,0.517,0.282,113.0,44.0,0.389,0.367,38.0,0.421,0.123,70.0,0.429,0.227,16.0,30.0
virginia_tech_jailen_bedford,Jailen Bedford,virginia_tech,G,Jr,31,806.0,26.0,0.35,350.3,11.3,0.483,0.503,146,0.359,62,0.726,0.09,0.107,0.002,0.005,0.0,0.0,0.001,0.03,0.07,0.04,0.04,0.02,0.0,0.06,Sports Reference 2025-26,2.0,1.7,0.3,13.1,1.7,0.085,Gr,,,,,,,,,,,,,tracking,96.0,53.0,0.552,0.303,73.0,22.0,0.301,0.23,52.0,0.346,0.164,96.0,0.354,0.303,18.0,34.0
virginia_tech_tyler_johnson,Tyler Johnson,virginia_tech,G,Jr,17,445.4,26.2,0.246,136.0,8.0,0.625,0.645,41,0.415,31,0.677,0.102,0.232,0.002,0.007,0.001,0.0,0.002,0.07,0.2,0.09,0.04,0.06,0.04,0.17,Sports Reference 2025-26,5.1,1.7,3.4,16.5,1.7,0.148,Jr,,,,,,,,,,,,,tracking,44.0,30.0,0.682,0.478,7.0,2.0,0.286,0.076,14.0,0.429,0.152,27.0,0.407,0.293,6.0,11.0
virginia_tech_jaden_schutt,Jaden Schutt,virginia_tech,G,Jr,32,787.2,24.6,0.253,246.4,7.7,0.544,0.564,170,0.385,29,0.862,0.056,0.127,0.0,0.003,0.0,0.0,0.001,0.01,0.04,0.03,0.01,0.02,0.0,0.06,Sports Reference 2025-26,2.8,1.4,1.4,10.3,1.9,0.095,Sr,,,,,,,,,,,,,tracking,8.0,6.0,0.75,0.039,25.0,7.0,0.28,0.123,59.0,0.39,0.291,111.0,0.378,0.547,23.0,42.0
virginia_tech_christian_gurdak,Christian Gurdak,virginia_tech,C,Jr,31,530.1,17.1,0.171,173.6,5.6,0.632,0.652,0,0.0,56,0.696,0.125,0.063,0.005,0.007,0.0,0.0,0.001,0.07,0.07,0.01,0.02,0.01,0.01,0.06,Sports Reference 2025-26,3.8,2.7,1.1,18.2,2.0,0.155,So,,,,,,,,,,,,,tracking,81.0,56.0,0.691,0.764,25.0,11.0,0.44,0.236,0.0,,0.0,0.0,,0.0,0.0,0.0
wake_forest_myles_colvin,Myles Colvin,wake_forest,G,Jr,35,948.5,27.1,0.35,406.0,11.6,0.5,0.52,164,0.36,116,0.87,0.143,0.118,0.002,0.006,0.001,0.0,0.001,0.04,0.09,0.04,0.05,0.03,0.01,0.06,Sports Reference 2025-26,3.4,2.4,1.0,15.6,2.4,0.101,Sr,,,,,,,,,,,,,tracking,102.0,54.0,0.529,0.345,38.0,11.0,0.289,0.128,55.0,0.364,0.186,101.0,0.356,0.341,20.0,36.0
wake_forest_tre_von_spillers,Tre'Von Spillers,wake_forest,F,Jr,35,1018.5,29.1,0.35,392.0,11.2,0.592,0.612,32,0.364,74,0.76,0.117,0.166,0.002,0.008,0.0,0.001,0.001,0.04,0.12,0.05,0.03,0.03,0.04,0.09,Sports Reference 2025-26,5.8,2.7,3.1,19.4,3.6,0.14,Gr,,,,,,,,,,,,,tracking,149.0,107.0,0.718,0.542,94.0,32.0,0.34,0.342,11.0,0.364,0.04,21.0,0.381,0.076,4.0,8.0
wake_forest_nate_calmese,Nate Calmese,wake_forest,G,Jr,26,642.2,24.7,0.35,267.8,10.3,0.555,0.575,104,0.398,31,0.774,0.168,0.35,0.0,0.004,0.001,0.0,0.001,0.01,0.06,0.17,0.07,0.05,0.0,0.05,Sports Reference 2025-26,5.6,4.3,1.3,17.9,1.8,0.113,Gr,,,,,,,,,,,,,tracking,38.0,23.0,0.605,0.185,72.0,35.0,0.486,0.351,33.0,0.424,0.161,62.0,0.403,0.302,14.0,25.0
wake_forest_mekhi_mason,Mekhi Mason,wake_forest,G,Jr,34,683.4,20.1,0.282,251.6,7.4,0.5,0.52,136,0.338,61,0.677,0.127,0.177,0.002,0.005,0.001,0.0,0.001,0.02,0.06,0.04,0.03,0.03,0.01,0.06,Sports Reference 2025-26,2.9,1.0,1.9,13.2,1.4,0.083,Gr,,,,,,,,,,,,,tracking,44.0,28.0,0.636,0.215,27.0,7.0,0.259,0.132,47.0,0.34,0.229,87.0,0.345,0.424,16.0,30.0
wake_forest_omaha_biliew,Omaha Biliew,wake_forest,F,Jr,35,710.5,20.3,0.207,220.5,6.3,0.567,0.587,88,0.368,63,0.794,0.121,0.086,0.002,0.004,0.0,0.0,0.002,0.03,0.04,0.01,0.02,0.02,0.01,0.08,Sports Reference 2025-26,1.7,0.4,1.2,12.0,1.7,0.095,Sr,,,,,,,,,,,,,tracking,48.0,28.0,0.583,0.338,9.0,3.0,0.333,0.063,30.0,0.367,0.211,55.0,0.364,0.387,11.0,20.0
wake_forest_sebastian_akins,Sebastian Akins,wake_forest,G,Jr,35,532.0,15.2,0.232,185.5,5.3,0.433,0.453,49,0.18,63,0.778,0.185,0.293,0.001,0.004,0.001,0.0,0.001,0.01,0.03,0.05,0.03,0.02,0.0,0.04,Sports Reference 2025-26,-0.8,-1.8,1.0,12.0,0.7,0.056,Jr,,,,,,,,,,,,,tracking,50.0,28.0,0.56,0.316,57.0,28.0,0.491,0.361,18.0,0.167,0.114,33.0,0.182,0.209,3.0,6.0
wake_forest_cooper_schwieger,Cooper Schwieger,wake_forest,F,Jr,34,686.8,20.2,0.185,173.4,5.1,0.55,0.57,34,0.343,37,0.737,0.154,0.174,0.002,0.004,0.0,0.001,0.001,0.03,0.04,0.03,0.02,0.01,0.02,0.06,Sports Reference 2025-26,1.8,0.1,1.7,11.1,1.3,0.074,Sr,,,,,,,,,,,,,tracking,63.0,42.0,0.667,0.496,29.0,10.0,0.345,0.228,12.0,0.417,0.094,23.0,0.348,0.181,5.0,8.0
wake_forest_isaac_carr,Isaac Carr,wake_forest,G,Jr,26,293.8,11.3,0.099,57.2,2.2,0.47,0.49,16,0.313,16,0.625,0.217,0.35,0.002,0.005,0.0,0.0,0.002,0.02,0.04,0.05,0.02,0.01,0.0,0.05,Sports Reference 2025-26,-0.6,-1.8,1.1,8.5,0.4,0.054,So,,,,,,,,,,,,,tracking,20.0,10.0,0.5,0.426,11.0,5.0,0.455,0.234,6.0,0.333,0.128,10.0,0.3,0.213,2.0,3.0
wake_forest_marqus_marion,Marqus Marion,wake_forest,F,Jr,20,242.0,12.1,0.068,30.0,1.5,0.42,0.44,12,0.091,14,0.615,0.157,0.35,0.003,0.006,0.0,0.001,0.002,0.05,0.07,0.03,0.01,0.03,0.02,0.07,Sports Reference 2025-26,2.0,-1.2,3.2,9.9,0.5,0.081,Jr,,,,,,,,,,,,,tracking,11.0,8.0,0.727,0.423,3.0,1.0,0.333,0.115,4.0,0.0,0.154,8.0,0.125,0.308,0.0,1.0
butler_michael_ajayi,Michael Ajayi,butler,G,Jr,32,1075.2,33.6,0.35,524.8,16.4,0.477,0.497,70,0.261,198,0.653,0.147,0.174,0.003,0.014,0.0,0.0,0.001,0.09,0.26,0.1,0.08,0.03,0.03,0.08,Sports Reference 2025-26,5.0,3.0,2.0,20.5,3.4,0.126,Gr,,,,,,,,,,,,,tracking,206.0,121.0,0.587,0.496,140.0,50.0,0.357,0.337,24.0,0.25,0.058,45.0,0.267,0.108,6.0,12.0
butler_jalen_jackson,Jalen Jackson,butler,G,Jr,6,135.0,22.5,0.35,57.0,9.5,0.535,0.555,5,0.4,19,0.579,0.258,0.327,0.002,0.006,0.001,0.0,0.001,0.2,0.38,0.63,0.5,0.22,0.03,0.28,Sports Reference 2025-26,1.2,-0.5,1.7,16.3,0.2,0.071,Gr,,,,,,,,,,,,,tracking,22.0,16.0,0.727,0.512,16.0,4.0,0.25,0.372,2.0,0.5,0.047,3.0,0.333,0.07,1.0,1.0
butler_jamie_kaiser,Jamie Kaiser,butler,F,Jr,30,873.0,29.1,0.327,285.0,9.5,0.524,0.544,117,0.345,66,0.758,0.076,0.109,0.002,0.006,0.0,0.0,0.001,0.04,0.1,0.03,0.02,0.04,0.0,0.06,Sports Reference 2025-26,3.5,1.8,1.7,13.7,2.4,0.108,Jr,,,,,,,,,,,,,tracking,83.0,50.0,0.602,0.369,26.0,8.0,0.308,0.116,41.0,0.341,0.182,75.0,0.347,0.333,14.0,26.0
butler_yohan_traore,Yohan Traore,butler,F,Jr,32,624.0,19.5,0.265,265.6,8.3,0.555,0.575,16,0.2,102,0.709,0.081,0.108,0.002,0.005,0.0,0.0,0.001,0.04,0.06,0.03,0.02,0.01,0.01,0.03,Sports Reference 2025-26,3.1,3.0,0.1,17.5,2.0,0.131,Gr,,,,,,,,,,,,,tracking,133.0,85.0,0.639,0.773,24.0,6.0,0.25,0.14,5.0,0.2,0.029,10.0,0.2,0.058,1.0,2.0
butler_evan_haywood,Evan Haywood,butler,G,Jr,29,562.6,19.4,0.267,208.8,7.2,0.497,0.517,154,0.359,17,0.75,0.054,0.161,0.001,0.004,0.0,0.0,0.001,0.01,0.05,0.04,0.01,0.02,0.0,0.06,Sports Reference 2025-26,2.4,1.6,0.8,11.6,1.3,0.09,Jr,,,,,,,,,,,,,tracking,33.0,13.0,0.394,0.167,12.0,3.0,0.25,0.061,54.0,0.352,0.273,99.0,0.364,0.5,19.0,36.0
butler_drayton_jones,Drayton Jones,butler,F,Jr,32,624.0,19.5,0.199,201.6,6.3,0.586,0.606,0,0.0,93,0.72,0.126,0.251,0.004,0.008,0.0,0.001,0.001,0.06,0.09,0.04,0.02,0.01,0.03,0.05,Sports Reference 2025-26,5.6,3.2,2.4,19.4,2.4,0.155,Sr,,,,,,,,,,,,,tracking,89.0,58.0,0.652,0.767,26.0,10.0,0.385,0.224,0.0,,0.0,1.0,0.0,0.009,0.0,0.0
butler_azavier_robinson,Azavier Robinson,butler,G,Jr,22,402.6,18.3,0.255,134.2,6.1,0.535,0.555,31,0.433,37,0.711,0.266,0.35,0.001,0.004,0.001,0.0,0.002,0.02,0.06,0.11,0.09,0.07,0.01,0.13,Sports Reference 2025-26,1.9,-2.0,3.8,13.3,0.8,0.079,So,,,,,,,,,,,,,tracking,55.0,26.0,0.473,0.55,15.0,8.0,0.533,0.15,10.0,0.5,0.1,20.0,0.4,0.2,5.0,8.0
butler_efeosa_oliogu_elabor,Efeosa Oliogu-Elabor,butler,F,Jr,25,410.0,16.4,0.236,125.0,5.0,0.419,0.439,20,0.105,57,0.621,0.212,0.302,0.002,0.005,0.001,0.0,0.001,0.03,0.06,0.08,0.06,0.03,0.01,0.06,Sports Reference 2025-26,0.4,-1.6,2.0,11.1,0.5,0.045,So,,,,,,,,,,,,,tracking,76.0,39.0,0.513,0.724,10.0,2.0,0.2,0.095,7.0,0.143,0.067,12.0,0.083,0.114,1.0,1.0
butler_yame_butler,Yame Butler,butler,G,Jr,31,424.7,13.7,0.16,130.2,4.2,0.505,0.525,37,0.289,34,0.743,0.156,0.312,0.001,0.004,0.0,0.0,0.002,0.01,0.03,0.05,0.02,0.01,0.01,0.05,Sports Reference 2025-26,1.0,-0.9,1.9,11.5,0.9,0.081,Gr,,,,,,,,,,,,,tracking,44.0,24.0,0.545,0.431,20.0,11.0,0.55,0.196,13.0,0.308,0.127,25.0,0.28,0.245,4.0,7.0
uconn_alex_karaban,Alex Karaban,uconn,F,Jr,40,1372.0,34.3,0.35,528.0,13.2,0.559,0.579,208,0.374,88,0.851,0.09,0.197,0.002,0.006,0.0,0.0,0.001,0.04,0.09,0.06,0.03,0.02,0.02,0.05,Sports Reference 2025-26,9.0,5.4,3.6,17.7,6.0,0.174,Gr,,,,,,,,,,,,,tracking,129.0,79.0,0.612,0.392,41.0,15.0,0.366,0.125,56.0,0.393,0.17,103.0,0.388,0.313,22.0,40.0
uconn_solomon_ball,Solomon Ball,uconn,G,Jr,39,1107.6,28.4,0.35,499.2,12.8,0.484,0.504,257,0.3,113,0.852,0.091,0.114,0.001,0.004,0.0,0.0,0.001,0.02,0.06,0.04,0.03,0.01,0.01,0.05,Sports Reference 2025-26,4.0,2.6,1.4,13.8,3.6,0.132,Jr,,,,,,,,,,,,,tracking,76.0,45.0,0.592,0.212,53.0,27.0,0.509,0.148,80.0,0.312,0.223,150.0,0.313,0.418,25.0,47.0
uconn_braylon_mullins,Braylon Mullins,uconn,G,Jr,33,930.6,28.2,0.35,396.0,12.0,0.524,0.544,214,0.335,36,0.889,0.098,0.115,0.001,0.005,0.0,0.0,0.001,0.03,0.08,0.04,0.04,0.03,0.02,0.08,Sports Reference 2025-26,6.8,3.1,3.7,14.8,3.2,0.137,So,,,,,,,,,,,,,tracking,38.0,22.0,0.579,0.138,60.0,35.0,0.583,0.217,62.0,0.355,0.225,116.0,0.353,0.42,22.0,41.0
uconn_silas_demary_jr_,Silas Demary Jr.,uconn,G,Jr,39,1107.6,28.4,0.35,393.9,10.1,0.509,0.529,90,0.385,136,0.801,0.201,0.35,0.001,0.007,0.001,0.0,0.001,0.03,0.09,0.15,0.06,0.04,0.01,0.07,Sports Reference 2025-26,9.3,3.8,5.5,19.5,5.2,0.188,Sr,,,,,,,,,,,,,tracking,107.0,56.0,0.523,0.421,65.0,27.0,0.415,0.256,29.0,0.414,0.114,53.0,0.415,0.209,12.0,22.0
uconn_jayden_ross,Jayden Ross,uconn,F,Jr,38,661.2,17.4,0.151,174.8,4.6,0.607,0.627,65,0.391,38,0.692,0.142,0.189,0.002,0.005,0.001,0.0,0.001,0.02,0.04,0.02,0.02,0.02,0.01,0.04,Sports Reference 2025-26,7.1,1.9,5.2,13.6,2.4,0.143,Sr,,,,,,,,,,,,,tracking,37.0,28.0,0.757,0.349,11.0,6.0,0.545,0.104,20.0,0.35,0.189,38.0,0.368,0.358,7.0,14.0
uconn_jaylin_stewart,Jaylin Stewart,uconn,F,Jr,32,521.6,16.3,0.166,134.4,4.2,0.513,0.533,54,0.345,26,0.593,0.15,0.236,0.002,0.006,0.0,0.0,0.001,0.02,0.06,0.03,0.02,0.02,0.01,0.05,Sports Reference 2025-26,4.3,0.3,4.0,11.1,1.5,0.113,Sr,,,,,,,,,,,,,tracking,32.0,24.0,0.75,0.305,23.0,6.0,0.261,0.219,18.0,0.333,0.171,32.0,0.344,0.305,6.0,11.0
uconn_malachi_smith,Malachi Smith,uconn,G,Jr,40,636.0,15.9,0.169,144.0,3.6,0.461,0.481,48,0.447,48,0.532,0.212,0.35,0.001,0.004,0.001,0.0,0.001,0.01,0.03,0.07,0.03,0.02,0.0,0.03,Sports Reference 2025-26,5.2,0.9,4.4,12.3,1.9,0.119,Gr,,,,,,,,,,,,,tracking,39.0,15.0,0.385,0.361,23.0,4.0,0.174,0.213,16.0,0.438,0.148,30.0,0.433,0.278,7.0,13.0
creighton_josh_dix,Josh Dix,creighton,G,Jr,34,1118.6,32.9,0.35,448.8,13.2,0.531,0.551,204,0.338,61,0.867,0.092,0.177,0.001,0.006,0.0,0.0,0.001,0.01,0.1,0.07,0.04,0.03,0.01,0.04,Sports Reference 2025-26,3.9,2.8,1.1,15.0,2.8,0.101,Gr,,,,,,,,,,,,,tracking,69.0,54.0,0.783,0.198,91.0,34.0,0.374,0.261,66.0,0.333,0.189,123.0,0.341,0.352,22.0,42.0
creighton_austin_swartz,Austin Swartz,creighton,G,Jr,30,648.0,21.6,0.35,327.0,10.9,0.562,0.582,168,0.383,24,0.708,0.112,0.13,0.001,0.007,0.0,0.0,0.001,0.01,0.09,0.05,0.04,0.02,0.0,0.04,Sports Reference 2025-26,4.7,4.0,0.7,16.5,1.5,0.094,Jr,,,,,,,,,,,,,tracking,41.0,26.0,0.634,0.149,67.0,32.0,0.478,0.243,59.0,0.39,0.214,109.0,0.385,0.395,23.0,42.0
creighton_nik_graves,Nik Graves,creighton,G,Jr,34,914.6,26.9,0.35,370.6,10.9,0.454,0.474,133,0.284,136,0.844,0.136,0.35,0.001,0.005,0.0,0.0,0.001,0.02,0.07,0.13,0.05,0.03,0.0,0.06,Sports Reference 2025-26,3.5,2.2,1.3,16.5,2.8,0.123,Gr,,,,,,,,,,,,,tracking,69.0,43.0,0.623,0.263,67.0,22.0,0.328,0.256,44.0,0.295,0.168,82.0,0.28,0.313,13.0,23.0
creighton_jasen_green,Jasen Green,creighton,F,Jr,33,937.2,28.4,0.35,346.5,10.5,0.585,0.605,56,0.351,82,0.667,0.14,0.24,0.003,0.008,0.0,0.001,0.001,0.06,0.13,0.07,0.04,0.02,0.03,0.05,Sports Reference 2025-26,6.2,3.7,2.4,19.1,3.3,0.139,Sr,,,,,,,,,,,,,tracking,127.0,85.0,0.669,0.559,47.0,19.0,0.404,0.207,19.0,0.368,0.084,34.0,0.353,0.15,7.0,12.0
creighton_blake_harper,Blake Harper,creighton,G,Jr,34,625.6,18.4,0.281,261.8,7.7,0.52,0.54,54,0.364,99,0.776,0.165,0.152,0.002,0.008,0.0,0.0,0.001,0.03,0.08,0.04,0.04,0.01,0.0,0.05,Sports Reference 2025-26,1.5,0.7,0.9,15.3,1.7,0.105,Jr,,,,,,,,,,,,,tracking,60.0,35.0,0.583,0.349,59.0,24.0,0.407,0.343,19.0,0.368,0.11,34.0,0.353,0.198,7.0,12.0
creighton_jackson_mcandrew,Jackson McAndrew,creighton,F,Jr,4,82.0,20.5,0.295,27.2,6.8,0.414,0.434,21,0.286,6,0.5,0.036,0.061,0.003,0.008,0.0,0.0,0.001,0.38,0.75,0.12,0.07,0.2,0.07,0.5,Sports Reference 2025-26,-1.6,-1.4,-0.1,11.4,0.1,0.067,Jr,,,,,,,,,,,,,tracking,5.0,2.0,0.4,0.172,3.0,1.0,0.333,0.103,7.0,0.286,0.241,14.0,0.286,0.483,2.0,4.0
creighton_isaac_traudt,Isaac Traudt,creighton,F,Jr,34,642.6,18.9,0.217,221.0,6.5,0.56,0.58,160,0.375,20,0.85,0.066,0.066,0.001,0.006,0.0,0.0,0.001,0.01,0.06,0.01,0.01,0.01,0.0,0.04,Sports Reference 2025-26,1.4,1.8,-0.4,11.0,1.3,0.082,Sr,,,,,,,,,,,,,tracking,19.0,11.0,0.579,0.111,3.0,1.0,0.333,0.018,52.0,0.385,0.304,97.0,0.392,0.567,20.0,38.0
creighton_fedor_ugi_,Fedor Žugić,creighton,G,Jr,34,550.8,16.2,0.201,176.8,5.2,0.486,0.506,95,0.305,41,0.825,0.142,0.16,0.001,0.005,0.0,0.0,0.001,0.01,0.05,0.03,0.02,0.01,0.0,0.04,Sports Reference 2025-26,0.1,-0.3,0.3,10.2,0.9,0.064,Sr,,,,,,,,,,,,,tracking,43.0,25.0,0.581,0.321,4.0,0.0,0.0,0.03,30.0,0.333,0.224,57.0,0.333,0.425,10.0,19.0
creighton_owen_freeman,Owen Freeman,creighton,F,Jr,26,309.4,11.9,0.171,130.0,5.0,0.602,0.622,0,0.0,29,0.643,0.146,0.188,0.004,0.012,0.001,0.001,0.002,0.05,0.1,0.03,0.03,0.02,0.03,0.05,Sports Reference 2025-26,7.8,3.4,4.3,25.3,1.4,0.183,Sr,,,,,,,,,,,,,tracking,75.0,50.0,0.667,0.824,16.0,5.0,0.312,0.176,0.0,,0.0,0.0,,0.0,0.0,0.0
creighton_hudson_greer,Hudson Greer,creighton,G,Jr,22,301.4,13.7,0.175,103.4,4.7,0.56,0.58,46,0.404,15,0.625,0.163,0.081,0.001,0.007,0.0,0.0,0.001,0.02,0.08,0.02,0.04,0.02,0.01,0.05,Sports Reference 2025-26,2.7,0.5,2.2,11.7,0.5,0.065,So,,,,,,,,,,,,,tracking,21.0,14.0,0.667,0.288,11.0,2.0,0.182,0.151,14.0,0.429,0.192,27.0,0.37,0.37,6.0,10.0
creighton_kerem_konan,Kerem Konan,creighton,F,Jr,30,252.0,8.4,0.098,78.0,2.6,0.6,0.62,0,0.0,30,0.655,0.219,0.146,0.004,0.006,0.0,0.001,0.002,0.03,0.03,0.01,0.02,0.01,0.01,0.04,Sports Reference 2025-26,1.5,-0.2,1.8,15.3,0.7,0.11,So,,,,,,,,,,,,,tracking,42.0,28.0,0.667,0.894,5.0,0.0,0.0,0.106,0.0,,0.0,0.0,,0.0,0.0,0.0
creighton_ty_davis,Ty Davis,creighton,G,Jr,33,369.6,11.2,0.077,39.6,1.2,0.351,0.371,20,0.2,20,0.789,0.28,0.35,0.002,0.005,0.0,0.0,0.001,0.02,0.03,0.04,0.02,0.01,0.0,0.02,Sports Reference 2025-26,-1.4,-3.1,1.7,5.7,0.2,0.026,Jr,,,,,,,,,,,,,tracking,13.0,6.0,0.462,0.351,4.0,1.0,0.25,0.108,7.0,0.143,0.189,13.0,0.231,0.351,1.0,3.0
depaul_cj_gunn,CJ Gunn,depaul,G,Jr,32,886.4,27.7,0.35,419.2,13.1,0.473,0.493,170,0.327,80,0.725,0.127,0.127,0.002,0.005,0.0,0.0,0.001,0.03,0.08,0.06,0.06,0.03,0.02,0.09,Sports Reference 2025-26,2.5,0.8,1.7,14.1,1.8,0.083,Gr,,,,,,,,,,,,,tracking,74.0,37.0,0.5,0.193,130.0,57.0,0.438,0.339,63.0,0.333,0.164,117.0,0.325,0.305,21.0,38.0
depaul_n_j_benson,N.J. Benson,depaul,F,Jr,32,832.0,26.0,0.35,374.4,11.7,0.636,0.656,3,0.0,112,0.505,0.122,0.113,0.004,0.01,0.0,0.001,0.001,0.08,0.15,0.04,0.04,0.01,0.03,0.05,Sports Reference 2025-26,5.8,3.9,1.9,22.0,3.4,0.163,Gr,,,,,,,,,,,,,tracking,211.0,146.0,0.692,0.844,35.0,12.0,0.343,0.14,1.0,0.0,0.004,3.0,0.333,0.012,0.0,1.0
depaul_layden_blocker,Layden Blocker,depaul,G,Jr,32,931.2,29.1,0.35,355.2,11.1,0.417,0.437,109,0.318,122,0.828,0.165,0.262,0.001,0.003,0.001,0.0,0.001,0.02,0.06,0.11,0.07,0.05,0.01,0.09,Sports Reference 2025-26,1.9,-0.9,2.8,12.9,2.1,0.089,Sr,,,,,,,,,,,,,tracking,110.0,48.0,0.436,0.362,80.0,24.0,0.3,0.263,40.0,0.325,0.132,74.0,0.324,0.243,13.0,24.0
depaul_brandon_maclin,Brandon Maclin,depaul,G,Jr,29,797.5,27.5,0.35,304.5,10.5,0.485,0.505,72,0.306,104,0.695,0.155,0.242,0.002,0.006,0.001,0.0,0.001,0.04,0.11,0.1,0.06,0.04,0.01,0.08,Sports Reference 2025-26,4.4,1.2,3.3,15.5,2.3,0.115,Gr,,,,,,,,,,,,,tracking,109.0,62.0,0.569,0.458,56.0,20.0,0.357,0.235,26.0,0.308,0.109,47.0,0.319,0.197,8.0,15.0
depaul_rj_smith,RJ Smith,depaul,G,Jr,32,883.2,27.6,0.279,211.2,6.6,0.461,0.481,122,0.308,45,0.75,0.141,0.307,0.001,0.004,0.0,0.0,0.001,0.01,0.06,0.07,0.03,0.02,0.01,0.06,Sports Reference 2025-26,1.2,-0.9,2.1,8.9,1.6,0.074,Sr,,,,,,,,,,,,,tracking,41.0,18.0,0.439,0.21,31.0,13.0,0.419,0.159,43.0,0.326,0.221,80.0,0.325,0.41,14.0,26.0
depaul_kaleb_banks,Kaleb Banks,depaul,F,Jr,31,502.2,16.2,0.191,173.6,5.6,0.54,0.56,62,0.355,53,0.741,0.112,0.075,0.002,0.006,0.0,0.0,0.002,0.02,0.06,0.01,0.02,0.01,0.01,0.06,Sports Reference 2025-26,0.2,-1.0,1.2,12.3,1.4,0.114,Gr,,,,,,,,,,,,,tracking,49.0,32.0,0.653,0.392,13.0,2.0,0.154,0.104,22.0,0.364,0.176,41.0,0.341,0.328,8.0,14.0
depaul_kruz_mcclure,Kruz McClure,depaul,G,Jr,28,520.8,18.6,0.233,140.0,5.0,0.416,0.436,78,0.299,53,0.741,0.214,0.229,0.0,0.004,0.001,0.0,0.001,0.0,0.05,0.05,0.05,0.03,0.0,0.06,Sports Reference 2025-26,-1.3,-3.8,2.5,7.0,0.6,0.045,So,,,,,,,,,,,,,tracking,23.0,11.0,0.478,0.193,14.0,1.0,0.071,0.118,29.0,0.31,0.244,53.0,0.321,0.445,9.0,17.0
depaul_th_o_pierre_justin,Théo Pierre-Justin,depaul,F,Jr,30,465.0,15.5,0.145,120.0,4.0,0.545,0.565,63,0.397,18,0.611,0.123,0.221,0.002,0.007,0.0,0.0,0.001,0.02,0.06,0.03,0.02,0.01,0.01,0.05,Sports Reference 2025-26,1.8,0.0,1.9,11.3,1.2,0.105,Jr,,,,,,,,,,,,,tracking,25.0,10.0,0.4,0.25,12.0,7.0,0.583,0.12,22.0,0.409,0.22,41.0,0.39,0.41,9.0,16.0
depaul_fabian_flores,Fabian Flores,depaul,C,Jr,28,296.8,10.6,0.086,81.2,2.9,0.681,0.701,0,0.0,25,0.64,0.125,0.125,0.004,0.01,0.0,0.001,0.001,0.04,0.07,0.01,0.01,0.01,0.02,0.02,Sports Reference 2025-26,6.3,2.7,3.6,18.9,1.2,0.164,So,,,,,,,,,,,,,tracking,40.0,27.0,0.675,0.851,6.0,4.0,0.667,0.128,0.0,,0.0,1.0,1.0,0.021,0.0,1.0
depaul_jeremy_lorenz,Jeremy Lorenz,depaul,F,Jr,9,95.4,10.6,0.1,19.8,2.2,0.6,0.62,1,0.0,16,0.5,0.28,0.35,0.004,0.004,0.001,0.0,0.003,0.11,0.09,0.11,0.1,0.08,0.01,0.23,Sports Reference 2025-26,-2.3,-5.0,2.8,11.0,0.2,0.094,Sr,,,,,,,,,,,,,tracking,8.0,5.0,0.625,0.8,1.0,1.0,1.0,0.1,0.0,,0.0,1.0,0.0,0.1,0.0,0.0
georgetown_vincent_iwuchukwu,Vincent Iwuchukwu,georgetown,F,Jr,24,554.4,23.1,0.35,278.4,11.6,0.566,0.586,17,0.375,106,0.755,0.14,0.047,0.004,0.01,0.0,0.001,0.001,0.09,0.17,0.02,0.06,0.03,0.03,0.1,Sports Reference 2025-26,5.4,3.6,1.8,22.3,2.2,0.158,Gr,,,,,,,,,,,,,tracking,101.0,65.0,0.644,0.577,58.0,25.0,0.431,0.331,6.0,0.333,0.034,10.0,0.4,0.057,2.0,4.0
georgetown_caleb_williams,Caleb Williams,georgetown,F,Jr,33,990.0,30.0,0.302,290.4,8.8,0.542,0.562,116,0.377,56,0.754,0.095,0.178,0.002,0.006,0.0,0.0,0.001,0.05,0.11,0.05,0.02,0.02,0.01,0.07,Sports Reference 2025-26,2.9,2.0,1.0,12.9,2.6,0.104,Jr,,,,,,,,,,,,,tracking,64.0,39.0,0.609,0.281,50.0,20.0,0.4,0.219,40.0,0.375,0.175,74.0,0.378,0.325,15.0,28.0
georgetown_jeremiah_williams,Jeremiah Williams,georgetown,G,Jr,34,693.6,20.4,0.275,200.6,5.9,0.431,0.451,34,0.371,54,0.679,0.182,0.35,0.001,0.004,0.0,0.0,0.001,0.02,0.04,0.09,0.04,0.02,0.01,0.06,Sports Reference 2025-26,0.8,-0.9,1.7,11.5,1.0,0.057,Gr,,,,,,,,,,,,,tracking,80.0,35.0,0.438,0.423,74.0,27.0,0.365,0.392,12.0,0.417,0.063,23.0,0.348,0.122,5.0,8.0
georgetown_kayvaun_mulready,Kayvaun Mulready,georgetown,G,Jr,32,534.4,16.7,0.207,172.8,5.4,0.528,0.548,90,0.341,29,0.724,0.155,0.19,0.001,0.006,0.001,0.0,0.001,0.02,0.06,0.03,0.03,0.03,0.01,0.05,Sports Reference 2025-26,4.5,0.9,3.6,14.0,1.3,0.097,Jr,,,,,,,,,,,,,tracking,41.0,24.0,0.585,0.287,11.0,5.0,0.455,0.077,32.0,0.344,0.224,59.0,0.339,0.413,11.0,20.0
georgetown_deshawn_harris_smith,DeShawn Harris-Smith,georgetown,G,Jr,6,99.0,16.5,0.17,31.2,5.2,0.6,0.62,2,0.0,10,0.7,0.147,0.105,0.002,0.006,0.001,0.0,0.001,0.13,0.28,0.08,0.12,0.12,0.0,0.28,Sports Reference 2025-26,0.2,-1.2,1.5,14.0,0.3,0.109,Sr,,,,,,,,,,,,,tracking,17.0,12.0,0.706,0.85,1.0,0.0,0.0,0.05,1.0,0.0,0.05,1.0,0.0,0.05,0.0,0.0
georgetown_isaiah_abraham,Isaiah Abraham,georgetown,F,Jr,33,656.7,19.9,0.189,158.4,4.8,0.472,0.492,76,0.325,36,0.694,0.095,0.132,0.002,0.005,0.0,0.0,0.001,0.03,0.06,0.02,0.02,0.02,0.01,0.06,Sports Reference 2025-26,0.6,-0.6,1.2,9.9,1.3,0.077,Jr,,,,,,,,,,,,,tracking,41.0,21.0,0.512,0.287,25.0,9.0,0.36,0.175,27.0,0.333,0.189,50.0,0.32,0.35,9.0,16.0
georgetown_jayden_fort,Jayden Fort,georgetown,F,Jr,34,459.0,13.5,0.128,112.2,3.3,0.506,0.526,10,0.1,44,0.6,0.14,0.14,0.005,0.007,0.0,0.001,0.002,0.05,0.05,0.01,0.01,0.0,0.02,0.04,Sports Reference 2025-26,0.0,-0.4,0.4,13.5,1.1,0.098,Jr,,,,,,,,,,,,,tracking,64.0,37.0,0.578,0.762,10.0,4.0,0.4,0.119,4.0,0.0,0.048,6.0,0.167,0.071,0.0,1.0
georgetown_langston_love,Langston Love,georgetown,G,Jr,22,275.0,12.5,0.118,68.2,3.1,0.456,0.476,33,0.25,20,0.8,0.091,0.152,0.001,0.007,0.0,0.0,0.001,0.01,0.07,0.02,0.01,0.0,0.0,0.02,Sports Reference 2025-26,-1.4,-1.2,-0.2,8.6,0.4,0.064,Gr,,,,,,,,,,,,,tracking,17.0,11.0,0.647,0.298,8.0,3.0,0.375,0.14,11.0,0.273,0.193,21.0,0.238,0.368,3.0,5.0
marquette_nigel_james_jr_,Nigel James Jr.,marquette,G,Jr,32,934.4,29.2,0.35,524.8,16.4,0.52,0.54,122,0.347,131,0.692,0.158,0.277,0.001,0.005,0.001,0.0,0.001,0.03,0.08,0.15,0.09,0.06,0.01,0.07,Sports Reference 2025-26,7.7,4.6,3.1,21.0,2.9,0.125,So,,,,,,,,,,,,,tracking,249.0,136.0,0.546,0.594,49.0,19.0,0.388,0.117,42.0,0.357,0.1,79.0,0.342,0.189,15.0,27.0
marquette_royce_parham,Royce Parham,marquette,F,Jr,31,892.8,28.8,0.35,387.5,12.5,0.584,0.604,102,0.333,102,0.65,0.12,0.077,0.003,0.006,0.0,0.001,0.001,0.06,0.1,0.03,0.05,0.02,0.03,0.06,Sports Reference 2025-26,3.9,2.9,1.0,17.2,2.6,0.115,Jr,,,,,,,,,,,,,tracking,135.0,91.0,0.674,0.493,34.0,17.0,0.5,0.124,37.0,0.324,0.135,68.0,0.338,0.248,12.0,23.0
marquette_ben_gold,Ben Gold,marquette,F,Jr,31,843.2,27.2,0.3,248.0,8.0,0.493,0.513,140,0.264,50,0.653,0.071,0.107,0.002,0.008,0.0,0.0,0.001,0.05,0.14,0.03,0.02,0.02,0.02,0.06,Sports Reference 2025-26,1.8,0.6,1.2,12.8,2.0,0.093,Gr,,,,,,,,,,,,,tracking,74.0,50.0,0.676,0.336,6.0,3.0,0.5,0.027,49.0,0.265,0.223,91.0,0.264,0.414,13.0,24.0
marquette_adrien_stevens,Adrien Stevens,marquette,G,Jr,32,835.2,26.1,0.28,252.8,7.9,0.566,0.586,144,0.375,32,0.71,0.128,0.204,0.001,0.004,0.001,0.0,0.001,0.03,0.06,0.05,0.03,0.04,0.01,0.07,Sports Reference 2025-26,3.6,0.6,3.0,12.6,1.9,0.093,So,,,,,,,,,,,,,tracking,55.0,35.0,0.636,0.268,5.0,0.0,0.0,0.024,51.0,0.373,0.249,94.0,0.372,0.459,19.0,35.0
marquette_sean_jones,Sean Jones,marquette,G,Jr,8,170.4,21.3,0.299,50.4,6.3,0.406,0.426,28,0.321,16,0.688,0.179,0.35,0.0,0.004,0.001,0.0,0.002,0.0,0.17,0.49,0.19,0.12,0.0,0.31,Sports Reference 2025-26,-1.6,-2.6,1.0,9.5,0.2,0.051,Sr,,,,,,,,,,,,,tracking,17.0,5.0,0.294,0.354,2.0,1.0,0.5,0.042,10.0,0.3,0.208,19.0,0.316,0.396,3.0,6.0
marquette_damarius_owens,Damarius Owens,marquette,F,Jr,30,471.0,15.7,0.188,144.0,4.8,0.474,0.494,60,0.271,45,0.717,0.133,0.133,0.002,0.006,0.0,0.0,0.001,0.03,0.06,0.02,0.02,0.02,0.01,0.03,Sports Reference 2025-26,1.7,0.1,1.5,12.0,0.9,0.078,Jr,,,,,,,,,,,,,tracking,47.0,29.0,0.617,0.405,9.0,2.0,0.222,0.078,21.0,0.286,0.181,39.0,0.256,0.336,6.0,10.0
marquette_caedin_hamilton,Caedin Hamilton,marquette,F,Jr,32,412.8,12.9,0.135,92.8,2.9,0.423,0.443,3,0.0,42,0.675,0.212,0.159,0.004,0.007,0.0,0.001,0.002,0.04,0.05,0.02,0.03,0.01,0.01,0.06,Sports Reference 2025-26,-1.5,-3.7,2.2,10.0,0.6,0.059,Jr,,,,,,,,,,,,,tracking,62.0,28.0,0.452,0.795,14.0,5.0,0.357,0.179,1.0,0.0,0.013,1.0,0.0,0.013,0.0,0.0
providence_jaylin_sellers,Jaylin Sellers,providence,G,Jr,33,990.0,30.0,0.35,603.9,18.3,0.567,0.587,185,0.429,148,0.859,0.109,0.097,0.001,0.006,0.0,0.0,0.001,0.03,0.1,0.05,0.05,0.03,0.01,0.08,Sports Reference 2025-26,6.4,6.2,0.3,21.1,3.7,0.151,Gr,,,,,,,,,,,,,tracking,153.0,86.0,0.562,0.363,84.0,34.0,0.405,0.2,64.0,0.438,0.152,120.0,0.425,0.285,28.0,51.0
providence_jason_edwards,Jason Edwards,providence,G,Jr,23,611.8,26.6,0.35,379.5,16.5,0.516,0.536,140,0.343,106,0.79,0.11,0.184,0.0,0.006,0.0,0.0,0.001,0.01,0.12,0.13,0.08,0.03,0.0,0.07,Sports Reference 2025-26,4.0,4.5,-0.5,20.0,2.0,0.13,Gr,,,,,,,,,,,,,tracking,65.0,35.0,0.538,0.226,82.0,41.0,0.5,0.286,49.0,0.347,0.171,91.0,0.341,0.317,17.0,31.0
providence_ryan_mela,Ryan Mela,providence,F,Jr,33,851.4,25.8,0.35,326.7,9.9,0.539,0.559,56,0.321,82,0.805,0.16,0.2,0.002,0.009,0.0,0.0,0.001,0.03,0.13,0.06,0.05,0.02,0.0,0.05,Sports Reference 2025-26,3.5,2.4,1.1,15.8,2.2,0.101,Jr,,,,,,,,,,,,,tracking,136.0,79.0,0.581,0.564,49.0,24.0,0.49,0.203,20.0,0.3,0.083,36.0,0.333,0.149,6.0,12.0
providence_corey_floyd_jr_,Corey Floyd Jr.,providence,G,Jr,24,609.6,25.4,0.303,182.4,7.6,0.493,0.513,50,0.373,43,0.795,0.177,0.294,0.001,0.007,0.0,0.0,0.001,0.03,0.14,0.1,0.06,0.02,0.01,0.06,Sports Reference 2025-26,1.1,1.0,0.1,11.8,1.0,0.066,Gr,,,,,,,,,,,,,tracking,58.0,34.0,0.586,0.389,40.0,11.0,0.275,0.268,18.0,0.389,0.121,33.0,0.364,0.221,7.0,12.0
providence_duncan_powell,Duncan Powell,providence,F,Jr,22,369.6,16.8,0.188,101.2,4.6,0.477,0.497,66,0.308,29,0.607,0.133,0.152,0.001,0.008,0.0,0.0,0.001,0.03,0.1,0.04,0.03,0.01,0.01,0.07,Sports Reference 2025-26,0.7,0.5,0.2,9.2,0.5,0.053,Gr,,,,,,,,,,,,,tracking,17.0,9.0,0.529,0.193,6.0,3.0,0.5,0.068,23.0,0.304,0.261,42.0,0.31,0.477,7.0,13.0
providence_cole_hargrove,Cole Hargrove,providence,F,Jr,29,377.0,13.0,0.073,52.2,1.8,0.514,0.534,3,0.0,23,0.667,0.244,0.244,0.004,0.007,0.0,0.001,0.002,0.04,0.06,0.02,0.02,0.01,0.02,0.08,Sports Reference 2025-26,0.4,-1.8,2.2,9.1,0.7,0.072,Gr,,,,,,,,,,,,,tracking,24.0,15.0,0.625,0.686,7.0,3.0,0.429,0.2,1.0,0.0,0.029,3.0,0.0,0.086,0.0,0.0
seton_hall_a_j_staton_mccray,A.J. Staton-McCray,seton_hall,G,Jr,33,907.5,27.5,0.35,389.4,11.8,0.477,0.497,162,0.333,73,0.875,0.103,0.111,0.001,0.005,0.001,0.0,0.001,0.02,0.08,0.04,0.04,0.05,0.02,0.07,Sports Reference 2025-26,5.4,1.9,3.5,15.6,3.0,0.131,Gr,,,,,,,,,,,,,tracking,109.0,62.0,0.569,0.327,67.0,20.0,0.299,0.201,55.0,0.327,0.165,102.0,0.333,0.306,18.0,34.0
seton_hall_mike_williams_iii,Mike Williams III,seton_hall,G,Jr,33,686.4,20.8,0.293,231.0,7.0,0.448,0.468,99,0.337,53,0.759,0.122,0.183,0.001,0.006,0.001,0.0,0.001,0.01,0.07,0.05,0.03,0.03,0.0,0.05,Sports Reference 2025-26,3.4,-0.1,3.5,12.2,1.8,0.104,Sr,,,,,,,,,,,,,tracking,60.0,32.0,0.533,0.284,54.0,14.0,0.259,0.256,34.0,0.353,0.161,63.0,0.333,0.299,12.0,21.0
seton_hall_elijah_fisher,Elijah Fisher,seton_hall,G,Jr,33,683.1,20.7,0.254,217.8,6.6,0.48,0.5,40,0.237,69,0.696,0.112,0.112,0.002,0.005,0.001,0.0,0.002,0.03,0.06,0.02,0.02,0.03,0.02,0.07,Sports Reference 2025-26,3.3,-0.3,3.7,13.6,2.1,0.122,Gr,,,,,,,,,,,,,tracking,101.0,55.0,0.545,0.616,29.0,10.0,0.345,0.177,12.0,0.25,0.073,22.0,0.227,0.134,3.0,5.0
seton_hall_stephon_payne_iii,Stephon Payne III,seton_hall,F,Jr,33,666.6,20.2,0.221,194.7,5.9,0.524,0.544,0,0.0,82,0.518,0.113,0.097,0.006,0.01,0.0,0.001,0.002,0.08,0.11,0.02,0.02,0.02,0.04,0.08,Sports Reference 2025-26,4.6,1.1,3.6,19.5,2.8,0.166,Gr,,,,,,,,,,,,,tracking,124.0,68.0,0.548,0.886,16.0,5.0,0.312,0.114,0.0,,0.0,0.0,,0.0,0.0,0.0
seton_hall_trey_parker,Trey Parker,seton_hall,G,Jr,32,496.0,15.5,0.21,137.6,4.3,0.392,0.412,45,0.205,42,0.8,0.187,0.255,0.002,0.007,0.001,0.0,0.002,0.02,0.07,0.05,0.03,0.03,0.01,0.06,Sports Reference 2025-26,2.8,-1.9,4.6,11.5,1.1,0.087,Jr,,,,,,,,,,,,,tracking,52.0,23.0,0.442,0.403,36.0,15.0,0.417,0.279,14.0,0.214,0.109,27.0,0.222,0.209,3.0,6.0
seton_hall_josh_rivera,Josh Rivera,seton_hall,F,Jr,30,354.0,11.8,0.128,99.0,3.3,0.5,0.52,6,0.333,27,0.536,0.111,0.139,0.004,0.004,0.0,0.0,0.002,0.04,0.03,0.02,0.01,0.01,0.0,0.05,Sports Reference 2025-26,2.8,0.2,2.7,12.2,1.0,0.113,Gr,,,,,,,,,,,,,tracking,70.0,36.0,0.514,0.833,8.0,3.0,0.375,0.095,2.0,0.5,0.024,4.0,0.25,0.048,1.0,1.0
seton_hall_jacob_dar,Jacob Dar,seton_hall,F,Jr,31,313.1,10.1,0.113,99.2,3.2,0.513,0.533,22,0.19,25,0.769,0.095,0.095,0.004,0.005,0.0,0.001,0.001,0.03,0.03,0.01,0.01,0.01,0.01,0.01,Sports Reference 2025-26,4.6,2.5,2.1,16.6,1.1,0.142,Gr,,,,,,,,,,,,,tracking,47.0,29.0,0.617,0.671,4.0,3.0,0.75,0.057,7.0,0.143,0.1,12.0,0.25,0.171,1.0,3.0
st_johns_zuby_ejiofor,Zuby Ejiofor,st_johns,F,Jr,37,1110.0,30.0,0.35,603.1,16.3,0.56,0.58,59,0.305,259,0.718,0.137,0.229,0.004,0.007,0.0,0.001,0.001,0.09,0.11,0.09,0.06,0.03,0.06,0.06,Sports Reference 2025-26,14.5,8.5,6.0,27.7,6.6,0.239,Gr,,,,,,,,,,,,,tracking,198.0,130.0,0.657,0.596,87.0,39.0,0.448,0.262,16.0,0.312,0.048,31.0,0.323,0.093,5.0,10.0
st_johns_bryce_hopkins,Bryce Hopkins,st_johns,F,Jr,37,1065.6,28.8,0.35,503.2,13.6,0.514,0.534,92,0.363,178,0.713,0.098,0.143,0.003,0.008,0.0,0.0,0.001,0.05,0.12,0.05,0.04,0.03,0.01,0.04,Sports Reference 2025-26,8.5,5.0,3.5,19.7,4.8,0.18,Gr,,,,,,,,,,,,,tracking,179.0,102.0,0.57,0.53,82.0,30.0,0.366,0.243,27.0,0.296,0.08,50.0,0.3,0.148,8.0,15.0
st_johns_oziyah_sellers,Oziyah Sellers,st_johns,G,Jr,37,1058.2,28.6,0.35,381.1,10.3,0.513,0.533,152,0.351,63,0.859,0.07,0.159,0.001,0.004,0.0,0.0,0.001,0.01,0.06,0.04,0.02,0.01,0.01,0.06,Sports Reference 2025-26,4.0,1.5,2.5,12.3,3.5,0.13,Gr,,,,,,,,,,,,,tracking,72.0,43.0,0.597,0.243,87.0,39.0,0.448,0.294,48.0,0.354,0.162,89.0,0.348,0.301,17.0,31.0
st_johns_ian_jackson,Ian Jackson,st_johns,G,Jr,36,658.8,18.3,0.35,338.4,9.4,0.496,0.516,144,0.343,68,0.9,0.139,0.13,0.001,0.006,0.001,0.0,0.001,0.01,0.06,0.04,0.04,0.02,0.01,0.04,Sports Reference 2025-26,4.6,1.9,2.7,15.2,2.1,0.126,Jr,,,,,,,,,,,,,tracking,104.0,56.0,0.538,0.409,23.0,4.0,0.174,0.091,44.0,0.364,0.173,83.0,0.349,0.327,16.0,29.0
st_johns_dillon_mitchell,Dillon Mitchell,st_johns,F,Jr,37,1039.7,28.1,0.302,307.1,8.3,0.561,0.581,15,0.067,89,0.494,0.118,0.35,0.003,0.009,0.001,0.0,0.001,0.06,0.12,0.08,0.03,0.04,0.02,0.05,Sports Reference 2025-26,9.3,3.9,5.3,18.7,4.5,0.173,Gr,,,,,,,,,,,,,tracking,166.0,108.0,0.651,0.765,39.0,11.0,0.282,0.18,4.0,0.0,0.018,8.0,0.0,0.037,0.0,0.0
st_johns_joson_sanon,Joson Sanon,st_johns,G,Jr,37,773.3,20.9,0.331,292.3,7.9,0.429,0.449,144,0.336,81,0.768,0.119,0.076,0.001,0.005,0.0,0.0,0.001,0.01,0.05,0.02,0.03,0.02,0.01,0.06,Sports Reference 2025-26,0.5,-1.4,1.9,8.6,1.6,0.084,Jr,,,,,,,,,,,,,tracking,63.0,27.0,0.429,0.252,56.0,15.0,0.268,0.224,46.0,0.348,0.184,85.0,0.341,0.34,16.0,29.0
st_johns_dylan_darling,Dylan Darling,st_johns,G,Jr,35,745.5,21.3,0.27,241.5,6.9,0.471,0.491,102,0.277,84,0.718,0.132,0.344,0.001,0.006,0.001,0.0,0.002,0.01,0.06,0.07,0.03,0.04,0.0,0.07,Sports Reference 2025-26,5.7,-0.1,5.9,14.0,2.6,0.142,Sr,,,,,,,,,,,,,tracking,52.0,30.0,0.577,0.308,31.0,13.0,0.419,0.183,30.0,0.3,0.178,56.0,0.304,0.331,9.0,17.0
st_johns_rub_n_prey,Rubén Prey,st_johns,F,Jr,37,399.6,10.8,0.139,159.1,4.3,0.579,0.599,22,0.625,59,0.672,0.128,0.205,0.004,0.006,0.0,0.001,0.002,0.03,0.03,0.02,0.01,0.01,0.02,0.05,Sports Reference 2025-26,9.2,3.6,5.6,19.6,1.9,0.191,Jr,,,,,,,,,,,,,tracking,41.0,22.0,0.537,0.446,32.0,11.0,0.344,0.348,7.0,0.571,0.076,12.0,0.5,0.13,4.0,6.0
villanova_tyler_perkins,Tyler Perkins,villanova,G,Jr,33,986.7,29.9,0.35,452.1,13.7,0.532,0.552,178,0.369,92,0.745,0.062,0.124,0.002,0.007,0.0,0.0,0.001,0.05,0.12,0.05,0.02,0.04,0.01,0.06,Sports Reference 2025-26,7.9,5.5,2.4,19.6,4.0,0.163,Sr,,,,,,,,,,,,,tracking,101.0,61.0,0.604,0.292,73.0,29.0,0.397,0.211,60.0,0.367,0.173,112.0,0.366,0.324,22.0,41.0
villanova_duke_brennan,Duke Brennan,villanova,F,Jr,32,992.0,31.0,0.35,396.8,12.4,0.658,0.678,0,0.0,173,0.613,0.177,0.177,0.005,0.011,0.0,0.0,0.001,0.13,0.19,0.06,0.06,0.03,0.02,0.07,Sports Reference 2025-26,7.0,4.9,2.1,23.1,4.6,0.187,Gr,,,,,,,,,,,,,tracking,173.0,116.0,0.671,0.812,40.0,24.0,0.6,0.188,0.0,,0.0,0.0,,0.0,0.0,0.0
villanova_bryce_lindsay,Bryce Lindsay,villanova,G,Jr,33,943.8,28.6,0.35,405.9,12.3,0.496,0.516,218,0.356,82,0.771,0.094,0.164,0.001,0.003,0.0,0.0,0.001,0.02,0.05,0.06,0.04,0.02,0.0,0.05,Sports Reference 2025-26,3.1,2.5,0.6,13.4,2.5,0.104,Jr,,,,,,,,,,,,,tracking,68.0,38.0,0.559,0.208,51.0,13.0,0.255,0.156,73.0,0.342,0.223,135.0,0.348,0.413,25.0,47.0
villanova_devin_askew,Devin Askew,villanova,G,Jr,33,762.3,23.1,0.35,323.4,9.8,0.52,0.54,158,0.406,46,0.872,0.12,0.21,0.001,0.005,0.001,0.0,0.001,0.02,0.06,0.06,0.04,0.03,0.0,0.07,Sports Reference 2025-26,5.7,3.0,2.7,15.9,2.5,0.13,Gr,,,,,,,,,,,,,tracking,46.0,20.0,0.435,0.172,65.0,24.0,0.369,0.243,55.0,0.4,0.205,102.0,0.412,0.381,22.0,42.0
villanova_matthew_hodge,Matthew Hodge,villanova,F,Jr,29,800.4,27.6,0.307,266.8,9.2,0.572,0.592,136,0.368,46,0.652,0.081,0.081,0.002,0.005,0.0,0.0,0.001,0.04,0.08,0.02,0.02,0.01,0.02,0.08,Sports Reference 2025-26,3.9,2.5,1.5,13.0,2.2,0.11,So,,,,,,,,,,,,,tracking,54.0,38.0,0.704,0.26,18.0,6.0,0.333,0.087,48.0,0.375,0.231,88.0,0.364,0.423,18.0,32.0
villanova_malachi_palmer,Malachi Palmer,villanova,G,Jr,33,603.9,18.3,0.152,151.8,4.6,0.586,0.606,79,0.359,20,0.762,0.117,0.141,0.001,0.004,0.0,0.0,0.001,0.02,0.04,0.02,0.02,0.02,0.0,0.05,Sports Reference 2025-26,2.7,0.2,2.5,10.2,1.5,0.096,Jr,,,,,,,,,,,,,tracking,26.0,20.0,0.769,0.236,11.0,5.0,0.455,0.1,26.0,0.346,0.236,47.0,0.34,0.427,9.0,16.0
villanova_tafara_gapare,Tafara Gapare,villanova,F,Jr,9,146.7,16.3,0.151,26.1,2.9,0.315,0.335,14,0.214,11,0.818,0.166,0.095,0.002,0.007,0.0,0.001,0.002,0.09,0.23,0.04,0.08,0.07,0.09,0.21,Sports Reference 2025-26,-0.4,-3.4,3.0,7.6,0.2,0.055,Gr,,,,,,,,,,,,,tracking,8.0,2.0,0.25,0.296,5.0,2.0,0.4,0.185,5.0,0.2,0.185,9.0,0.222,0.333,1.0,2.0
xavier_tre_carroll,Tre Carroll,xavier,F,Jr,32,1011.2,31.6,0.35,569.6,17.8,0.552,0.572,134,0.333,118,0.709,0.125,0.147,0.002,0.008,0.0,0.001,0.001,0.04,0.14,0.08,0.07,0.03,0.04,0.06,Sports Reference 2025-26,5.4,4.7,0.7,20.3,2.6,0.103,Gr,,,,,,,,,,,,,tracking,155.0,100.0,0.645,0.351,151.0,76.0,0.503,0.342,47.0,0.34,0.107,88.0,0.33,0.2,16.0,29.0
xavier_jovan_milicevic,Jovan Milicevic,xavier,F,Jr,33,864.6,26.2,0.35,409.2,12.4,0.549,0.569,155,0.429,82,0.728,0.108,0.117,0.002,0.005,0.0,0.0,0.002,0.04,0.08,0.04,0.04,0.02,0.02,0.1,Sports Reference 2025-26,2.5,2.7,-0.2,15.8,2.0,0.094,Jr,,,,,,,,,,,,,tracking,94.0,56.0,0.596,0.296,68.0,18.0,0.265,0.214,55.0,0.418,0.173,101.0,0.436,0.318,23.0,44.0
xavier_roddie_anderson_iii,Roddie Anderson III,xavier,G,Jr,33,785.4,23.8,0.35,359.7,10.9,0.457,0.477,122,0.314,89,0.722,0.106,0.179,0.001,0.006,0.001,0.0,0.001,0.02,0.08,0.07,0.04,0.04,0.01,0.06,Sports Reference 2025-26,1.5,0.3,1.1,14.9,1.3,0.065,Gr,,,,,,,,,,,,,tracking,115.0,65.0,0.565,0.357,86.0,25.0,0.291,0.267,42.0,0.31,0.13,79.0,0.316,0.245,13.0,25.0
xavier_filip_borovicanin,Filip Borovicanin,xavier,F,Jr,33,1026.3,31.1,0.35,356.4,10.8,0.493,0.513,106,0.349,63,0.873,0.151,0.35,0.002,0.01,0.0,0.0,0.001,0.05,0.17,0.13,0.05,0.04,0.02,0.07,Sports Reference 2025-26,4.8,2.9,1.8,16.8,2.6,0.103,Gr,,,,,,,,,,,,,tracking,88.0,48.0,0.545,0.286,112.0,47.0,0.42,0.364,38.0,0.342,0.123,70.0,0.357,0.227,13.0,25.0
xavier_all_wright,All Wright,xavier,G,Jr,33,732.6,22.2,0.242,247.5,7.5,0.565,0.585,89,0.422,43,0.841,0.089,0.295,0.001,0.003,0.0,0.0,0.001,0.01,0.04,0.06,0.02,0.02,0.0,0.06,Sports Reference 2025-26,1.0,0.9,0.1,12.4,1.6,0.088,Jr,,,,,,,,,,,,,tracking,62.0,36.0,0.581,0.335,34.0,12.0,0.353,0.184,31.0,0.419,0.168,58.0,0.431,0.314,13.0,25.0
xavier_isaiah_walker,Isaiah Walker,xavier,G,Jr,32,540.8,16.9,0.148,150.4,4.7,0.576,0.596,58,0.411,26,0.8,0.072,0.169,0.002,0.006,0.0,0.0,0.001,0.03,0.06,0.02,0.01,0.02,0.0,0.04,Sports Reference 2025-26,2.4,2.0,0.4,12.9,1.3,0.095,Gr,,,,,,,,,,,,,tracking,47.0,27.0,0.574,0.42,9.0,3.0,0.333,0.08,20.0,0.4,0.179,36.0,0.417,0.321,8.0,15.0
xavier_anthony_robinson,Anthony Robinson,xavier,F,Jr,26,260.0,10.0,0.099,59.8,2.3,0.543,0.563,0,0.0,52,0.434,0.216,0.108,0.005,0.007,0.0,0.001,0.002,0.05,0.05,0.01,0.02,0.01,0.02,0.06,Sports Reference 2025-26,-1.9,-3.2,1.3,11.4,0.4,0.061,Jr,,,,,,,,,,,,,tracking,29.0,18.0,0.621,0.829,6.0,1.0,0.167,0.171,0.0,,0.0,0.0,,0.0,0.0,0.0
xavier_pape_n_diaye,Pape N'Diaye,xavier,F,Jr,29,272.6,9.4,0.069,58.0,2.0,0.564,0.584,20,0.429,9,0.556,0.104,0.104,0.004,0.009,0.0,0.002,0.002,0.03,0.05,0.01,0.01,0.01,0.03,0.06,Sports Reference 2025-26,2.5,-0.4,2.9,14.7,0.8,0.111,Jr,,,,,,,,,,,,,tracking,16.0,9.0,0.562,0.34,10.0,4.0,0.4,0.213,7.0,0.429,0.149,14.0,0.429,0.298,3.0,6.0
gonzaga_graham_ike,Graham Ike,gonzaga,F,Jr,31,967.2,31.2,0.35,616.9,19.9,0.591,0.611,71,0.338,149,0.797,0.103,0.137,0.003,0.01,0.0,0.0,0.001,0.07,0.19,0.08,0.06,0.02,0.03,0.09,Sports Reference 2025-26,10.9,7.0,3.9,26.7,6.1,0.254,Gr,,,,,,,,,,,,,tracking,156.0,112.0,0.718,0.404,164.0,86.0,0.524,0.425,23.0,0.348,0.06,43.0,0.349,0.111,8.0,15.0
gonzaga_braden_huff,Braden Huff,gonzaga,F,Jr,18,457.2,25.4,0.35,320.4,17.8,0.678,0.698,22,0.333,40,0.575,0.064,0.107,0.004,0.006,0.0,0.0,0.001,0.15,0.16,0.08,0.05,0.02,0.03,0.14,Sports Reference 2025-26,11.3,8.6,2.7,30.4,3.0,0.266,Sr,,,,,,,,,,,,,tracking,96.0,75.0,0.781,0.438,102.0,63.0,0.618,0.466,7.0,0.286,0.032,14.0,0.357,0.064,2.0,5.0
gonzaga_tyon_grant_foster,Tyon Grant-Foster,gonzaga,G,Jr,35,752.5,21.5,0.35,388.5,11.1,0.503,0.523,66,0.262,144,0.611,0.12,0.103,0.003,0.009,0.0,0.001,0.001,0.04,0.1,0.03,0.04,0.02,0.03,0.05,Sports Reference 2025-26,5.9,2.1,3.9,20.0,3.3,0.175,Gr,,,,,,,,,,,,,tracking,169.0,104.0,0.615,0.597,52.0,16.0,0.308,0.184,22.0,0.273,0.078,40.0,0.25,0.141,6.0,10.0
gonzaga_davis_fogle,Davis Fogle,gonzaga,G,Jr,30,501.0,16.7,0.288,258.0,8.6,0.555,0.575,39,0.35,66,0.723,0.087,0.161,0.003,0.006,0.001,0.001,0.001,0.04,0.06,0.04,0.02,0.02,0.02,0.03,Sports Reference 2025-26,9.8,5.7,4.0,23.2,2.8,0.223,So,,,,,,,,,,,,,tracking,75.0,53.0,0.707,0.444,59.0,24.0,0.407,0.349,12.0,0.417,0.071,23.0,0.348,0.136,5.0,8.0
gonzaga_mario_saint_supery,Mario Saint-Supery,gonzaga,G,Jr,35,808.5,23.1,0.319,301.0,8.6,0.515,0.535,119,0.403,74,0.878,0.168,0.35,0.001,0.006,0.001,0.0,0.001,0.01,0.07,0.11,0.04,0.04,0.0,0.05,Sports Reference 2025-26,7.4,2.5,4.8,17.0,3.7,0.183,So,,,,,,,,,,,,,tracking,57.0,29.0,0.509,0.271,47.0,14.0,0.298,0.224,37.0,0.432,0.176,69.0,0.435,0.329,16.0,30.0
gonzaga_adam_miller,Adam Miller,gonzaga,G,Jr,35,679.0,19.4,0.259,255.5,7.3,0.514,0.534,130,0.302,35,0.75,0.069,0.138,0.001,0.004,0.0,0.0,0.001,0.01,0.04,0.03,0.01,0.02,0.0,0.03,Sports Reference 2025-26,4.0,0.9,3.1,12.6,2.4,0.142,Gr,,,,,,,,,,,,,tracking,44.0,31.0,0.705,0.205,44.0,22.0,0.5,0.205,44.0,0.318,0.205,83.0,0.301,0.386,14.0,25.0
gonzaga_jalen_warley,Jalen Warley,gonzaga,G,Jr,33,719.4,21.8,0.244,234.3,7.1,0.566,0.586,0,0.0,69,0.652,0.132,0.308,0.003,0.008,0.001,0.0,0.002,0.05,0.1,0.06,0.03,0.05,0.01,0.08,Sports Reference 2025-26,8.4,2.1,6.4,18.7,3.6,0.202,Gr,,,,,,,,,,,,,tracking,103.0,65.0,0.631,0.687,47.0,20.0,0.426,0.313,0.0,,0.0,0.0,,0.0,0.0,0.0
gonzaga_emmanuel_innocenti,Emmanuel Innocenti,gonzaga,F,Jr,35,850.5,24.3,0.214,210.0,6.0,0.534,0.554,80,0.284,32,0.606,0.083,0.284,0.002,0.005,0.0,0.0,0.001,0.04,0.07,0.05,0.01,0.03,0.01,0.05,Sports Reference 2025-26,6.7,2.2,4.5,13.6,3.5,0.162,Sr,,,,,,,,,,,,,tracking,68.0,46.0,0.676,0.41,23.0,10.0,0.435,0.139,26.0,0.269,0.157,49.0,0.286,0.295,7.0,14.0
gonzaga_braeden_smith,Braeden Smith,gonzaga,G,Jr,35,598.5,17.1,0.197,178.5,5.1,0.529,0.549,52,0.333,42,0.805,0.199,0.35,0.001,0.006,0.001,0.0,0.001,0.01,0.05,0.1,0.03,0.03,0.0,0.03,Sports Reference 2025-26,7.1,2.3,4.7,17.2,2.7,0.181,Sr,,,,,,,,,,,,,tracking,43.0,28.0,0.651,0.314,43.0,19.0,0.442,0.314,18.0,0.333,0.131,33.0,0.333,0.241,6.0,11.0
gonzaga_steele_venters,Steele Venters,gonzaga,G,Jr,27,407.7,15.1,0.178,135.0,5.0,0.544,0.564,97,0.367,11,0.833,0.121,0.201,0.001,0.004,0.0,0.0,0.001,0.01,0.04,0.04,0.02,0.02,0.0,0.05,Sports Reference 2025-26,3.9,0.5,3.4,11.3,1.4,0.138,Gr,,,,,,,,,,,,,tracking,8.0,6.0,0.75,0.07,8.0,2.0,0.25,0.07,34.0,0.382,0.298,64.0,0.359,0.561,13.0,23.0
saint_marys_joshua_dent,Joshua Dent,saint_marys,G,Jr,33,1194.6,36.2,0.35,435.6,13.2,0.567,0.587,152,0.404,96,0.918,0.18,0.35,0.0,0.003,0.001,0.0,0.001,0.01,0.07,0.17,0.07,0.05,0.01,0.05,Sports Reference 2025-26,6.6,3.3,3.3,17.1,5.4,0.182,Jr,,,,,,,,,,,,,tracking,87.0,56.0,0.644,0.301,50.0,18.0,0.36,0.173,53.0,0.396,0.183,99.0,0.404,0.343,21.0,40.0
saint_marys_dillan_shaw,Dillan Shaw,saint_marys,G,Jr,33,907.5,27.5,0.273,247.5,7.5,0.557,0.577,125,0.416,33,0.697,0.131,0.196,0.002,0.008,0.0,0.0,0.001,0.04,0.12,0.05,0.03,0.03,0.02,0.07,Sports Reference 2025-26,6.2,2.0,4.2,13.8,3.5,0.154,So,,,,,,,,,,,,,tracking,44.0,26.0,0.591,0.224,29.0,7.0,0.241,0.148,43.0,0.419,0.219,80.0,0.412,0.408,18.0,33.0
saint_marys_liam_campbell,Liam Campbell,saint_marys,G,Jr,33,485.1,14.7,0.147,161.7,4.9,0.637,0.657,50,0.52,40,0.8,0.121,0.121,0.001,0.006,0.0,0.0,0.001,0.01,0.05,0.02,0.02,0.01,0.0,0.02,Sports Reference 2025-26,5.5,2.6,2.9,13.8,2.0,0.162,So,,,,,,,,,,,,,tracking,23.0,13.0,0.565,0.242,24.0,10.0,0.417,0.253,17.0,0.471,0.179,31.0,0.516,0.326,8.0,16.0
saint_marys_harry_wessels,Harry Wessels,saint_marys,C,Jr,32,531.2,16.6,0.176,153.6,4.8,0.514,0.534,0,0.0,61,0.672,0.142,0.122,0.006,0.009,0.0,0.001,0.002,0.07,0.09,0.02,0.02,0.01,0.03,0.07,Sports Reference 2025-26,3.7,0.2,3.5,18.2,2.5,0.185,Gr,,,,,,,,,,,,,tracking,82.0,46.0,0.561,0.759,25.0,10.0,0.4,0.231,0.0,,0.0,1.0,0.0,0.009,0.0,0.0
saint_marys_rory_hawke,Rory Hawke,saint_marys,G,Jr,32,342.4,10.7,0.09,76.8,2.4,0.547,0.567,19,0.222,22,0.783,0.199,0.12,0.001,0.005,0.0,0.0,0.001,0.01,0.03,0.01,0.02,0.01,0.0,0.03,Sports Reference 2025-26,-0.3,-3.0,2.7,7.5,0.8,0.097,So,,,,,,,,,,,,,tracking,31.0,21.0,0.677,0.585,3.0,1.0,0.333,0.057,7.0,0.286,0.132,12.0,0.25,0.226,2.0,3.0
saint_marys_kevin_gad,Kevin Gad,saint_marys,F,Jr,7,70.7,10.1,0.061,9.8,1.4,0.455,0.475,6,0.333,0,0.0,0.059,0.35,0.002,0.004,0.0,0.0,0.001,0.09,0.1,0.1,0.01,0.01,0.0,0.13,Sports Reference 2025-26,3.6,1.1,2.5,7.5,0.2,0.112,Sr,,,,,,,,,,,,,tracking,3.0,2.0,0.667,0.273,2.0,0.0,0.0,0.182,2.0,0.5,0.182,4.0,0.25,0.364,1.0,1.0
san_francisco_ryan_beasley,Ryan Beasley,san_francisco,G,Jr,31,1032.3,33.3,0.35,421.6,13.6,0.484,0.504,149,0.327,140,0.827,0.116,0.29,0.001,0.005,0.0,0.0,0.001,0.02,0.09,0.13,0.05,0.04,0.0,0.07,Sports Reference 2025-26,3.1,2.1,1.0,16.5,3.4,0.131,Sr,,,,,,,,,,,,,tracking,87.0,53.0,0.609,0.274,80.0,27.0,0.338,0.252,52.0,0.327,0.164,98.0,0.327,0.309,17.0,32.0
san_francisco_david_fuchs,David Fuchs,san_francisco,F,Jr,29,696.0,24.0,0.35,368.3,12.7,0.539,0.559,32,0.303,183,0.645,0.15,0.11,0.004,0.012,0.0,0.0,0.001,0.08,0.19,0.05,0.07,0.02,0.01,0.07,Sports Reference 2025-26,3.5,3.5,0.0,22.6,2.7,0.156,Sr,,,,,,,,,,,,,tracking,166.0,99.0,0.596,0.716,32.0,10.0,0.312,0.138,12.0,0.333,0.052,22.0,0.318,0.095,4.0,7.0
san_francisco_tyrone_riley_iv,Tyrone Riley IV,san_francisco,G,Jr,31,985.8,31.8,0.35,378.2,12.2,0.542,0.562,115,0.368,74,0.707,0.077,0.103,0.002,0.006,0.0,0.0,0.001,0.05,0.11,0.04,0.03,0.03,0.02,0.06,Sports Reference 2025-26,3.2,2.1,1.1,16.2,3.0,0.122,Jr,,,,,,,,,,,,,tracking,93.0,55.0,0.591,0.309,91.0,44.0,0.484,0.302,41.0,0.366,0.136,76.0,0.368,0.252,15.0,28.0
san_francisco_junjie_wang,Junjie Wang,san_francisco,F,Jr,33,669.9,20.3,0.309,280.5,8.5,0.517,0.537,112,0.342,86,0.753,0.139,0.093,0.002,0.005,0.0,0.0,0.001,0.04,0.05,0.02,0.04,0.02,0.01,0.06,Sports Reference 2025-26,1.1,1.2,-0.1,14.4,1.7,0.102,Sr,,,,,,,,,,,,,tracking,73.0,43.0,0.589,0.349,24.0,7.0,0.292,0.115,39.0,0.359,0.187,73.0,0.342,0.349,14.0,25.0
san_francisco_legend_smiley,Legend Smiley,san_francisco,G,Jr,33,706.2,21.4,0.255,267.3,8.1,0.598,0.618,132,0.42,40,0.875,0.112,0.084,0.001,0.003,0.0,0.0,0.001,0.02,0.04,0.02,0.02,0.02,0.01,0.06,Sports Reference 2025-26,1.0,1.0,-0.1,13.1,1.9,0.108,So,,,,,,,,,,,,,tracking,30.0,17.0,0.567,0.155,32.0,16.0,0.5,0.166,46.0,0.413,0.238,85.0,0.424,0.44,19.0,36.0
san_francisco_vukasin_masic,Vukasin Masic,san_francisco,G,Jr,33,712.8,21.6,0.232,174.9,5.3,0.471,0.491,109,0.291,23,0.696,0.154,0.307,0.0,0.004,0.0,0.0,0.001,0.0,0.05,0.06,0.03,0.01,0.0,0.03,Sports Reference 2025-26,-2.7,-1.8,-0.8,7.4,0.7,0.041,Gr,,,,,,,,,,,,,tracking,35.0,21.0,0.6,0.206,24.0,11.0,0.458,0.141,39.0,0.282,0.229,72.0,0.292,0.424,11.0,21.0
san_francisco_guillermo_diaz_graham,Guillermo Diaz Graham,san_francisco,F,Jr,33,567.6,17.2,0.191,171.6,5.2,0.524,0.544,73,0.375,56,0.691,0.15,0.243,0.002,0.007,0.0,0.001,0.002,0.03,0.07,0.04,0.02,0.02,0.02,0.07,Sports Reference 2025-26,2.4,0.6,1.8,14.3,1.7,0.12,Gr,,,,,,,,,,,,,tracking,39.0,23.0,0.59,0.307,15.0,2.0,0.133,0.118,26.0,0.385,0.205,47.0,0.383,0.37,10.0,18.0
san_francisco_veniamin_abosi,Veniamin Abosi,san_francisco,F,Jr,24,422.4,17.6,0.205,120.0,5.0,0.528,0.548,53,0.404,41,0.683,0.226,0.209,0.002,0.01,0.0,0.0,0.002,0.03,0.14,0.05,0.05,0.02,0.02,0.09,Sports Reference 2025-26,0.6,-1.4,2.0,12.0,0.9,0.087,Jr,,,,,,,,,,,,,tracking,20.0,10.0,0.5,0.227,16.0,5.0,0.312,0.182,18.0,0.389,0.205,34.0,0.412,0.386,7.0,14.0
santa_clara_christian_hammond,Christian Hammond,santa_clara,G,Jr,34,1030.2,30.3,0.35,530.4,15.6,0.549,0.569,136,0.393,109,0.787,0.113,0.165,0.001,0.004,0.0,0.0,0.001,0.02,0.07,0.07,0.05,0.04,0.0,0.06,Sports Reference 2025-26,4.5,3.6,0.9,18.1,3.7,0.145,Jr,,,,,,,,,,,,,tracking,133.0,77.0,0.579,0.336,133.0,65.0,0.489,0.336,46.0,0.391,0.116,84.0,0.405,0.212,18.0,34.0
santa_clara_elijah_mahi,Elijah Mahi,santa_clara,F,Jr,35,1064.0,30.4,0.35,493.5,14.1,0.515,0.535,161,0.344,102,0.713,0.116,0.177,0.002,0.006,0.001,0.0,0.001,0.04,0.09,0.07,0.05,0.04,0.01,0.04,Sports Reference 2025-26,5.4,4.1,1.4,18.3,3.7,0.139,Gr,,,,,,,,,,,,,tracking,143.0,78.0,0.545,0.364,98.0,47.0,0.48,0.249,53.0,0.34,0.135,99.0,0.333,0.252,18.0,33.0
santa_clara_aleksandar_gavalyugov,Aleksandar Gavalyugov,santa_clara,G,Jr,35,703.5,20.1,0.35,315.0,9.0,0.516,0.536,186,0.358,24,0.72,0.141,0.273,0.001,0.003,0.0,0.0,0.001,0.02,0.03,0.08,0.04,0.01,0.0,0.05,Sports Reference 2025-26,3.1,3.4,-0.3,14.0,1.9,0.11,Jr,,,,,,,,,,,,,tracking,41.0,18.0,0.439,0.151,55.0,28.0,0.509,0.202,62.0,0.355,0.228,114.0,0.36,0.419,22.0,41.0
santa_clara_bukky_oboye,Bukky Oboye,santa_clara,C,Jr,34,601.8,17.7,0.233,268.6,7.9,0.691,0.711,34,0.242,65,0.656,0.122,0.092,0.004,0.008,0.0,0.001,0.003,0.05,0.08,0.02,0.02,0.02,0.04,0.1,Sports Reference 2025-26,5.2,2.0,3.2,22.4,2.9,0.192,Jr,,,,,,,,,,,,,tracking,120.0,93.0,0.775,0.745,9.0,6.0,0.667,0.056,11.0,0.273,0.068,21.0,0.238,0.13,3.0,5.0
santa_clara_brenton_knapper,Brenton Knapper,santa_clara,G,Jr,33,709.5,21.5,0.313,247.5,7.5,0.456,0.476,112,0.274,50,0.792,0.137,0.251,0.001,0.003,0.001,0.0,0.001,0.02,0.04,0.07,0.04,0.04,0.0,0.04,Sports Reference 2025-26,1.8,0.2,1.6,12.7,1.7,0.094,Gr,,,,,,,,,,,,,tracking,78.0,43.0,0.551,0.348,34.0,14.0,0.412,0.152,39.0,0.282,0.174,73.0,0.274,0.326,11.0,20.0
santa_clara_jake_ensminger,Jake Ensminger,santa_clara,G,Jr,32,921.6,28.8,0.209,208.0,6.5,0.661,0.681,90,0.398,26,0.667,0.154,0.35,0.003,0.007,0.0,0.0,0.001,0.06,0.11,0.09,0.03,0.03,0.01,0.07,Sports Reference 2025-26,5.9,3.6,2.3,15.1,3.4,0.147,Sr,,,,,,,,,,,,,tracking,44.0,36.0,0.818,0.319,9.0,5.0,0.556,0.065,30.0,0.4,0.217,55.0,0.382,0.399,12.0,21.0
santa_clara_thierry_darlan,Thierry Darlan,santa_clara,G,Jr,35,626.5,17.9,0.245,213.5,6.1,0.503,0.523,119,0.339,46,0.886,0.204,0.131,0.002,0.008,0.0,0.001,0.002,0.02,0.08,0.03,0.04,0.01,0.02,0.07,Sports Reference 2025-26,-0.1,-1.2,1.1,11.6,1.4,0.092,Sr,,,,,,,,,,,,,tracking,46.0,25.0,0.543,0.267,9.0,2.0,0.222,0.052,41.0,0.341,0.238,76.0,0.342,0.442,14.0,26.0
santa_clara_kj_cochran,KJ Cochran,santa_clara,G,Jr,34,401.2,11.8,0.172,159.8,4.7,0.514,0.534,85,0.271,24,0.652,0.083,0.125,0.002,0.004,0.0,0.0,0.001,0.02,0.02,0.02,0.01,0.01,0.0,0.03,Sports Reference 2025-26,1.3,0.9,0.4,13.4,1.1,0.109,So,,,,,,,,,,,,,tracking,41.0,28.0,0.683,0.291,15.0,10.0,0.667,0.106,30.0,0.267,0.213,55.0,0.273,0.39,8.0,15.0
san_diego_state_reese_dixon_waters,Reese Dixon-Waters,san_diego_state,G,Jr,32,960.0,30.0,0.35,419.2,13.1,0.508,0.528,147,0.356,99,0.878,0.108,0.1,0.001,0.006,0.0,0.0,0.001,0.02,0.09,0.04,0.04,0.03,0.0,0.06,Sports Reference 2025-26,3.2,1.6,1.6,14.1,3.0,0.123,Gr,,,,,,,,,,,,,tracking,50.0,29.0,0.58,0.149,136.0,60.0,0.441,0.406,52.0,0.346,0.155,97.0,0.351,0.29,18.0,34.0
san_diego_state_bj_davis,BJ Davis,san_diego_state,G,Jr,33,732.6,22.2,0.35,356.4,10.8,0.506,0.526,99,0.374,116,0.853,0.088,0.215,0.001,0.006,0.001,0.0,0.001,0.02,0.08,0.07,0.03,0.03,0.0,0.07,Sports Reference 2025-26,7.6,3.7,3.9,19.7,3.4,0.187,Sr,,,,,,,,,,,,,tracking,71.0,42.0,0.592,0.271,90.0,34.0,0.378,0.344,35.0,0.371,0.134,66.0,0.379,0.252,13.0,25.0
san_diego_state_elzie_harrington,Elzie Harrington,san_diego_state,G,Jr,23,485.3,21.1,0.308,184.0,8.0,0.538,0.558,39,0.436,32,0.813,0.197,0.267,0.001,0.003,0.0,0.0,0.001,0.01,0.06,0.1,0.07,0.03,0.0,0.06,Sports Reference 2025-26,1.8,0.3,1.5,12.7,1.1,0.093,So,,,,,,,,,,,,,tracking,44.0,27.0,0.614,0.28,71.0,31.0,0.437,0.452,15.0,0.4,0.096,27.0,0.444,0.172,6.0,12.0
san_diego_state_pharaoh_compton,Pharaoh Compton,san_diego_state,F,Jr,33,455.4,13.8,0.21,247.5,7.5,0.721,0.72,3,0.0,73,0.625,0.119,0.051,0.003,0.006,0.0,0.001,0.002,0.04,0.05,0.01,0.02,0.02,0.03,0.07,Sports Reference 2025-26,7.4,2.8,4.6,25.4,2.5,0.216,Jr,,,,,,,,,,,,,tracking,121.0,97.0,0.802,0.834,22.0,8.0,0.364,0.152,1.0,0.0,0.007,1.0,0.0,0.007,0.0,0.0
san_diego_state_tae_simmons,Tae Simmons,san_diego_state,F,Jr,32,457.6,14.3,0.169,185.6,5.8,0.657,0.677,10,0.25,83,0.631,0.084,0.063,0.004,0.008,0.0,0.0,0.002,0.04,0.07,0.01,0.01,0.01,0.01,0.06,Sports Reference 2025-26,4.1,2.0,2.1,19.3,2.2,0.192,So,,,,,,,,,,,,,tracking,78.0,56.0,0.718,0.743,19.0,10.0,0.526,0.181,3.0,0.333,0.029,5.0,0.2,0.048,1.0,1.0
san_diego_state_miles_heide,Miles Heide,san_diego_state,F,Jr,32,611.2,19.1,0.197,179.2,5.6,0.623,0.643,6,0.286,51,0.51,0.182,0.145,0.004,0.007,0.0,0.001,0.002,0.06,0.08,0.03,0.03,0.02,0.02,0.08,Sports Reference 2025-26,2.6,-0.1,2.7,15.0,2.1,0.136,Sr,,,,,,,,,,,,,tracking,88.0,62.0,0.705,0.698,31.0,11.0,0.355,0.246,2.0,0.5,0.016,5.0,0.2,0.04,1.0,1.0
san_diego_state_taj_degourville,Taj DeGourville,san_diego_state,G,Jr,33,640.2,19.4,0.264,181.5,5.5,0.428,0.448,56,0.345,59,0.655,0.203,0.35,0.001,0.007,0.0,0.0,0.001,0.02,0.07,0.09,0.05,0.02,0.0,0.05,Sports Reference 2025-26,1.6,-1.4,3.0,11.2,1.3,0.083,Jr,,,,,,,,,,,,,tracking,39.0,15.0,0.385,0.228,75.0,28.0,0.373,0.439,20.0,0.35,0.117,37.0,0.351,0.216,7.0,13.0
san_diego_state_jeremiah_oden,Jeremiah Oden,san_diego_state,F,Jr,30,417.0,13.9,0.167,138.0,4.6,0.514,0.534,54,0.302,33,0.697,0.107,0.085,0.002,0.007,0.0,0.0,0.001,0.02,0.06,0.01,0.02,0.01,0.0,0.03,Sports Reference 2025-26,1.5,-0.2,1.7,12.4,1.2,0.112,Gr,,,,,,,,,,,,,tracking,36.0,28.0,0.778,0.319,23.0,5.0,0.217,0.204,19.0,0.316,0.168,35.0,0.286,0.31,6.0,10.0
san_diego_state_sean_newman_jr_,Sean Newman Jr.,san_diego_state,G,Jr,33,508.2,15.4,0.146,108.9,3.3,0.41,0.43,33,0.281,36,0.861,0.196,0.35,0.001,0.004,0.0,0.0,0.001,0.01,0.03,0.07,0.02,0.02,0.0,0.03,Sports Reference 2025-26,1.9,-0.6,2.5,9.8,1.1,0.087,Gr,,,,,,,,,,,,,tracking,30.0,18.0,0.6,0.316,32.0,7.0,0.219,0.337,12.0,0.25,0.126,21.0,0.286,0.221,3.0,6.0
san_jose_state_pasha_goodarzi,Pasha Goodarzi,san_jose_state,G,Unknown,19,497.8,26.2,0.281,155.8,8.2,0.529,0.549,91,0.407,28,0.931,0.102,0.115,0.001,0.003,0.0,0.0,0.001,0.02,0.08,0.05,0.04,0.02,0.01,0.08,Sports Reference 2025-26,-1.2,1.3,-2.6,10.4,0.6,0.05,Jr,unknown,122.0,0.75,0.234,0.0,0.5,0.12,0.28,0.14,,,,estimated,7.0,2.0,0.35,0.056,9.0,3.0,0.3,0.071,32.0,0.415,0.261,59.0,0.399,0.485,,
san_jose_state_javaughn_hannah,JaVaughn Hannah,san_jose_state,G,Unknown,2,44.0,22.0,0.274,15.0,7.5,0.636,0.656,5,0.4,3,0.333,0.196,0.065,0.0,0.003,0.0,0.0,0.001,0.0,0.5,0.25,0.75,0.25,0.0,0.5,Sports Reference 2025-26,-1.5,-0.7,-0.8,9.4,0.0,0.002,Sr,unknown,11.0,0.455,0.273,0.167,0.33,0.91,3.62,0.0,,,,estimated,1.0,0.0,0.35,0.12,2.0,1.0,0.3,0.153,2.0,0.408,0.159,3.0,0.392,0.295,,
new_mexico_jake_hall,Jake Hall,new_mexico,G,Jr,37,1147.0,31.0,0.35,606.8,16.4,0.617,0.637,266,0.438,104,0.8,0.08,0.117,0.001,0.005,0.0,0.0,0.001,0.02,0.07,0.04,0.03,0.02,0.0,0.05,Sports Reference 2025-26,6.8,5.7,1.1,19.1,5.2,0.181,So,,,,,,,,,,,,,tracking,64.0,41.0,0.641,0.172,73.0,34.0,0.466,0.196,83.0,0.446,0.223,153.0,0.444,0.41,37.0,68.0
new_mexico_deyton_albury,Deyton Albury,new_mexico,G,Jr,35,868.0,24.8,0.35,409.5,11.7,0.556,0.576,52,0.377,154,0.779,0.196,0.256,0.001,0.007,0.001,0.0,0.001,0.02,0.09,0.09,0.07,0.04,0.0,0.07,Sports Reference 2025-26,5.4,1.9,3.6,19.0,3.6,0.164,Gr,,,,,,,,,,,,,tracking,171.0,96.0,0.561,0.701,23.0,9.0,0.391,0.094,18.0,0.389,0.074,32.0,0.375,0.131,7.0,12.0
new_mexico_uriah_tenette,Uriah Tenette,new_mexico,G,Jr,36,990.0,27.5,0.35,381.6,10.6,0.478,0.498,137,0.324,112,0.832,0.084,0.272,0.001,0.004,0.001,0.0,0.001,0.03,0.05,0.08,0.03,0.04,0.0,0.08,Sports Reference 2025-26,4.6,1.6,3.0,15.8,3.9,0.158,So,,,,,,,,,,,,,tracking,84.0,44.0,0.524,0.313,62.0,23.0,0.371,0.231,43.0,0.326,0.16,79.0,0.316,0.295,14.0,25.0
new_mexico_luke_haupt,Luke Haupt,new_mexico,G,Jr,37,1039.7,28.1,0.301,288.6,7.8,0.5,0.52,56,0.333,104,0.716,0.166,0.35,0.002,0.006,0.001,0.0,0.001,0.03,0.09,0.08,0.04,0.04,0.01,0.07,Sports Reference 2025-26,4.2,0.4,3.8,14.0,3.6,0.137,Gr,,,,,,,,,,,,,tracking,124.0,61.0,0.492,0.646,20.0,9.0,0.45,0.104,17.0,0.353,0.089,31.0,0.355,0.161,6.0,11.0
new_mexico_antonio_chol,Antonio Chol,new_mexico,F,Jr,37,895.4,24.2,0.295,284.9,7.7,0.5,0.52,185,0.323,30,0.6,0.085,0.097,0.001,0.005,0.0,0.0,0.001,0.02,0.06,0.02,0.02,0.01,0.02,0.04,Sports Reference 2025-26,1.4,0.4,1.0,9.9,2.0,0.089,Sr,,,,,,,,,,,,,tracking,33.0,21.0,0.636,0.141,37.0,18.0,0.486,0.158,57.0,0.351,0.244,107.0,0.346,0.457,20.0,37.0
new_mexico_jt_rock,JT Rock,new_mexico,C,Jr,37,473.6,12.8,0.197,229.4,6.2,0.619,0.639,59,0.397,59,0.644,0.109,0.073,0.003,0.01,0.0,0.001,0.002,0.03,0.06,0.01,0.02,0.01,0.02,0.04,Sports Reference 2025-26,6.6,4.0,2.6,22.4,2.3,0.194,Jr,,,,,,,,,,,,,tracking,62.0,40.0,0.645,0.5,19.0,12.0,0.632,0.153,15.0,0.4,0.121,28.0,0.393,0.226,6.0,11.0
new_mexico_tajavis_miller,Tajavis Miller,new_mexico,G,Jr,32,537.6,16.8,0.209,179.2,5.6,0.506,0.526,106,0.343,26,0.667,0.103,0.171,0.001,0.006,0.001,0.0,0.001,0.01,0.06,0.03,0.02,0.03,0.01,0.05,Sports Reference 2025-26,2.7,-0.1,2.8,11.9,1.5,0.115,Gr,,,,,,,,,,,,,tracking,30.0,16.0,0.533,0.214,15.0,7.0,0.467,0.107,33.0,0.333,0.236,62.0,0.339,0.443,11.0,21.0
new_mexico_chris_howell,Chris Howell,new_mexico,G,Jr,11,269.5,24.5,0.249,60.5,5.5,0.424,0.444,18,0.278,24,0.875,0.258,0.35,0.001,0.005,0.001,0.0,0.001,0.06,0.21,0.31,0.16,0.15,0.02,0.18,Sports Reference 2025-26,4.3,-0.1,4.4,12.1,0.8,0.112,Gr,,,,,,,,,,,,,tracking,23.0,10.0,0.435,0.5,5.0,2.0,0.4,0.109,6.0,0.333,0.13,12.0,0.25,0.261,2.0,3.0
boise_state_javan_buchanan,Javan Buchanan,boise_state,F,Jr,31,864.9,27.9,0.35,390.6,12.6,0.48,0.5,102,0.317,146,0.836,0.09,0.122,0.003,0.006,0.0,0.0,0.001,0.06,0.1,0.05,0.04,0.02,0.01,0.07,Sports Reference 2025-26,6.0,4.4,1.6,18.5,3.5,0.161,Gr,,,,,,,,,,,,,tracking,129.0,66.0,0.512,0.462,51.0,21.0,0.412,0.183,35.0,0.314,0.125,64.0,0.328,0.229,11.0,21.0
boise_state_dylan_andrews,Dylan Andrews,boise_state,G,Jr,32,937.6,29.3,0.35,400.0,12.5,0.457,0.477,147,0.313,141,0.887,0.156,0.238,0.0,0.004,0.0,0.0,0.0,0.01,0.07,0.1,0.07,0.02,0.0,0.03,Sports Reference 2025-26,3.0,2.4,0.7,14.5,2.6,0.11,Gr,,,,,,,,,,,,,tracking,76.0,41.0,0.539,0.254,77.0,27.0,0.351,0.258,51.0,0.314,0.171,95.0,0.316,0.318,16.0,30.0
boise_state_andrew_meadow,Andrew Meadow,boise_state,F,Jr,32,956.8,29.9,0.35,387.2,12.1,0.594,0.614,115,0.386,115,0.655,0.084,0.094,0.001,0.005,0.0,0.0,0.001,0.03,0.08,0.03,0.03,0.02,0.0,0.04,Sports Reference 2025-26,5.0,3.7,1.3,15.9,3.2,0.135,Sr,,,,,,,,,,,,,tracking,111.0,74.0,0.667,0.425,36.0,15.0,0.417,0.138,40.0,0.375,0.153,74.0,0.392,0.284,15.0,29.0
boise_state_pearson_carmichael,Pearson Carmichael,boise_state,F,Jr,31,592.1,19.1,0.291,244.9,7.9,0.505,0.525,118,0.305,59,0.828,0.123,0.098,0.001,0.007,0.0,0.0,0.002,0.02,0.08,0.03,0.03,0.01,0.0,0.07,Sports Reference 2025-26,1.2,0.4,0.8,12.7,1.5,0.104,Jr,,,,,,,,,,,,,tracking,43.0,27.0,0.628,0.222,33.0,17.0,0.515,0.17,41.0,0.317,0.211,77.0,0.299,0.397,13.0,23.0
boise_state_dominic_parolin,Dominic Parolin,boise_state,F,Jr,32,544.0,17.0,0.189,176.0,5.5,0.543,0.563,26,0.292,64,0.81,0.152,0.114,0.004,0.009,0.0,0.001,0.001,0.06,0.08,0.02,0.03,0.02,0.02,0.06,Sports Reference 2025-26,5.2,2.8,2.4,18.8,2.2,0.162,Gr,,,,,,,,,,,,,tracking,79.0,49.0,0.62,0.687,12.0,3.0,0.25,0.104,8.0,0.25,0.07,16.0,0.312,0.139,2.0,5.0
boise_state_spencer_ahrens,Spencer Ahrens,boise_state,F,Jr,32,419.2,13.1,0.194,156.8,4.9,0.528,0.548,61,0.355,32,0.719,0.184,0.129,0.002,0.006,0.0,0.0,0.002,0.03,0.05,0.02,0.03,0.01,0.01,0.05,Sports Reference 2025-26,1.7,0.1,1.6,13.2,1.0,0.093,So,,,,,,,,,,,,,tracking,41.0,25.0,0.61,0.323,24.0,9.0,0.375,0.189,22.0,0.364,0.173,40.0,0.35,0.315,8.0,14.0
boise_state_aginaldo_neto,Aginaldo Neto,boise_state,G,Jr,32,630.4,19.7,0.21,137.6,4.3,0.433,0.453,45,0.326,58,0.719,0.272,0.322,0.0,0.004,0.0,0.0,0.002,0.0,0.04,0.06,0.05,0.01,0.0,0.07,Sports Reference 2025-26,-2.9,-4.0,1.1,5.2,0.5,0.03,So,,,,,,,,,,,,,tracking,57.0,25.0,0.439,0.509,9.0,1.0,0.111,0.08,16.0,0.312,0.143,30.0,0.333,0.268,5.0,10.0
boise_state_rj_keene,RJ Keene,boise_state,G,Jr,31,688.2,22.2,0.11,80.6,2.6,0.5,0.52,56,0.345,6,0.5,0.162,0.35,0.002,0.008,0.0,0.0,0.001,0.04,0.11,0.06,0.02,0.02,0.01,0.07,Sports Reference 2025-26,5.2,1.1,4.2,10.5,1.8,0.104,Gr,,,,,,,,,,,,,tracking,21.0,10.0,0.476,0.266,3.0,1.0,0.333,0.038,19.0,0.368,0.241,36.0,0.333,0.456,7.0,12.0
nevada_corey_camper_jr_,Corey Camper Jr.,nevada,G,Jr,33,1065.9,32.3,0.35,547.8,16.6,0.536,0.556,172,0.399,125,0.8,0.077,0.173,0.001,0.006,0.0,0.0,0.001,0.03,0.11,0.08,0.04,0.04,0.01,0.05,Sports Reference 2025-26,8.1,6.1,2.0,21.0,4.4,0.163,Gr,,,,,,,,,,,,,tracking,101.0,60.0,0.594,0.268,110.0,46.0,0.418,0.292,58.0,0.397,0.154,108.0,0.398,0.286,23.0,43.0
nevada_elijah_price,Elijah Price,nevada,F,Jr,37,1110.0,30.0,0.35,473.6,12.8,0.463,0.483,30,0.355,292,0.733,0.146,0.085,0.003,0.011,0.0,0.001,0.001,0.06,0.16,0.03,0.05,0.03,0.05,0.08,Sports Reference 2025-26,4.9,1.8,3.1,20.9,4.5,0.162,Jr,,,,,,,,,,,,,tracking,173.0,85.0,0.491,0.678,53.0,16.0,0.302,0.208,10.0,0.4,0.039,19.0,0.316,0.075,4.0,6.0
nevada_tayshawn_comer,Tayshawn Comer,nevada,G,Jr,37,932.4,25.2,0.35,407.0,11.0,0.442,0.462,115,0.351,133,0.797,0.156,0.282,0.0,0.003,0.0,0.0,0.001,0.01,0.04,0.1,0.05,0.02,0.0,0.05,Sports Reference 2025-26,0.9,0.6,0.3,13.8,2.0,0.085,Gr,,,,,,,,,,,,,tracking,88.0,36.0,0.409,0.277,117.0,46.0,0.393,0.368,40.0,0.375,0.126,73.0,0.37,0.23,15.0,27.0
nevada_vaughn_weems,Vaughn Weems,nevada,G,Jr,34,846.6,24.9,0.319,343.4,10.1,0.604,0.624,68,0.382,95,0.768,0.123,0.101,0.003,0.006,0.0,0.0,0.001,0.05,0.07,0.03,0.03,0.03,0.01,0.05,Sports Reference 2025-26,5.9,3.8,2.1,18.6,3.2,0.149,Sr,,,,,,,,,,,,,tracking,105.0,69.0,0.657,0.561,21.0,8.0,0.381,0.112,21.0,0.381,0.112,40.0,0.4,0.214,8.0,16.0
nevada_chuck_bailey_iii,Chuck Bailey III,nevada,G,Jr,33,594.0,18.0,0.247,207.9,6.3,0.459,0.479,73,0.394,40,0.744,0.072,0.144,0.001,0.006,0.0,0.0,0.002,0.02,0.05,0.03,0.02,0.01,0.0,0.06,Sports Reference 2025-26,0.2,-0.5,0.7,11.3,1.3,0.088,Sr,,,,,,,,,,,,,tracking,60.0,33.0,0.55,0.321,51.0,12.0,0.235,0.273,27.0,0.37,0.144,49.0,0.367,0.262,10.0,18.0
nevada_tyler_rolison,Tyler Rolison,nevada,G,Jr,34,584.8,17.2,0.235,187.0,5.5,0.411,0.431,41,0.22,75,0.76,0.152,0.35,0.001,0.005,0.0,0.0,0.001,0.01,0.04,0.08,0.03,0.02,0.0,0.05,Sports Reference 2025-26,1.5,-0.6,2.1,12.9,1.3,0.091,Sr,,,,,,,,,,,,,tracking,53.0,20.0,0.377,0.358,54.0,26.0,0.481,0.365,14.0,0.214,0.095,27.0,0.185,0.182,3.0,5.0
nevada_joel_armotrading,Joel Armotrading,nevada,C,Jr,21,354.9,16.9,0.186,109.2,5.2,0.507,0.527,0,0.0,52,0.774,0.173,0.096,0.004,0.008,0.0,0.001,0.002,0.08,0.12,0.02,0.04,0.02,0.05,0.12,Sports Reference 2025-26,1.7,-0.9,2.6,15.7,1.2,0.133,Gr,,,,,,,,,,,,,tracking,41.0,20.0,0.488,0.683,18.0,8.0,0.444,0.3,0.0,,0.0,1.0,1.0,0.017,0.0,1.0
nevada_kaleb_lowery,Kaleb Lowery,nevada,F,Jr,36,658.8,18.3,0.153,165.6,4.6,0.569,0.589,61,0.339,32,0.758,0.116,0.233,0.002,0.006,0.0,0.0,0.002,0.03,0.06,0.03,0.01,0.01,0.01,0.06,Sports Reference 2025-26,3.9,1.2,2.7,13.1,2.0,0.12,Gr,,,,,,,,,,,,,tracking,38.0,24.0,0.632,0.342,19.0,11.0,0.579,0.171,19.0,0.316,0.171,35.0,0.343,0.315,6.0,12.0
nevada_peyton_white,Peyton White,nevada,G,Jr,36,500.4,13.9,0.167,165.6,4.6,0.481,0.501,50,0.327,47,0.792,0.086,0.086,0.003,0.003,0.0,0.0,0.001,0.03,0.02,0.01,0.01,0.0,0.0,0.03,Sports Reference 2025-26,-0.5,0.3,-0.8,11.3,1.2,0.092,So,,,,,,,,,,,,,tracking,44.0,23.0,0.523,0.367,27.0,10.0,0.37,0.225,17.0,0.294,0.142,32.0,0.312,0.267,5.0,10.0
nevada_amire_robinson,Amire Robinson,nevada,G,Jr,36,342.0,9.5,0.09,97.2,2.7,0.56,0.58,47,0.333,18,0.706,0.079,0.159,0.001,0.005,0.0,0.0,0.001,0.01,0.02,0.01,0.01,0.01,0.0,0.02,Sports Reference 2025-26,1.6,0.3,1.4,11.4,0.9,0.104,Jr,,,,,,,,,,,,,tracking,19.0,15.0,0.789,0.264,8.0,3.0,0.375,0.111,16.0,0.375,0.222,29.0,0.345,0.403,6.0,10.0
utah_state_mj_collins,MJ Collins,utah_state,G,Jr,36,1108.8,30.8,0.35,630.0,17.5,0.582,0.602,227,0.361,155,0.81,0.067,0.107,0.001,0.003,0.0,0.0,0.001,0.01,0.05,0.04,0.03,0.03,0.0,0.04,Sports Reference 2025-26,6.3,5.6,0.6,20.5,5.0,0.18,Gr,,,,,,,,,,,,,tracking,124.0,87.0,0.702,0.303,65.0,34.0,0.523,0.159,77.0,0.364,0.188,143.0,0.364,0.35,28.0,52.0
utah_state_mason_falslev,Mason Falslev,utah_state,G,Jr,36,1152.0,32.0,0.35,576.0,16.0,0.572,0.592,122,0.39,144,0.764,0.103,0.213,0.002,0.007,0.001,0.0,0.001,0.04,0.12,0.09,0.04,0.05,0.01,0.06,Sports Reference 2025-26,9.9,6.2,3.7,23.0,5.8,0.202,Sr,,,,,,,,,,,,,tracking,199.0,124.0,0.623,0.525,67.0,27.0,0.403,0.177,40.0,0.4,0.106,73.0,0.411,0.193,16.0,30.0
utah_state_karson_templin,Karson Templin,utah_state,F,Jr,36,687.6,19.1,0.302,316.8,8.8,0.55,0.57,65,0.328,112,0.655,0.118,0.095,0.004,0.007,0.001,0.001,0.002,0.05,0.07,0.02,0.03,0.02,0.03,0.08,Sports Reference 2025-26,4.5,2.5,2.0,20.2,3.0,0.172,Sr,,,,,,,,,,,,,tracking,119.0,75.0,0.63,0.569,30.0,11.0,0.367,0.144,21.0,0.381,0.1,39.0,0.359,0.187,8.0,14.0
utah_state_drake_allen,Drake Allen,utah_state,G,Jr,35,892.5,25.5,0.319,276.5,7.9,0.532,0.552,84,0.325,98,0.619,0.213,0.35,0.001,0.005,0.001,0.0,0.001,0.01,0.07,0.13,0.05,0.06,0.01,0.07,Sports Reference 2025-26,7.1,2.2,4.8,16.8,3.2,0.143,Gr,,,,,,,,,,,,,tracking,102.0,61.0,0.598,0.531,13.0,3.0,0.231,0.068,27.0,0.296,0.141,50.0,0.32,0.26,8.0,16.0
utah_state_kolby_king,Kolby King,utah_state,G,Jr,36,691.2,19.2,0.237,270.0,7.5,0.608,0.628,119,0.393,76,0.747,0.121,0.242,0.001,0.008,0.0,0.0,0.001,0.01,0.08,0.04,0.02,0.02,0.0,0.04,Sports Reference 2025-26,6.6,4.3,2.3,17.2,2.9,0.166,Gr,,,,,,,,,,,,,tracking,41.0,31.0,0.756,0.241,15.0,5.0,0.333,0.088,40.0,0.4,0.235,74.0,0.392,0.435,16.0,29.0
utah_state_garry_clark,Garry Clark,utah_state,F,Jr,36,594.0,16.5,0.204,248.4,6.9,0.716,0.72,7,0.143,76,0.539,0.122,0.105,0.005,0.008,0.0,0.0,0.002,0.06,0.06,0.02,0.02,0.01,0.01,0.06,Sports Reference 2025-26,4.6,3.5,1.1,21.7,2.9,0.195,Gr,,,,,,,,,,,,,tracking,99.0,81.0,0.818,0.728,31.0,14.0,0.452,0.228,2.0,0.0,0.015,4.0,0.25,0.029,0.0,1.0
utah_state_adlan_elamin,Adlan Elamin,utah_state,F,Jr,35,682.5,19.5,0.238,234.5,6.7,0.521,0.541,94,0.302,46,0.83,0.12,0.135,0.001,0.006,0.0,0.0,0.001,0.02,0.07,0.03,0.02,0.02,0.01,0.05,Sports Reference 2025-26,4.5,1.9,2.6,14.0,2.1,0.122,So,,,,,,,,,,,,,tracking,70.0,44.0,0.629,0.4,15.0,5.0,0.333,0.086,31.0,0.323,0.177,59.0,0.322,0.337,10.0,19.0
utah_state_elijah_perryman,Elijah Perryman,utah_state,G,Jr,36,500.4,13.9,0.198,158.4,4.4,0.5,0.52,54,0.296,36,0.8,0.253,0.35,0.0,0.006,0.001,0.0,0.001,0.0,0.04,0.09,0.04,0.02,0.01,0.04,Sports Reference 2025-26,3.9,0.8,3.1,15.0,1.5,0.117,So,,,,,,,,,,,,,tracking,63.0,36.0,0.571,0.492,12.0,4.0,0.333,0.094,19.0,0.316,0.148,34.0,0.294,0.266,6.0,10.0
utah_state_zach_keller,Zach Keller,utah_state,F,Jr,35,476.0,13.6,0.121,122.5,3.5,0.61,0.63,18,0.471,38,0.553,0.177,0.148,0.003,0.004,0.0,0.0,0.002,0.03,0.03,0.01,0.02,0.01,0.0,0.06,Sports Reference 2025-26,-0.1,-1.2,1.1,9.1,1.1,0.096,Gr,,,,,,,,,,,,,tracking,49.0,30.0,0.612,0.636,11.0,5.0,0.455,0.143,6.0,0.5,0.078,11.0,0.545,0.143,3.0,6.0
utah_state_tucker_anderson,Tucker Anderson,utah_state,F,Jr,25,292.5,11.7,0.113,85.0,3.4,0.535,0.555,50,0.36,15,0.714,0.032,0.221,0.002,0.003,0.0,0.0,0.001,0.02,0.02,0.03,0.0,0.01,0.01,0.04,Sports Reference 2025-26,3.5,2.5,1.1,12.6,1.0,0.132,Sr,,,,,,,,,,,,,tracking,19.0,11.0,0.579,0.268,2.0,0.0,0.0,0.028,18.0,0.333,0.254,32.0,0.375,0.451,6.0,12.0
colorado_state_brandon_rechsteiner,Brandon Rechsteiner,colorado_state,G,Jr,34,945.2,27.8,0.35,408.0,12.0,0.587,0.607,214,0.4,48,0.809,0.146,0.215,0.001,0.003,0.0,0.0,0.001,0.01,0.05,0.07,0.05,0.02,0.0,0.04,Sports Reference 2025-26,2.9,3.7,-0.8,15.7,2.6,0.109,Sr,,,,,,,,,,,,,tracking,48.0,33.0,0.688,0.156,47.0,21.0,0.447,0.153,74.0,0.405,0.241,138.0,0.406,0.45,30.0,56.0
colorado_state_kyle_jorgensen,Kyle Jorgensen,colorado_state,F,Jr,28,714.0,25.5,0.35,322.0,11.5,0.615,0.635,101,0.402,70,0.8,0.136,0.214,0.002,0.007,0.0,0.0,0.001,0.04,0.12,0.08,0.05,0.02,0.02,0.08,Sports Reference 2025-26,5.8,4.7,1.1,20.2,2.9,0.162,Jr,,,,,,,,,,,,,tracking,66.0,44.0,0.667,0.316,46.0,27.0,0.587,0.22,34.0,0.412,0.163,63.0,0.429,0.301,14.0,27.0
colorado_state_carey_booth,Carey Booth,colorado_state,F,Jr,34,836.4,24.6,0.321,363.8,10.7,0.604,0.624,85,0.407,116,0.828,0.111,0.078,0.002,0.01,0.0,0.001,0.001,0.03,0.14,0.02,0.03,0.01,0.03,0.03,Sports Reference 2025-26,5.4,4.8,0.6,21.2,3.5,0.166,Sr,,,,,,,,,,,,,tracking,89.0,66.0,0.742,0.414,42.0,14.0,0.333,0.195,29.0,0.414,0.135,55.0,0.382,0.256,12.0,21.0
colorado_state_josh_pascarelli,Josh Pascarelli,colorado_state,G,Jr,27,712.8,26.4,0.325,275.4,10.2,0.601,0.621,146,0.415,24,0.87,0.088,0.154,0.001,0.004,0.0,0.0,0.001,0.03,0.08,0.05,0.03,0.02,0.0,0.06,Sports Reference 2025-26,2.9,3.3,-0.4,15.1,2.1,0.119,Sr,,,,,,,,,,,,,tracking,43.0,31.0,0.721,0.203,21.0,5.0,0.238,0.099,52.0,0.404,0.245,96.0,0.417,0.453,21.0,40.0
colorado_state_jevin_muniz,Jevin Muniz,colorado_state,G,Jr,34,1037.0,30.5,0.343,319.6,9.4,0.549,0.569,102,0.359,78,0.701,0.156,0.35,0.001,0.006,0.0,0.0,0.001,0.02,0.09,0.14,0.04,0.03,0.01,0.06,Sports Reference 2025-26,4.2,3.1,1.1,16.1,3.6,0.138,Gr,,,,,,,,,,,,,tracking,95.0,60.0,0.632,0.413,38.0,13.0,0.342,0.165,34.0,0.382,0.148,63.0,0.365,0.274,13.0,23.0
colorado_state_jase_butler,Jase Butler,colorado_state,G,Jr,34,877.2,25.8,0.3,316.2,9.3,0.571,0.591,112,0.411,116,0.816,0.131,0.214,0.002,0.004,0.0,0.0,0.001,0.03,0.06,0.05,0.03,0.02,0.0,0.06,Sports Reference 2025-26,3.4,3.2,0.2,15.5,3.0,0.137,Jr,,,,,,,,,,,,,tracking,65.0,35.0,0.538,0.348,15.0,7.0,0.467,0.08,37.0,0.432,0.198,70.0,0.414,0.374,16.0,29.0
colorado_state_rashaan_mbemba,Rashaan Mbemba,colorado_state,G,Jr,21,367.5,17.5,0.261,170.1,8.1,0.624,0.644,10,0.5,82,0.72,0.191,0.123,0.002,0.008,0.0,0.0,0.002,0.05,0.12,0.04,0.07,0.02,0.01,0.13,Sports Reference 2025-26,1.3,0.4,0.9,18.3,1.3,0.146,Sr,,,,,,,,,,,,,tracking,49.0,40.0,0.816,0.598,23.0,5.0,0.217,0.28,4.0,0.5,0.049,6.0,0.5,0.073,2.0,3.0
colorado_state_augustinas_kiudulas,Augustinas Kiudulas,colorado_state,F,Jr,34,496.4,14.6,0.205,200.6,5.9,0.593,0.613,34,0.412,88,0.69,0.192,0.139,0.003,0.006,0.0,0.0,0.002,0.03,0.04,0.02,0.03,0.01,0.0,0.05,Sports Reference 2025-26,1.7,1.6,0.1,16.9,1.6,0.132,Sr,,,,,,,,,,,,,tracking,43.0,30.0,0.698,0.374,37.0,16.0,0.432,0.322,12.0,0.5,0.104,23.0,0.435,0.2,6.0,10.0
colorado_state_jojo_mciver,Jojo McIver,colorado_state,G,Jr,33,405.9,12.3,0.128,89.1,2.7,0.451,0.471,33,0.188,36,0.743,0.251,0.279,0.001,0.007,0.0,0.0,0.002,0.01,0.05,0.03,0.03,0.01,0.0,0.06,Sports Reference 2025-26,-4.3,-5.0,0.8,7.2,0.5,0.049,So,,,,,,,,,,,,,tracking,21.0,14.0,0.667,0.309,15.0,6.0,0.4,0.221,11.0,0.182,0.162,21.0,0.19,0.309,2.0,4.0
unlv_kimani_hamilton,Kimani Hamilton,unlv,F,Jr,35,1025.5,29.3,0.35,448.0,12.8,0.531,0.551,102,0.343,144,0.727,0.126,0.181,0.003,0.005,0.0,0.0,0.002,0.06,0.08,0.07,0.05,0.03,0.01,0.1,Sports Reference 2025-26,2.7,2.5,0.2,17.8,3.3,0.13,Gr,,,,,,,,,,,,,tracking,127.0,83.0,0.654,0.422,83.0,31.0,0.373,0.276,32.0,0.344,0.106,59.0,0.356,0.196,11.0,21.0
unlv_tyrin_jones,Tyrin Jones,unlv,F,Jr,32,864.0,27.0,0.35,380.8,11.9,0.598,0.618,10,0.25,170,0.488,0.098,0.125,0.003,0.007,0.0,0.001,0.001,0.05,0.1,0.04,0.03,0.03,0.07,0.06,Sports Reference 2025-26,6.3,3.7,2.6,21.9,3.0,0.139,So,,,,,,,,,,,,,tracking,193.0,125.0,0.648,0.828,33.0,9.0,0.273,0.142,2.0,0.5,0.009,5.0,0.2,0.021,1.0,1.0
unlv_howie_fleming_jr_,Howie Fleming Jr.,unlv,G,Jr,32,928.0,29.0,0.35,288.0,9.0,0.5,0.52,83,0.313,96,0.802,0.202,0.35,0.002,0.01,0.0,0.0,0.001,0.04,0.16,0.12,0.06,0.04,0.0,0.08,Sports Reference 2025-26,1.7,0.8,0.9,15.0,2.5,0.107,Gr,,,,,,,,,,,,,tracking,78.0,44.0,0.564,0.38,47.0,20.0,0.426,0.229,28.0,0.286,0.137,52.0,0.308,0.254,8.0,16.0
unlv_issac_williamson,Issac Williamson,unlv,G,Jr,33,762.3,23.1,0.35,283.8,8.6,0.479,0.499,129,0.333,79,0.671,0.152,0.122,0.0,0.004,0.0,0.0,0.002,0.0,0.05,0.04,0.05,0.02,0.01,0.08,Sports Reference 2025-26,-2.4,-2.3,-0.2,9.1,0.7,0.039,So,,,,,,,,,,,,,tracking,63.0,30.0,0.476,0.283,44.0,18.0,0.409,0.197,41.0,0.317,0.184,75.0,0.32,0.336,13.0,24.0
unlv_jacob_bannarbie,Jacob Bannarbie,unlv,F,Jr,30,489.0,16.3,0.21,162.0,5.4,0.524,0.544,3,0.25,81,0.63,0.204,0.221,0.003,0.011,0.0,0.0,0.002,0.05,0.11,0.04,0.04,0.02,0.01,0.07,Sports Reference 2025-26,1.0,-0.3,1.3,16.3,1.4,0.112,Jr,,,,,,,,,,,,,tracking,84.0,49.0,0.583,0.824,15.0,3.0,0.2,0.147,1.0,0.0,0.01,2.0,0.5,0.02,0.0,1.0
unlv_naas_cunningham,Naas Cunningham,unlv,F,Jr,21,279.3,13.3,0.209,105.0,5.0,0.395,0.415,46,0.234,36,0.806,0.103,0.137,0.001,0.004,0.0,0.0,0.001,0.01,0.04,0.04,0.03,0.02,0.0,0.04,Sports Reference 2025-26,-2.6,-1.1,-1.5,10.6,0.4,0.051,So,,,,,,,,,,,,,tracking,18.0,10.0,0.556,0.191,29.0,11.0,0.379,0.309,16.0,0.25,0.17,31.0,0.226,0.33,4.0,7.0
unlv_al_green,Al Green,unlv,G,Jr,29,368.3,12.7,0.163,127.6,4.4,0.495,0.515,61,0.311,23,0.875,0.11,0.154,0.001,0.004,0.001,0.0,0.001,0.01,0.03,0.02,0.02,0.02,0.01,0.03,Sports Reference 2025-26,1.5,1.1,0.4,12.9,0.8,0.083,Gr,,,,,,,,,,,,,tracking,28.0,18.0,0.643,0.262,19.0,7.0,0.368,0.178,21.0,0.333,0.196,39.0,0.308,0.364,7.0,12.0
unlv_walter_brown,Walter Brown,unlv,F,Jr,33,673.2,20.4,0.16,125.4,3.8,0.519,0.539,50,0.347,36,0.571,0.201,0.245,0.002,0.005,0.0,0.0,0.002,0.03,0.05,0.03,0.03,0.02,0.01,0.07,Sports Reference 2025-26,-0.6,-1.2,0.6,8.1,0.9,0.053,Gr,,,,,,,,,,,,,tracking,40.0,22.0,0.55,0.417,12.0,5.0,0.417,0.125,15.0,0.4,0.156,29.0,0.345,0.302,6.0,10.0
unlv_emmanuel_stephen,Emmanuel Stephen,unlv,F,Jr,24,372.0,15.5,0.153,84.0,3.5,0.514,0.534,0,0.0,26,0.423,0.187,0.07,0.005,0.008,0.0,0.001,0.003,0.08,0.09,0.01,0.03,0.02,0.03,0.14,Sports Reference 2025-26,-2.7,-3.5,0.8,10.9,0.7,0.073,Jr,,,,,,,,,,,,,tracking,42.0,28.0,0.667,0.592,28.0,8.0,0.286,0.394,0.0,,0.0,1.0,0.0,0.014,0.0,0.0
vcu_lazar_djokovic,Lazar Djokovic,vcu,F,Jr,35,969.5,27.7,0.35,462.0,13.2,0.542,0.562,66,0.343,214,0.783,0.125,0.092,0.003,0.007,0.0,0.001,0.001,0.05,0.1,0.03,0.04,0.01,0.03,0.06,Sports Reference 2025-26,4.8,3.3,1.5,20.6,4.3,0.177,Sr,,,,,,,,,,,,,tracking,131.0,83.0,0.634,0.51,62.0,25.0,0.403,0.241,22.0,0.364,0.086,42.0,0.381,0.163,8.0,16.0
vcu_jadrian_tracey,Jadrian Tracey,vcu,F,Jr,36,788.4,21.9,0.35,345.6,9.6,0.519,0.539,173,0.36,68,0.687,0.169,0.169,0.001,0.005,0.0,0.0,0.001,0.02,0.06,0.05,0.05,0.02,0.01,0.06,Sports Reference 2025-26,1.7,0.8,0.9,13.6,1.9,0.096,Gr,,,,,,,,,,,,,tracking,76.0,40.0,0.526,0.281,27.0,11.0,0.407,0.1,58.0,0.379,0.215,109.0,0.385,0.404,22.0,42.0
vcu_nyk_lewis,Nyk Lewis,vcu,G,Jr,35,829.5,23.7,0.306,304.5,8.7,0.514,0.534,126,0.362,108,0.748,0.117,0.187,0.003,0.007,0.001,0.0,0.001,0.04,0.09,0.05,0.03,0.03,0.0,0.05,Sports Reference 2025-26,4.6,2.6,2.0,16.9,3.2,0.155,So,,,,,,,,,,,,,tracking,58.0,30.0,0.517,0.276,24.0,7.0,0.292,0.114,45.0,0.356,0.214,83.0,0.373,0.395,16.0,31.0
vcu_brandon_jennings,Brandon Jennings,vcu,G,Jr,36,896.4,24.9,0.309,306.0,8.5,0.493,0.513,58,0.431,112,0.855,0.15,0.242,0.001,0.006,0.001,0.001,0.002,0.03,0.08,0.06,0.04,0.05,0.02,0.08,Sports Reference 2025-26,5.4,0.7,4.6,16.8,3.4,0.151,Jr,,,,,,,,,,,,,tracking,105.0,48.0,0.457,0.52,40.0,15.0,0.375,0.198,20.0,0.45,0.099,37.0,0.459,0.183,9.0,17.0
vcu_michael_belle,Michael Belle,vcu,F,Jr,36,806.4,22.4,0.253,262.8,7.3,0.593,0.613,40,0.5,65,0.5,0.127,0.155,0.003,0.009,0.0,0.001,0.001,0.04,0.1,0.03,0.03,0.02,0.02,0.06,Sports Reference 2025-26,3.3,1.1,2.2,15.8,2.7,0.133,Sr,,,,,,,,,,,,,tracking,99.0,62.0,0.626,0.532,43.0,18.0,0.419,0.231,15.0,0.533,0.081,29.0,0.483,0.156,8.0,14.0
vcu_barry_evans,Barry Evans,vcu,F,Jr,36,954.0,26.5,0.291,259.2,7.2,0.502,0.522,83,0.317,36,0.528,0.135,0.258,0.003,0.007,0.0,0.0,0.001,0.05,0.09,0.06,0.03,0.03,0.01,0.04,Sports Reference 2025-26,3.4,1.4,2.0,13.6,2.6,0.11,Gr,,,,,,,,,,,,,tracking,110.0,63.0,0.573,0.485,36.0,12.0,0.333,0.159,28.0,0.321,0.123,53.0,0.321,0.233,9.0,17.0
vcu_tyrell_ward,Tyrell Ward,vcu,F,Jr,31,421.6,13.6,0.219,176.7,5.7,0.522,0.542,62,0.306,59,0.638,0.147,0.081,0.002,0.006,0.0,0.0,0.001,0.02,0.05,0.02,0.03,0.02,0.01,0.03,Sports Reference 2025-26,2.6,1.1,1.4,15.2,1.1,0.104,Sr,,,,,,,,,,,,,tracking,58.0,34.0,0.586,0.487,5.0,4.0,0.8,0.042,20.0,0.3,0.168,36.0,0.333,0.303,6.0,12.0
vcu_ahmad_nowell,Ahmad Nowell,vcu,G,Jr,28,294.0,10.5,0.145,126.0,4.5,0.588,0.608,59,0.414,36,0.75,0.123,0.147,0.001,0.005,0.001,0.0,0.002,0.01,0.04,0.02,0.02,0.02,0.0,0.05,Sports Reference 2025-26,2.8,0.7,2.1,16.1,1.1,0.154,Jr,,,,,,,,,,,,,tracking,24.0,13.0,0.542,0.282,1.0,0.0,0.0,0.012,21.0,0.429,0.247,39.0,0.41,0.459,9.0,16.0
vcu_keyshawn_mitchell,Keyshawn Mitchell,vcu,F,Jr,20,212.0,10.6,0.129,64.0,3.2,0.457,0.477,24,0.208,32,0.656,0.139,0.139,0.003,0.01,0.0,0.001,0.002,0.03,0.1,0.03,0.03,0.01,0.01,0.06,Sports Reference 2025-26,-1.5,-2.0,0.4,12.9,0.6,0.117,Sr,,,,,,,,,,,,,tracking,19.0,13.0,0.684,0.404,3.0,1.0,0.333,0.064,9.0,0.222,0.191,16.0,0.188,0.34,2.0,3.0
dayton_javon_bennett,Javon Bennett,dayton,G,Jr,37,1276.5,34.5,0.35,584.6,15.8,0.49,0.51,259,0.347,137,0.898,0.089,0.184,0.0,0.003,0.001,0.0,0.001,0.01,0.05,0.08,0.04,0.04,0.0,0.04,Sports Reference 2025-26,3.6,2.5,1.1,16.3,4.2,0.131,Gr,,,,,,,,,,,,,tracking,104.0,59.0,0.567,0.233,100.0,32.0,0.32,0.224,85.0,0.341,0.191,157.0,0.35,0.352,29.0,55.0
dayton_de_shayne_montgomery,De'Shayne Montgomery,dayton,G,Jr,36,1101.6,30.6,0.35,482.4,13.4,0.562,0.582,155,0.335,90,0.789,0.145,0.16,0.001,0.006,0.001,0.0,0.001,0.03,0.09,0.06,0.05,0.06,0.02,0.06,Sports Reference 2025-26,5.8,2.2,3.7,18.8,3.9,0.143,Sr,,,,,,,,,,,,,tracking,160.0,105.0,0.656,0.473,31.0,10.0,0.323,0.092,51.0,0.333,0.151,96.0,0.333,0.284,17.0,32.0
dayton_amael_l_etang,Amael L'Etang,dayton,F,Jr,33,838.2,25.4,0.35,392.7,11.9,0.557,0.577,96,0.361,132,0.765,0.177,0.135,0.003,0.01,0.0,0.001,0.001,0.05,0.13,0.05,0.06,0.02,0.04,0.08,Sports Reference 2025-26,4.3,2.0,2.3,19.3,3.1,0.149,Jr,,,,,,,,,,,,,tracking,125.0,81.0,0.648,0.525,27.0,6.0,0.222,0.113,30.0,0.367,0.126,56.0,0.357,0.235,11.0,20.0
dayton_jordan_derkack,Jordan Derkack,dayton,G,Jr,32,796.8,24.9,0.35,294.4,9.2,0.409,0.429,58,0.276,198,0.722,0.166,0.244,0.002,0.008,0.001,0.0,0.001,0.03,0.12,0.08,0.05,0.04,0.0,0.06,Sports Reference 2025-26,3.1,0.4,2.7,15.7,2.6,0.132,Gr,,,,,,,,,,,,,tracking,91.0,44.0,0.484,0.548,22.0,4.0,0.182,0.133,19.0,0.263,0.114,34.0,0.294,0.205,5.0,10.0
dayton_keonte_jones,Keonte Jones,dayton,F,Jr,37,1117.4,30.2,0.29,284.9,7.7,0.539,0.559,41,0.317,104,0.631,0.172,0.271,0.002,0.007,0.001,0.0,0.001,0.04,0.1,0.06,0.04,0.04,0.02,0.08,Sports Reference 2025-26,3.6,0.1,3.5,14.1,3.5,0.126,Gr,,,,,,,,,,,,,tracking,126.0,75.0,0.595,0.681,21.0,6.0,0.286,0.114,13.0,0.385,0.07,25.0,0.36,0.135,5.0,9.0
dayton_bryce_heard,Bryce Heard,dayton,G,Jr,36,666.0,18.5,0.227,237.6,6.6,0.519,0.539,72,0.366,86,0.791,0.126,0.126,0.001,0.005,0.0,0.0,0.001,0.02,0.05,0.02,0.02,0.01,0.0,0.05,Sports Reference 2025-26,0.0,-0.4,0.4,12.4,1.9,0.116,Jr,,,,,,,,,,,,,tracking,49.0,24.0,0.49,0.331,35.0,15.0,0.429,0.236,22.0,0.364,0.149,42.0,0.333,0.284,8.0,14.0
dayton_jaiun_simon,Jaiun Simon,dayton,F,Jr,36,658.8,18.3,0.188,201.6,5.6,0.537,0.557,36,0.4,86,0.805,0.152,0.228,0.002,0.007,0.0,0.0,0.002,0.03,0.07,0.03,0.02,0.01,0.01,0.06,Sports Reference 2025-26,2.8,0.3,2.5,14.6,2.4,0.146,Jr,,,,,,,,,,,,,tracking,66.0,40.0,0.606,0.584,15.0,2.0,0.133,0.133,11.0,0.364,0.097,21.0,0.381,0.186,4.0,8.0
dayton_jacob_conner,Jacob Conner,dayton,F,Jr,36,612.0,17.0,0.134,115.2,3.2,0.5,0.52,65,0.297,29,0.63,0.16,0.293,0.001,0.005,0.0,0.0,0.001,0.02,0.05,0.03,0.02,0.02,0.01,0.04,Sports Reference 2025-26,1.7,-0.9,2.6,9.8,1.4,0.093,Gr,,,,,,,,,,,,,tracking,28.0,18.0,0.643,0.318,4.0,1.0,0.25,0.045,20.0,0.3,0.227,36.0,0.333,0.409,6.0,12.0
saint_louis_robbie_avila,Robbie Avila,saint_louis,C,Jr,35,920.5,26.3,0.35,448.0,12.8,0.612,0.632,161,0.41,122,0.803,0.149,0.35,0.001,0.008,0.0,0.0,0.001,0.02,0.11,0.12,0.05,0.02,0.01,0.05,Sports Reference 2025-26,8.8,6.2,2.6,21.1,5.0,0.219,Gr,,,,,,,,,,,,,tracking,104.0,65.0,0.625,0.39,14.0,8.0,0.571,0.052,52.0,0.423,0.195,97.0,0.412,0.363,22.0,40.0
saint_louis_dion_brown,Dion Brown,saint_louis,G,Jr,35,829.5,23.7,0.35,395.5,11.3,0.66,0.68,60,0.4,56,0.754,0.168,0.158,0.002,0.01,0.0,0.0,0.002,0.04,0.12,0.05,0.05,0.03,0.01,0.08,Sports Reference 2025-26,4.7,2.5,2.3,19.7,3.9,0.188,Gr,,,,,,,,,,,,,tracking,160.0,117.0,0.731,0.637,34.0,12.0,0.353,0.135,20.0,0.4,0.08,37.0,0.405,0.147,8.0,15.0
saint_louis_trey_green,Trey Green,saint_louis,G,Jr,34,802.4,23.6,0.317,363.8,10.7,0.64,0.66,207,0.442,37,0.861,0.079,0.191,0.001,0.005,0.0,0.0,0.001,0.02,0.06,0.05,0.02,0.03,0.0,0.04,Sports Reference 2025-26,7.8,5.8,2.1,18.3,3.9,0.196,Jr,,,,,,,,,,,,,tracking,41.0,22.0,0.537,0.165,10.0,5.0,0.5,0.04,69.0,0.449,0.278,128.0,0.461,0.516,31.0,59.0
saint_louis_amari_mccottry,Amari McCottry,saint_louis,G,Jr,34,775.2,22.8,0.35,357.0,10.5,0.551,0.571,61,0.29,109,0.582,0.205,0.248,0.002,0.01,0.001,0.0,0.001,0.03,0.13,0.09,0.07,0.03,0.02,0.07,Sports Reference 2025-26,4.2,0.8,3.3,17.7,2.9,0.149,Jr,,,,,,,,,,,,,tracking,166.0,102.0,0.614,0.675,18.0,5.0,0.278,0.073,22.0,0.273,0.089,40.0,0.3,0.163,6.0,12.0
saint_louis_kellen_thames,Kellen Thames,saint_louis,G,Jr,33,564.3,17.1,0.309,320.1,9.7,0.658,0.678,13,0.25,86,0.628,0.15,0.208,0.004,0.011,0.001,0.0,0.001,0.05,0.1,0.05,0.04,0.04,0.01,0.05,Sports Reference 2025-26,10.4,5.8,4.6,27.6,3.6,0.251,Sr,,,,,,,,,,,,,tracking,160.0,115.0,0.719,0.825,23.0,9.0,0.391,0.119,4.0,0.25,0.021,7.0,0.143,0.036,1.0,1.0
saint_louis_ishan_sharma,Ishan Sharma,saint_louis,G,Jr,35,777.0,22.2,0.268,318.5,9.1,0.616,0.636,192,0.417,49,0.86,0.067,0.2,0.001,0.006,0.0,0.0,0.001,0.01,0.07,0.04,0.01,0.02,0.0,0.04,Sports Reference 2025-26,5.4,3.8,1.6,16.0,3.5,0.181,Jr,,,,,,,,,,,,,tracking,16.0,9.0,0.562,0.078,10.0,4.0,0.4,0.049,63.0,0.429,0.306,117.0,0.427,0.568,27.0,50.0
saint_louis_quentin_jones,Quentin Jones,saint_louis,G,Jr,35,927.5,26.5,0.35,318.5,9.1,0.523,0.543,94,0.362,80,0.8,0.194,0.306,0.001,0.006,0.0,0.001,0.001,0.02,0.09,0.09,0.05,0.03,0.03,0.07,Sports Reference 2025-26,3.4,0.7,2.8,13.7,3.2,0.14,Sr,,,,,,,,,,,,,tracking,120.0,65.0,0.542,0.531,19.0,6.0,0.316,0.084,30.0,0.367,0.133,57.0,0.368,0.252,11.0,21.0
saint_louis_brady_dunlap,Brady Dunlap,saint_louis,F,Jr,34,578.0,17.0,0.22,238.0,7.0,0.62,0.64,112,0.451,58,0.814,0.146,0.146,0.001,0.005,0.0,0.0,0.001,0.01,0.05,0.03,0.03,0.01,0.0,0.05,Sports Reference 2025-26,3.0,2.4,0.6,13.9,2.3,0.158,Jr,,,,,,,,,,,,,tracking,30.0,17.0,0.567,0.211,10.0,1.0,0.1,0.07,36.0,0.444,0.254,66.0,0.439,0.465,16.0,29.0
saint_louis_paul_otieno,Paul Otieno,saint_louis,F,Jr,35,535.5,15.3,0.164,185.5,5.3,0.6,0.62,4,0.667,70,0.775,0.131,0.197,0.004,0.008,0.0,0.001,0.002,0.05,0.06,0.03,0.02,0.01,0.02,0.05,Sports Reference 2025-26,4.1,1.7,2.4,19.1,2.8,0.208,Gr,,,,,,,,,,,,,tracking,93.0,55.0,0.591,0.877,10.0,4.0,0.4,0.094,1.0,1.0,0.009,2.0,0.5,0.019,1.0,1.0
loyola_chicago_miles_rubin,Miles Rubin,loyola_chicago,C,Jr,33,980.1,29.7,0.35,372.9,11.3,0.585,0.605,0,0.0,92,0.543,0.173,0.199,0.003,0.009,0.0,0.001,0.001,0.06,0.15,0.07,0.06,0.02,0.07,0.06,Sports Reference 2025-26,3.5,1.1,2.4,20.1,2.4,0.099,Sr,,,,,,,,,,,,,tracking,174.0,124.0,0.713,0.633,100.0,37.0,0.37,0.364,0.0,,0.0,1.0,0.0,0.004,0.0,0.0
loyola_chicago_xavier_amos,Xavier Amos,loyola_chicago,F,Jr,19,495.9,26.1,0.35,210.9,11.1,0.475,0.495,89,0.303,74,0.733,0.112,0.06,0.002,0.007,0.0,0.0,0.001,0.06,0.16,0.04,0.07,0.02,0.02,0.12,Sports Reference 2025-26,-0.7,0.5,-1.2,13.6,0.8,0.064,Gr,,,,,,,,,,,,,tracking,53.0,29.0,0.547,0.325,21.0,8.0,0.381,0.129,31.0,0.29,0.19,58.0,0.31,0.356,9.0,18.0
loyola_chicago_justin_moore,Justin Moore,loyola_chicago,G,Jr,22,657.8,29.9,0.35,239.8,10.9,0.458,0.478,84,0.298,77,0.74,0.22,0.279,0.0,0.003,0.0,0.0,0.001,0.01,0.09,0.17,0.14,0.03,0.0,0.09,Sports Reference 2025-26,-4.5,-2.1,-2.4,9.7,0.2,0.01,Sr,,,,,,,,,,,,,tracking,63.0,32.0,0.508,0.315,53.0,22.0,0.415,0.265,29.0,0.31,0.145,55.0,0.291,0.275,9.0,16.0
loyola_chicago_kayde_dotson,Kayde Dotson,loyola_chicago,G,Jr,28,747.6,26.7,0.35,294.0,10.5,0.53,0.55,162,0.38,62,0.77,0.146,0.182,0.001,0.005,0.0,0.0,0.001,0.02,0.08,0.07,0.06,0.02,0.0,0.08,Sports Reference 2025-26,-1.1,0.3,-1.4,12.2,1.1,0.059,Jr,,,,,,,,,,,,,tracking,54.0,23.0,0.426,0.231,17.0,8.0,0.471,0.073,57.0,0.386,0.244,106.0,0.377,0.453,22.0,40.0
loyola_chicago_deywilk_tavarez,Deywilk Tavarez,loyola_chicago,G,Jr,33,752.4,22.8,0.35,293.7,8.9,0.462,0.482,211,0.314,43,0.886,0.143,0.172,0.0,0.005,0.0,0.0,0.001,0.01,0.06,0.05,0.05,0.02,0.0,0.05,Sports Reference 2025-26,-2.6,-1.0,-1.6,10.1,0.5,0.028,Sr,,,,,,,,,,,,,tracking,36.0,19.0,0.528,0.13,31.0,10.0,0.323,0.112,74.0,0.311,0.267,136.0,0.316,0.491,23.0,43.0
loyola_chicago_joshua_ola_joseph,Joshua Ola-Joseph,loyola_chicago,F,Jr,29,623.5,21.5,0.286,220.4,7.6,0.477,0.497,96,0.284,72,0.753,0.113,0.087,0.003,0.006,0.0,0.0,0.001,0.06,0.08,0.02,0.03,0.01,0.0,0.06,Sports Reference 2025-26,-2.7,-0.3,-2.4,12.6,1.0,0.065,Gr,,,,,,,,,,,,,tracking,65.0,39.0,0.6,0.376,13.0,3.0,0.231,0.075,33.0,0.273,0.191,62.0,0.29,0.358,9.0,18.0
loyola_chicago_chuck_love_iii,Chuck Love III,loyola_chicago,G,Jr,13,321.1,24.7,0.256,93.6,7.2,0.527,0.547,58,0.328,20,0.789,0.098,0.14,0.002,0.003,0.0,0.0,0.001,0.08,0.12,0.08,0.05,0.02,0.02,0.14,Sports Reference 2025-26,-2.0,-0.2,-1.8,10.4,0.5,0.059,So,,,,,,,,,,,,,tracking,16.0,10.0,0.625,0.213,1.0,1.0,1.0,0.013,20.0,0.35,0.267,38.0,0.316,0.507,7.0,12.0
loyola_chicago_kymany_houinsou,Kymany Houinsou,loyola_chicago,G,Jr,20,508.0,25.4,0.26,120.0,6.0,0.553,0.573,12,0.417,58,0.649,0.28,0.35,0.002,0.006,0.0,0.0,0.001,0.07,0.14,0.15,0.11,0.03,0.01,0.12,Sports Reference 2025-26,-2.0,-2.1,0.0,11.3,0.6,0.048,Gr,,,,,,,,,,,,,tracking,48.0,29.0,0.604,0.64,15.0,5.0,0.333,0.2,4.0,0.5,0.053,8.0,0.375,0.107,2.0,3.0
loyola_chicago_nicolus_anderson,Nicolus Anderson,loyola_chicago,G,Jr,27,467.1,17.3,0.23,137.7,5.1,0.421,0.441,65,0.277,46,0.578,0.124,0.078,0.001,0.006,0.0,0.0,0.001,0.02,0.07,0.02,0.03,0.02,0.01,0.04,Sports Reference 2025-26,-3.6,-2.8,-0.8,8.6,0.1,0.009,So,,,,,,,,,,,,,tracking,60.0,28.0,0.467,0.451,8.0,1.0,0.125,0.06,23.0,0.261,0.173,42.0,0.286,0.316,6.0,12.0
loyola_chicago_alexander_richardson,Alexander Richardson,loyola_chicago,C,Jr,30,387.0,12.9,0.131,99.0,3.3,0.577,0.597,0,0.0,39,0.474,0.191,0.191,0.004,0.01,0.0,0.001,0.002,0.04,0.08,0.02,0.02,0.01,0.02,0.06,Sports Reference 2025-26,-0.9,-1.6,0.7,14.8,0.8,0.079,Gr,,,,,,,,,,,,,tracking,59.0,38.0,0.644,0.831,11.0,3.0,0.273,0.155,0.0,,0.0,1.0,0.0,0.014,0.0,0.0
loyola_chicago_daniil_glazkov,Daniil Glazkov,loyola_chicago,G,Jr,26,330.2,12.7,0.109,70.2,2.7,0.526,0.546,39,0.375,21,0.5,0.164,0.164,0.002,0.006,0.0,0.0,0.001,0.03,0.05,0.02,0.02,0.01,0.0,0.04,Sports Reference 2025-26,-3.1,-1.8,-1.3,8.0,0.3,0.034,Jr,,,,,,,,,,,,,tracking,17.0,8.0,0.471,0.293,1.0,0.0,0.0,0.017,14.0,0.357,0.241,26.0,0.385,0.448,5.0,10.0
loyola_chicago_caleb_reese,Caleb Reese,loyola_chicago,G,Jr,20,234.0,11.7,0.111,30.0,1.5,0.309,0.329,20,0.158,18,0.529,0.28,0.35,0.0,0.006,0.0,0.0,0.002,0.01,0.06,0.07,0.05,0.02,0.0,0.08,Sports Reference 2025-26,-9.1,-8.7,-0.4,1.8,-0.3,-0.043,Gr,,,,,,,,,,,,,tracking,6.0,1.0,0.167,0.176,9.0,5.0,0.556,0.265,7.0,0.143,0.206,12.0,0.167,0.353,1.0,2.0
memphis_dug_mcdaniel,Dug McDaniel,memphis,G,Jr,32,1100.8,34.4,0.35,444.8,13.9,0.472,0.492,147,0.329,74,0.849,0.159,0.282,0.001,0.005,0.001,0.0,0.001,0.03,0.09,0.14,0.08,0.06,0.0,0.05,Sports Reference 2025-26,2.4,0.9,1.4,14.9,2.5,0.089,Gr,,,,,,,,,,,,,tracking,115.0,60.0,0.522,0.283,146.0,60.0,0.411,0.359,51.0,0.333,0.125,95.0,0.326,0.233,17.0,31.0
memphis_sincere_parker,Sincere Parker,memphis,G,Jr,31,604.5,19.5,0.35,353.4,11.4,0.462,0.482,84,0.329,93,0.798,0.076,0.092,0.001,0.008,0.0,0.0,0.002,0.02,0.1,0.04,0.03,0.02,0.01,0.07,Sports Reference 2025-26,3.4,2.5,0.9,18.9,2.0,0.134,Gr,,,,,,,,,,,,,tracking,98.0,54.0,0.551,0.326,118.0,43.0,0.364,0.392,30.0,0.333,0.1,55.0,0.327,0.183,10.0,18.0
memphis_curtis_givens_iii,Curtis Givens III,memphis,G,Jr,25,640.0,25.6,0.35,235.0,9.4,0.524,0.544,95,0.365,60,0.661,0.158,0.226,0.001,0.003,0.0,0.0,0.001,0.02,0.06,0.09,0.06,0.03,0.01,0.06,Sports Reference 2025-26,1.4,1.0,0.4,12.5,1.3,0.078,Jr,,,,,,,,,,,,,tracking,48.0,31.0,0.646,0.255,44.0,15.0,0.341,0.234,34.0,0.353,0.181,62.0,0.371,0.33,12.0,23.0
memphis_aaron_bradshaw,Aaron Bradshaw,memphis,F,Jr,29,548.1,18.9,0.3,249.4,8.6,0.563,0.583,26,0.333,78,0.772,0.167,0.072,0.005,0.006,0.0,0.001,0.002,0.08,0.07,0.02,0.05,0.02,0.02,0.1,Sports Reference 2025-26,1.2,0.7,0.5,18.0,1.7,0.125,Sr,,,,,,,,,,,,,tracking,97.0,64.0,0.66,0.577,44.0,17.0,0.386,0.262,9.0,0.333,0.054,18.0,0.333,0.107,3.0,6.0
memphis_julius_thedford,Julius Thedford,memphis,G,Jr,27,550.8,20.4,0.288,226.8,8.4,0.538,0.558,43,0.341,84,0.682,0.112,0.087,0.004,0.008,0.001,0.0,0.002,0.08,0.1,0.03,0.03,0.04,0.01,0.09,Sports Reference 2025-26,4.2,2.5,1.7,18.9,2.0,0.147,Jr,,,,,,,,,,,,,tracking,83.0,50.0,0.602,0.529,30.0,12.0,0.4,0.191,15.0,0.333,0.096,29.0,0.345,0.185,5.0,10.0
memphis_hasan_abdul_hakim,Hasan Abdul-Hakim,memphis,G,Jr,13,289.9,22.3,0.32,80.6,6.2,0.42,0.44,20,0.158,29,0.607,0.245,0.201,0.002,0.007,0.001,0.0,0.001,0.09,0.22,0.14,0.17,0.09,0.04,0.12,Sports Reference 2025-26,-0.7,-2.8,2.1,9.9,0.2,0.025,Gr,,,,,,,,,,,,,tracking,35.0,20.0,0.571,0.467,21.0,7.0,0.333,0.28,7.0,0.143,0.093,12.0,0.167,0.16,1.0,2.0
memphis_quante_berry,Quante Berry,memphis,G,Jr,30,543.0,18.1,0.253,183.0,6.1,0.465,0.485,84,0.298,54,0.698,0.141,0.169,0.001,0.006,0.001,0.0,0.002,0.02,0.06,0.04,0.03,0.04,0.01,0.08,Sports Reference 2025-26,1.3,-1.5,2.8,12.4,1.2,0.088,Sr,,,,,,,,,,,,,tracking,36.0,19.0,0.528,0.228,38.0,17.0,0.447,0.241,29.0,0.31,0.184,55.0,0.291,0.348,9.0,16.0
memphis_ashton_hardaway,Ashton Hardaway,memphis,F,Jr,25,487.5,19.5,0.238,140.0,5.6,0.488,0.508,68,0.343,20,0.737,0.18,0.21,0.001,0.005,0.0,0.001,0.001,0.02,0.08,0.06,0.05,0.03,0.03,0.06,Sports Reference 2025-26,2.2,-0.1,2.4,10.9,0.8,0.062,Sr,,,,,,,,,,,,,tracking,28.0,19.0,0.679,0.219,33.0,9.0,0.273,0.258,23.0,0.348,0.18,44.0,0.341,0.344,8.0,15.0
memphis_thierno_sylla,Thierno Sylla,memphis,C,Jr,23,319.7,13.9,0.148,87.4,3.8,0.508,0.528,5,0.0,39,0.6,0.169,0.072,0.003,0.006,0.0,0.001,0.002,0.04,0.07,0.01,0.03,0.01,0.03,0.1,Sports Reference 2025-26,-2.4,-3.8,1.4,10.7,0.6,0.071,Gr,,,,,,,,,,,,,tracking,31.0,20.0,0.645,0.492,27.0,12.0,0.444,0.429,2.0,0.0,0.032,3.0,0.0,0.048,0.0,0.0
memphis_simon_majok,Simon Majok,memphis,C,Jr,25,310.0,12.4,0.111,72.5,2.9,0.489,0.509,8,0.286,40,0.718,0.193,0.064,0.003,0.006,0.0,0.001,0.002,0.04,0.06,0.01,0.02,0.02,0.02,0.06,Sports Reference 2025-26,-0.4,-2.6,2.2,11.5,0.7,0.084,So,,,,,,,,,,,,,tracking,28.0,16.0,0.571,0.622,10.0,3.0,0.3,0.222,2.0,0.5,0.044,5.0,0.2,0.111,1.0,1.0
florida_atlantic_devin_vanterpool,Devin Vanterpool,florida_atlantic,G,Jr,24,748.8,31.2,0.35,379.2,15.8,0.525,0.545,149,0.351,86,0.782,0.131,0.149,0.001,0.009,0.001,0.0,0.001,0.04,0.22,0.1,0.09,0.06,0.03,0.13,Sports Reference 2025-26,4.4,2.1,2.3,19.4,2.9,0.152,Jr,,,,,,,,,,,,,tracking,92.0,50.0,0.543,0.31,57.0,28.0,0.491,0.192,52.0,0.346,0.175,96.0,0.354,0.323,18.0,34.0
florida_atlantic_kanaan_carlyle,Kanaan Carlyle,florida_atlantic,G,Jr,28,873.6,31.2,0.35,400.4,14.3,0.498,0.518,179,0.324,90,0.854,0.161,0.187,0.0,0.006,0.0,0.0,0.001,0.01,0.12,0.1,0.09,0.04,0.0,0.1,Sports Reference 2025-26,0.7,0.3,0.5,14.2,2.3,0.105,Sr,,,,,,,,,,,,,tracking,53.0,33.0,0.623,0.163,94.0,42.0,0.447,0.288,63.0,0.317,0.193,116.0,0.328,0.356,20.0,38.0
florida_atlantic_isaiah_elohim,Isaiah Elohim,florida_atlantic,G,Jr,32,899.2,28.1,0.35,396.8,12.4,0.527,0.547,106,0.368,106,0.66,0.075,0.083,0.001,0.006,0.0,0.0,0.001,0.03,0.1,0.03,0.03,0.02,0.01,0.07,Sports Reference 2025-26,1.2,1.1,0.1,15.6,2.9,0.128,Jr,,,,,,,,,,,,,tracking,114.0,63.0,0.553,0.368,90.0,42.0,0.467,0.29,37.0,0.378,0.119,69.0,0.362,0.223,14.0,25.0
florida_atlantic_devin_williams,Devin Williams,florida_atlantic,F,Jr,33,785.4,23.8,0.281,247.5,7.5,0.548,0.568,50,0.306,43,0.674,0.165,0.165,0.004,0.007,0.0,0.002,0.001,0.07,0.09,0.04,0.04,0.01,0.08,0.06,Sports Reference 2025-26,3.7,0.8,2.9,17.6,2.5,0.128,Jr,,,,,,,,,,,,,tracking,101.0,66.0,0.653,0.51,48.0,20.0,0.417,0.242,17.0,0.294,0.086,32.0,0.312,0.162,5.0,10.0
florida_atlantic_xander_pintelon,Xander Pintelon,florida_atlantic,F,Jr,33,600.6,18.2,0.226,204.6,6.2,0.515,0.535,106,0.352,40,0.854,0.126,0.111,0.002,0.008,0.0,0.0,0.001,0.03,0.08,0.02,0.02,0.02,0.02,0.06,Sports Reference 2025-26,1.6,0.2,1.4,14.5,1.9,0.129,Sr,,,,,,,,,,,,,tracking,53.0,27.0,0.509,0.321,7.0,3.0,0.429,0.042,37.0,0.351,0.224,68.0,0.353,0.412,13.0,24.0
florida_atlantic_niccolo_moretti,Niccolo Moretti,florida_atlantic,G,Jr,33,864.6,26.2,0.253,184.8,5.6,0.507,0.527,46,0.267,59,0.672,0.268,0.35,0.001,0.003,0.0,0.0,0.001,0.01,0.05,0.1,0.06,0.02,0.0,0.05,Sports Reference 2025-26,-2.7,-2.9,0.2,8.5,1.3,0.061,Sr,,,,,,,,,,,,,tracking,75.0,46.0,0.613,0.521,24.0,9.0,0.375,0.167,16.0,0.25,0.111,29.0,0.276,0.201,4.0,8.0
florida_atlantic_amar_amkou,Amar Amkou,florida_atlantic,G,Jr,26,325.0,12.5,0.193,143.0,5.5,0.52,0.54,44,0.364,47,0.792,0.13,0.074,0.003,0.005,0.0,0.001,0.001,0.04,0.05,0.02,0.03,0.02,0.02,0.05,Sports Reference 2025-26,2.5,2.0,0.4,17.4,1.2,0.143,So,,,,,,,,,,,,,tracking,49.0,29.0,0.592,0.48,9.0,0.0,0.0,0.088,15.0,0.4,0.147,29.0,0.345,0.284,6.0,10.0
florida_atlantic_maxim_logue,Maxim Logue,florida_atlantic,F,Jr,28,310.8,11.1,0.156,134.4,4.8,0.674,0.694,3,0.0,36,0.429,0.137,0.0,0.007,0.006,0.001,0.001,0.002,0.07,0.04,0.0,0.02,0.02,0.02,0.07,Sports Reference 2025-26,3.0,1.7,1.2,22.4,1.4,0.174,Jr,,,,,,,,,,,,,tracking,80.0,59.0,0.738,0.899,6.0,1.0,0.167,0.067,1.0,0.0,0.011,2.0,0.0,0.022,0.0,0.0
florida_atlantic_yohann_sissoko,Yohann Sissoko,florida_atlantic,G,Jr,27,305.1,11.3,0.14,89.1,3.3,0.477,0.497,22,0.429,38,0.757,0.23,0.281,0.002,0.006,0.0,0.0,0.001,0.02,0.05,0.04,0.03,0.01,0.0,0.03,Sports Reference 2025-26,-2.5,-2.3,-0.2,11.0,0.6,0.079,So,,,,,,,,,,,,,tracking,32.0,14.0,0.438,0.5,11.0,3.0,0.273,0.172,7.0,0.429,0.109,14.0,0.429,0.219,3.0,6.0
north_texas_je_shawn_stevenson,Je'Shawn Stevenson,north_texas,G,Jr,33,1065.9,32.3,0.35,570.9,17.3,0.463,0.483,244,0.303,165,0.836,0.084,0.112,0.001,0.005,0.001,0.0,0.001,0.02,0.08,0.06,0.05,0.06,0.01,0.04,Sports Reference 2025-26,5.5,3.5,2.0,19.8,4.2,0.159,Jr,,,,,,,,,,,,,tracking,154.0,89.0,0.578,0.328,71.0,18.0,0.254,0.151,86.0,0.302,0.183,159.0,0.302,0.338,26.0,48.0
north_texas_david_terrell_jr_,David Terrell Jr.,north_texas,G,Jr,33,1082.4,32.8,0.35,445.5,13.5,0.456,0.476,69,0.257,198,0.673,0.139,0.317,0.001,0.005,0.001,0.0,0.001,0.02,0.09,0.15,0.06,0.05,0.01,0.08,Sports Reference 2025-26,3.2,0.8,2.3,17.5,3.8,0.14,Sr,,,,,,,,,,,,,tracking,183.0,101.0,0.552,0.537,87.0,27.0,0.31,0.255,25.0,0.24,0.073,46.0,0.261,0.135,6.0,12.0
north_texas_will_mcclendon,Will McClendon,north_texas,G,Jr,4,98.0,24.5,0.35,52.0,13.0,0.517,0.537,20,0.45,25,0.84,0.112,0.216,0.001,0.007,0.0,0.0,0.001,0.2,0.82,0.62,0.33,0.2,0.07,0.5,Sports Reference 2025-26,4.9,5.4,-0.5,22.9,0.6,0.234,Gr,,,,,,,,,,,,,tracking,6.0,2.0,0.333,0.2,4.0,0.0,0.0,0.133,7.0,0.429,0.233,13.0,0.462,0.433,3.0,6.0
north_texas_dylan_arnett,Dylan Arnett,north_texas,F,Jr,33,874.5,26.5,0.337,250.8,7.6,0.471,0.491,0,0.0,63,0.419,0.148,0.138,0.003,0.008,0.0,0.001,0.001,0.06,0.12,0.04,0.04,0.03,0.03,0.06,Sports Reference 2025-26,-0.7,-2.4,1.6,13.4,2.0,0.09,Gr,,,,,,,,,,,,,tracking,100.0,64.0,0.64,0.42,132.0,47.0,0.356,0.555,2.0,0.0,0.008,4.0,0.25,0.017,0.0,1.0
north_texas_reece_robinson,Reece Robinson,north_texas,F,Jr,33,742.5,22.5,0.264,247.5,7.5,0.548,0.568,50,0.34,59,0.724,0.122,0.081,0.004,0.006,0.0,0.001,0.002,0.07,0.07,0.02,0.03,0.02,0.02,0.1,Sports Reference 2025-26,0.1,-0.8,1.0,15.7,2.7,0.145,Jr,,,,,,,,,,,,,tracking,111.0,74.0,0.667,0.59,26.0,4.0,0.154,0.138,18.0,0.333,0.096,33.0,0.333,0.176,6.0,11.0
north_texas_cole_franklin,Cole Franklin,north_texas,G,Jr,33,831.6,25.2,0.258,204.6,6.2,0.456,0.476,59,0.262,63,0.661,0.124,0.152,0.002,0.006,0.001,0.0,0.001,0.05,0.08,0.03,0.03,0.04,0.02,0.07,Sports Reference 2025-26,0.6,-2.0,2.6,12.6,2.3,0.112,Sr,,,,,,,,,,,,,tracking,75.0,45.0,0.6,0.417,42.0,13.0,0.31,0.233,22.0,0.273,0.122,41.0,0.244,0.228,6.0,10.0
north_texas_josiah_shackleford,Josiah Shackleford,north_texas,F,Jr,25,302.5,12.1,0.224,150.0,6.0,0.558,0.578,0,0.0,50,0.46,0.143,0.032,0.003,0.008,0.0,0.0,0.002,0.03,0.07,0.01,0.04,0.02,0.01,0.06,Sports Reference 2025-26,-1.7,-2.8,1.1,17.9,0.8,0.112,Gr,,,,,,,,,,,,,tracking,75.0,47.0,0.627,0.664,38.0,16.0,0.421,0.336,0.0,,0.0,0.0,,0.0,0.0,0.0
north_texas_buddy_hammer_jr_,Buddy Hammer Jr.,north_texas,F,Jr,29,411.8,14.2,0.14,118.9,4.1,0.515,0.535,20,0.316,67,0.773,0.153,0.102,0.004,0.005,0.0,0.001,0.002,0.05,0.05,0.01,0.02,0.02,0.02,0.09,Sports Reference 2025-26,0.0,-2.0,2.0,14.9,1.6,0.158,Sr,,,,,,,,,,,,,tracking,32.0,19.0,0.594,0.485,14.0,5.0,0.357,0.212,7.0,0.286,0.106,13.0,0.385,0.197,2.0,5.0
north_texas_ej_horton,EJ Horton,north_texas,G,Jr,30,303.0,10.1,0.127,87.0,2.9,0.493,0.513,36,0.257,24,0.609,0.197,0.084,0.001,0.005,0.001,0.0,0.002,0.01,0.03,0.01,0.02,0.02,0.01,0.05,Sports Reference 2025-26,-3.1,-6.2,3.1,9.7,0.6,0.079,So,,,,,,,,,,,,,tracking,32.0,22.0,0.688,0.432,7.0,1.0,0.143,0.095,12.0,0.25,0.162,23.0,0.261,0.311,3.0,6.0
north_texas_cahmai_crosby,Cahmai Crosby,north_texas,G,Jr,33,310.2,9.4,0.103,89.1,2.7,0.488,0.508,73,0.347,7,0.625,0.069,0.104,0.001,0.004,0.0,0.0,0.002,0.01,0.02,0.01,0.01,0.01,0.0,0.03,Sports Reference 2025-26,-3.8,-3.0,-0.8,7.8,0.7,0.091,Sr,,,,,,,,,,,,,tracking,6.0,4.0,0.667,0.071,6.0,0.0,0.0,0.071,26.0,0.346,0.306,47.0,0.34,0.553,9.0,16.0
north_texas_demarion_watson,Demarion Watson,north_texas,G,Jr,32,451.2,14.1,0.111,76.8,2.4,0.404,0.424,42,0.262,29,0.7,0.194,0.194,0.002,0.006,0.001,0.001,0.002,0.03,0.05,0.02,0.02,0.03,0.03,0.05,Sports Reference 2025-26,0.0,-3.9,3.8,10.5,1.1,0.097,Gr,,,,,,,,,,,,,tracking,20.0,10.0,0.5,0.294,6.0,1.0,0.167,0.088,15.0,0.267,0.221,27.0,0.259,0.397,4.0,7.0
north_texas_curtis_stinson_jr_,Curtis Stinson Jr.,north_texas,G,Jr,32,281.6,8.8,0.094,44.8,1.4,0.295,0.315,10,0.125,16,0.867,0.229,0.267,0.001,0.005,0.0,0.0,0.001,0.01,0.03,0.02,0.02,0.01,0.0,0.02,Sports Reference 2025-26,-6.3,-7.7,1.4,4.4,0.2,0.021,So,,,,,,,,,,,,,tracking,25.0,11.0,0.44,0.446,21.0,4.0,0.19,0.375,4.0,0.0,0.071,6.0,0.167,0.107,0.0,1.0
uab_jacob_meyer,Jacob Meyer,uab,G,Jr,28,795.2,28.4,0.35,347.2,12.4,0.459,0.479,101,0.314,67,0.803,0.081,0.081,0.001,0.006,0.0,0.0,0.001,0.02,0.11,0.04,0.04,0.03,0.0,0.06,Sports Reference 2025-26,-1.7,-1.2,-0.5,12.9,1.7,0.088,Sr,,,,,,,,,,,,,tracking,83.0,51.0,0.614,0.275,122.0,42.0,0.344,0.404,34.0,0.324,0.113,63.0,0.333,0.209,11.0,21.0
uab_daniel_rivera,Daniel Rivera,uab,F,Jr,32,937.6,29.3,0.35,384.0,12.0,0.549,0.569,10,0.333,125,0.581,0.109,0.101,0.003,0.008,0.0,0.001,0.001,0.08,0.13,0.04,0.04,0.03,0.03,0.07,Sports Reference 2025-26,1.5,0.5,1.0,18.6,3.3,0.14,Gr,,,,,,,,,,,,,tracking,214.0,135.0,0.631,0.77,55.0,11.0,0.2,0.198,3.0,0.333,0.011,6.0,0.333,0.022,1.0,2.0
uab_kyeron_lindsay,KyeRon Lindsay,uab,F,Jr,28,632.8,22.6,0.35,302.4,10.8,0.538,0.558,3,0.5,84,0.759,0.098,0.059,0.005,0.009,0.0,0.001,0.002,0.1,0.13,0.02,0.04,0.02,0.03,0.09,Sports Reference 2025-26,1.5,1.5,0.1,21.5,2.7,0.171,Sr,,,,,,,,,,,,,tracking,142.0,88.0,0.62,0.66,71.0,26.0,0.366,0.33,1.0,0.0,0.005,1.0,1.0,0.005,0.0,1.0
uab_ahmad_robinson,Ahmad Robinson,uab,G,Jr,26,624.0,24.0,0.35,247.0,9.5,0.451,0.471,101,0.333,60,0.712,0.11,0.257,0.001,0.005,0.001,0.0,0.001,0.01,0.08,0.11,0.05,0.06,0.0,0.08,Sports Reference 2025-26,0.6,-1.3,1.9,14.0,1.6,0.103,Gr,,,,,,,,,,,,,tracking,58.0,27.0,0.466,0.271,61.0,23.0,0.377,0.285,33.0,0.364,0.154,62.0,0.339,0.29,12.0,21.0
uab_evan_chatman,Evan Chatman,uab,F,Jr,32,924.8,28.9,0.315,281.6,8.8,0.484,0.504,80,0.275,102,0.686,0.068,0.125,0.004,0.012,0.0,0.0,0.001,0.08,0.19,0.03,0.02,0.03,0.03,0.06,Sports Reference 2025-26,2.5,1.4,1.0,16.9,3.4,0.149,Sr,,,,,,,,,,,,,tracking,84.0,58.0,0.69,0.398,51.0,13.0,0.255,0.242,27.0,0.259,0.128,49.0,0.286,0.232,7.0,14.0
uab_dayjaun_anderson,Dayjaun Anderson,uab,G,Jr,30,489.0,16.3,0.238,162.0,5.4,0.429,0.449,132,0.241,18,0.529,0.075,0.105,0.001,0.005,0.001,0.0,0.001,0.01,0.05,0.02,0.02,0.03,0.0,0.03,Sports Reference 2025-26,-1.3,-2.5,1.2,9.7,0.8,0.062,Jr,,,,,,,,,,,,,tracking,28.0,19.0,0.679,0.161,16.0,9.0,0.562,0.092,46.0,0.239,0.264,84.0,0.25,0.483,11.0,21.0
uab_salim_london,Salim London,uab,G,Jr,32,627.2,19.6,0.208,156.8,4.9,0.41,0.43,61,0.295,45,0.844,0.12,0.275,0.001,0.006,0.0,0.0,0.001,0.01,0.06,0.05,0.02,0.03,0.01,0.03,Sports Reference 2025-26,-0.8,-2.7,1.9,10.2,1.3,0.082,So,,,,,,,,,,,,,tracking,46.0,23.0,0.5,0.336,33.0,8.0,0.242,0.241,20.0,0.3,0.146,38.0,0.263,0.277,6.0,10.0
uab_quaran_mcpherson,Quaran McPherson,uab,G,Jr,27,288.9,10.7,0.17,118.8,4.4,0.512,0.532,40,0.3,40,0.775,0.189,0.105,0.001,0.006,0.0,0.0,0.001,0.01,0.04,0.02,0.03,0.01,0.0,0.03,Sports Reference 2025-26,-0.3,-1.2,0.9,13.3,0.7,0.092,Sr,,,,,,,,,,,,,tracking,27.0,15.0,0.556,0.314,19.0,11.0,0.579,0.221,14.0,0.286,0.163,26.0,0.308,0.302,4.0,8.0
drake_jalen_quinn,Jalen Quinn,drake,G,Jr,34,1139.0,33.5,0.35,669.8,19.7,0.503,0.523,136,0.343,214,0.744,0.137,0.147,0.001,0.005,0.0,0.0,0.001,0.02,0.1,0.09,0.08,0.03,0.0,0.07,Sports Reference 2025-26,0.8,2.1,-1.3,18.8,3.1,0.107,Gr,,,,,,,,,,,,,tracking,178.0,101.0,0.567,0.348,195.0,86.0,0.441,0.382,48.0,0.333,0.094,90.0,0.344,0.176,16.0,31.0
drake_owen_larson,Owen Larson,drake,G,Jr,25,720.0,28.8,0.35,250.0,10.0,0.482,0.502,125,0.286,45,0.867,0.159,0.248,0.001,0.006,0.0,0.0,0.001,0.02,0.12,0.11,0.07,0.03,0.0,0.08,Sports Reference 2025-26,-2.1,-1.0,-1.1,11.3,1.1,0.063,Jr,,,,,,,,,,,,,tracking,55.0,39.0,0.709,0.251,37.0,12.0,0.324,0.169,44.0,0.295,0.201,83.0,0.289,0.379,13.0,24.0
drake_eli_shetlar,Eli Shetlar,drake,G,Jr,34,948.6,27.9,0.29,309.4,9.1,0.592,0.612,194,0.395,41,0.659,0.074,0.16,0.001,0.007,0.0,0.0,0.001,0.01,0.11,0.04,0.02,0.02,0.01,0.06,Sports Reference 2025-26,2.3,2.2,0.1,14.0,2.7,0.114,Jr,,,,,,,,,,,,,tracking,27.0,17.0,0.63,0.113,17.0,9.0,0.529,0.071,69.0,0.391,0.287,127.0,0.402,0.529,27.0,51.0
drake_jaehshon_thomas,Jaehshon Thomas,drake,G,Jr,33,702.9,21.3,0.34,293.7,8.9,0.461,0.481,109,0.303,76,0.766,0.084,0.158,0.001,0.004,0.0,0.0,0.001,0.02,0.05,0.05,0.02,0.02,0.0,0.04,Sports Reference 2025-26,-2.4,-0.6,-1.8,13.6,1.4,0.079,Gr,,,,,,,,,,,,,tracking,64.0,35.0,0.547,0.249,83.0,34.0,0.41,0.323,38.0,0.316,0.148,72.0,0.306,0.28,12.0,22.0
drake_okku_federiko,Okku Federiko,drake,F,Jr,34,788.8,23.2,0.306,292.4,8.6,0.558,0.578,54,0.278,99,0.626,0.14,0.175,0.003,0.007,0.0,0.001,0.002,0.05,0.09,0.04,0.04,0.02,0.03,0.08,Sports Reference 2025-26,0.3,0.0,0.4,17.6,2.5,0.125,Jr,,,,,,,,,,,,,tracking,129.0,83.0,0.643,0.623,24.0,10.0,0.417,0.116,19.0,0.263,0.092,35.0,0.286,0.169,5.0,10.0
drake_wilguens_jr_exacte,Wilguens Jr. Exacte,drake,G,Jr,18,352.8,19.6,0.315,131.4,7.3,0.452,0.472,45,0.222,41,0.683,0.159,0.182,0.002,0.009,0.0,0.0,0.001,0.07,0.18,0.09,0.08,0.02,0.02,0.09,Sports Reference 2025-26,-2.6,-1.7,-0.9,13.5,0.6,0.067,Sr,,,,,,,,,,,,,tracking,49.0,30.0,0.612,0.422,21.0,7.0,0.333,0.181,16.0,0.25,0.138,30.0,0.2,0.259,4.0,6.0
drake_andrew_alia,Andrew Alia,drake,G,Jr,33,1032.9,31.3,0.241,231.0,7.0,0.542,0.562,122,0.38,50,0.816,0.104,0.222,0.002,0.005,0.0,0.0,0.001,0.05,0.09,0.05,0.02,0.03,0.0,0.07,Sports Reference 2025-26,-0.5,-0.2,-0.3,11.4,2.5,0.098,Sr,,,,,,,,,,,,,tracking,31.0,16.0,0.516,0.173,25.0,11.0,0.44,0.14,43.0,0.372,0.24,80.0,0.388,0.447,16.0,31.0
drake_braden_appelhans,Braden Appelhans,drake,G,Jr,27,367.2,13.6,0.182,143.1,5.3,0.552,0.572,89,0.4,5,0.667,0.079,0.098,0.0,0.005,0.0,0.0,0.001,0.0,0.05,0.02,0.01,0.01,0.0,0.03,Sports Reference 2025-26,-2.1,-0.2,-1.9,12.7,0.7,0.08,Sr,,,,,,,,,,,,,tracking,16.0,8.0,0.5,0.128,19.0,7.0,0.368,0.152,31.0,0.419,0.248,59.0,0.39,0.472,13.0,23.0
drake_isaiah_carr,Isaiah Carr,drake,F,Jr,32,377.6,11.8,0.145,118.4,3.7,0.558,0.578,0,0.0,54,0.623,0.222,0.148,0.004,0.01,0.0,0.002,0.003,0.03,0.07,0.02,0.03,0.01,0.04,0.07,Sports Reference 2025-26,-0.2,-3.3,3.0,17.7,1.2,0.123,Gr,,,,,,,,,,,,,tracking,68.0,41.0,0.603,0.872,9.0,3.0,0.333,0.115,0.0,,0.0,1.0,0.0,0.013,0.0,0.0
drake_griffen_goodbary,Griffen Goodbary,drake,F,Jr,32,422.4,13.2,0.117,112.0,3.5,0.59,0.61,32,0.344,42,0.675,0.122,0.275,0.003,0.008,0.0,0.0,0.001,0.03,0.06,0.03,0.01,0.01,0.01,0.04,Sports Reference 2025-26,1.5,1.2,0.3,14.6,1.3,0.127,So,,,,,,,,,,,,,tracking,38.0,26.0,0.684,0.521,3.0,1.0,0.333,0.041,11.0,0.364,0.151,21.0,0.333,0.288,4.0,7.0
bradley_alex_huibregtse,Alex Huibregtse,bradley,G,Jr,34,1060.8,31.2,0.35,435.2,12.8,0.593,0.613,238,0.433,44,0.844,0.087,0.148,0.001,0.005,0.0,0.0,0.001,0.01,0.08,0.05,0.03,0.02,0.01,0.05,Sports Reference 2025-26,3.4,3.8,-0.4,15.7,3.4,0.129,Gr,,,,,,,,,,,,,tracking,35.0,27.0,0.771,0.109,57.0,15.0,0.263,0.178,80.0,0.425,0.25,148.0,0.432,0.462,34.0,64.0
bradley_demarion_burch,Demarion Burch,bradley,G,Jr,26,598.0,23.0,0.35,228.8,8.8,0.462,0.482,81,0.313,52,0.585,0.09,0.1,0.001,0.004,0.0,0.0,0.001,0.02,0.06,0.04,0.03,0.02,0.01,0.08,Sports Reference 2025-26,-2.9,-1.6,-1.2,10.4,0.8,0.055,Sr,,,,,,,,,,,,,tracking,74.0,39.0,0.527,0.347,58.0,22.0,0.379,0.272,28.0,0.321,0.131,53.0,0.302,0.249,9.0,16.0
bradley_montana_wheeler,Montana Wheeler,bradley,G,Jr,34,758.2,22.3,0.319,289.0,8.5,0.5,0.52,105,0.337,71,0.712,0.112,0.314,0.001,0.002,0.0,0.0,0.001,0.01,0.03,0.08,0.03,0.02,0.0,0.06,Sports Reference 2025-26,-1.5,0.1,-1.5,13.7,2.0,0.105,So,,,,,,,,,,,,,tracking,70.0,40.0,0.571,0.302,60.0,24.0,0.4,0.259,36.0,0.333,0.155,66.0,0.333,0.284,12.0,22.0
bradley_aj_smith,AJ Smith,bradley,G,Jr,34,870.4,25.6,0.305,285.6,8.4,0.512,0.532,95,0.372,88,0.722,0.117,0.152,0.002,0.008,0.001,0.0,0.001,0.04,0.11,0.04,0.03,0.04,0.01,0.07,Sports Reference 2025-26,2.7,1.2,1.5,16.3,2.9,0.135,Gr,,,,,,,,,,,,,tracking,93.0,50.0,0.538,0.441,25.0,7.0,0.28,0.118,33.0,0.364,0.156,60.0,0.367,0.284,12.0,22.0
bradley_ahmet_jonovic,Ahmet Jonovic,bradley,F,Jr,34,843.2,24.8,0.297,275.4,8.1,0.533,0.553,3,0.2,109,0.75,0.181,0.169,0.002,0.009,0.0,0.001,0.002,0.04,0.11,0.04,0.04,0.01,0.04,0.08,Sports Reference 2025-26,0.6,-1.0,1.6,15.9,2.5,0.12,Gr,,,,,,,,,,,,,tracking,103.0,73.0,0.709,0.575,71.0,21.0,0.296,0.397,2.0,0.0,0.011,3.0,0.333,0.017,0.0,1.0
bradley_timoty_van_der_knaap,Timoty van der Knaap,bradley,F,Jr,34,775.2,22.8,0.258,221.0,6.5,0.468,0.488,65,0.231,65,0.652,0.111,0.055,0.003,0.007,0.0,0.0,0.001,0.05,0.09,0.01,0.02,0.02,0.01,0.06,Sports Reference 2025-26,-2.5,-1.5,-1.0,12.0,1.8,0.091,Jr,,,,,,,,,,,,,tracking,94.0,52.0,0.553,0.508,27.0,12.0,0.444,0.146,22.0,0.227,0.119,42.0,0.238,0.227,5.0,10.0
bradley_corey_thomas,Corey Thomas,bradley,F,Jr,34,625.6,18.4,0.183,183.6,5.4,0.571,0.591,61,0.328,41,0.75,0.137,0.156,0.002,0.007,0.0,0.001,0.002,0.03,0.07,0.02,0.02,0.02,0.02,0.07,Sports Reference 2025-26,1.6,0.1,1.5,14.6,2.0,0.126,Gr,,,,,,,,,,,,,tracking,28.0,23.0,0.821,0.215,43.0,22.0,0.512,0.331,21.0,0.333,0.162,38.0,0.316,0.292,7.0,12.0
indiana_state_ian_scott,Ian Scott,indiana_state,F,Jr,32,960.0,30.0,0.35,432.0,13.5,0.669,0.689,48,0.388,115,0.724,0.177,0.219,0.002,0.009,0.0,0.001,0.001,0.05,0.16,0.08,0.07,0.04,0.03,0.07,Sports Reference 2025-26,5.2,2.9,2.3,21.9,4.1,0.17,Gr,,,,,,,,,,,,,tracking,195.0,137.0,0.703,0.747,17.0,9.0,0.529,0.065,17.0,0.412,0.065,32.0,0.375,0.123,7.0,12.0
indiana_state_camp_wagner,Camp Wagner,indiana_state,G,Jr,32,921.6,28.8,0.35,380.8,11.9,0.494,0.514,237,0.343,48,0.915,0.13,0.145,0.001,0.007,0.0,0.0,0.001,0.02,0.12,0.06,0.05,0.03,0.01,0.07,Sports Reference 2025-26,-0.3,-0.1,-0.1,12.1,1.7,0.076,Sr,,,,,,,,,,,,,tracking,79.0,38.0,0.481,0.232,26.0,9.0,0.346,0.076,83.0,0.337,0.243,153.0,0.346,0.449,28.0,53.0
indiana_state_sterling_young,Sterling Young,indiana_state,G,Jr,30,702.0,23.4,0.35,300.0,10.0,0.487,0.507,141,0.343,45,0.864,0.142,0.16,0.001,0.003,0.0,0.0,0.001,0.01,0.04,0.06,0.05,0.02,0.0,0.05,Sports Reference 2025-26,-3.9,-1.9,-1.9,10.8,0.9,0.054,Gr,,,,,,,,,,,,,tracking,106.0,56.0,0.528,0.394,21.0,3.0,0.143,0.078,50.0,0.34,0.186,92.0,0.337,0.342,17.0,31.0
indiana_state_derek_vorst,Derek Vorst,indiana_state,F,Jr,22,446.6,20.3,0.267,173.8,7.9,0.591,0.611,20,0.421,79,0.538,0.12,0.174,0.003,0.007,0.0,0.0,0.002,0.06,0.11,0.06,0.04,0.02,0.02,0.11,Sports Reference 2025-26,0.6,-0.2,0.8,16.2,1.4,0.128,Sr,,,,,,,,,,,,,tracking,72.0,49.0,0.681,0.655,19.0,4.0,0.211,0.173,7.0,0.429,0.064,12.0,0.417,0.109,3.0,5.0
indiana_state_xavier_hall,Xavier Hall,indiana_state,G,Jr,32,889.6,27.8,0.321,243.2,7.6,0.481,0.501,90,0.236,58,0.75,0.189,0.35,0.001,0.003,0.0,0.0,0.001,0.02,0.05,0.13,0.05,0.02,0.0,0.06,Sports Reference 2025-26,-3.0,-2.4,-0.6,10.5,1.7,0.075,Gr,,,,,,,,,,,,,tracking,94.0,59.0,0.628,0.45,26.0,10.0,0.385,0.124,31.0,0.226,0.148,58.0,0.241,0.278,7.0,14.0
indiana_state_markus_harding,Markus Harding,indiana_state,F,Jr,22,446.6,20.3,0.301,160.6,7.3,0.564,0.584,44,0.341,22,0.524,0.237,0.095,0.002,0.007,0.0,0.0,0.001,0.05,0.11,0.04,0.09,0.02,0.02,0.07,Sports Reference 2025-26,-4.1,-3.3,-0.8,10.0,0.3,0.03,Gr,,,,,,,,,,,,,tracking,67.0,42.0,0.627,0.511,21.0,10.0,0.476,0.16,15.0,0.333,0.115,28.0,0.357,0.214,5.0,10.0
indiana_state_bruno_alocen,Bruno Alocen,indiana_state,G,Jr,32,681.6,21.3,0.254,201.6,6.3,0.485,0.505,122,0.303,51,0.8,0.155,0.211,0.001,0.006,0.0,0.0,0.001,0.01,0.07,0.05,0.03,0.02,0.0,0.04,Sports Reference 2025-26,-0.9,-1.3,0.3,10.3,1.3,0.076,Jr,,,,,,,,,,,,,tracking,27.0,18.0,0.667,0.161,19.0,8.0,0.421,0.113,43.0,0.302,0.256,79.0,0.304,0.47,13.0,24.0
indiana_state_jo_van_buggenhout,Jo Van Buggenhout,indiana_state,G,Jr,26,543.4,20.9,0.278,163.8,6.3,0.477,0.497,81,0.288,29,0.643,0.193,0.35,0.001,0.005,0.0,0.0,0.001,0.01,0.07,0.12,0.06,0.02,0.0,0.04,Sports Reference 2025-26,-1.5,-1.3,-0.2,10.5,0.8,0.058,Sr,,,,,,,,,,,,,tracking,29.0,19.0,0.655,0.191,43.0,19.0,0.442,0.283,28.0,0.286,0.184,52.0,0.288,0.342,8.0,15.0
indiana_state_enel_st_bernard,Enel St. Bernard,indiana_state,F,Jr,31,564.2,18.2,0.201,182.9,5.9,0.669,0.689,3,0.0,65,0.394,0.16,0.16,0.004,0.011,0.001,0.001,0.001,0.06,0.12,0.03,0.03,0.03,0.03,0.05,Sports Reference 2025-26,2.5,0.4,2.2,20.2,2.1,0.148,Sr,,,,,,,,,,,,,tracking,107.0,76.0,0.71,0.907,9.0,3.0,0.333,0.076,1.0,0.0,0.008,1.0,0.0,0.008,0.0,0.0
grand_canyon_jaden_henley,Jaden Henley,grand_canyon,G,Jr,32,1004.8,31.4,0.35,566.4,17.7,0.506,0.526,122,0.268,205,0.756,0.153,0.158,0.001,0.009,0.001,0.0,0.001,0.02,0.16,0.09,0.09,0.05,0.01,0.07,Sports Reference 2025-26,6.4,2.9,3.5,20.6,4.1,0.163,Gr,,,,,,,,,,,,,tracking,194.0,125.0,0.644,0.469,93.0,33.0,0.355,0.225,44.0,0.273,0.106,83.0,0.265,0.2,12.0,22.0
grand_canyon_makaih_williams,Makaih Williams,grand_canyon,G,Jr,32,867.2,27.1,0.35,448.0,14.0,0.513,0.533,166,0.335,131,0.786,0.121,0.179,0.001,0.004,0.0,0.0,0.001,0.03,0.06,0.08,0.05,0.03,0.01,0.08,Sports Reference 2025-26,5.9,3.8,2.1,17.7,3.4,0.159,Sr,,,,,,,,,,,,,tracking,118.0,66.0,0.559,0.344,55.0,23.0,0.418,0.16,59.0,0.339,0.172,111.0,0.342,0.324,20.0,38.0
grand_canyon_brian_moore_jr_,Brian Moore Jr.,grand_canyon,G,Jr,29,800.4,27.6,0.349,275.5,9.5,0.54,0.56,49,0.408,90,0.697,0.164,0.266,0.001,0.004,0.0,0.0,0.001,0.02,0.06,0.09,0.06,0.02,0.0,0.07,Sports Reference 2025-26,1.5,-0.1,1.6,12.7,2.3,0.117,Gr,,,,,,,,,,,,,tracking,96.0,58.0,0.604,0.464,57.0,20.0,0.351,0.275,19.0,0.421,0.092,35.0,0.4,0.169,8.0,14.0
grand_canyon_nana_owusu_anane,Nana Owusu-Anane,grand_canyon,F,Jr,32,1040.0,32.5,0.344,297.6,9.3,0.521,0.541,118,0.359,61,0.726,0.125,0.187,0.003,0.01,0.001,0.0,0.001,0.07,0.19,0.06,0.04,0.04,0.03,0.08,Sports Reference 2025-26,6.1,2.3,3.8,16.1,4.0,0.155,Gr,,,,,,,,,,,,,tracking,80.0,46.0,0.575,0.321,48.0,17.0,0.354,0.193,42.0,0.381,0.169,79.0,0.367,0.317,16.0,29.0
grand_canyon_efe_demirel,Efe Demirel,grand_canyon,C,Jr,32,720.0,22.5,0.274,272.0,8.5,0.63,0.65,0,0.0,93,0.75,0.169,0.039,0.004,0.008,0.0,0.001,0.002,0.07,0.1,0.01,0.04,0.02,0.03,0.08,Sports Reference 2025-26,3.5,0.7,2.8,18.6,3.1,0.171,So,,,,,,,,,,,,,tracking,129.0,94.0,0.729,0.787,34.0,9.0,0.265,0.207,0.0,,0.0,1.0,0.0,0.006,0.0,0.0
grand_canyon_caleb_shaw,Caleb Shaw,grand_canyon,G,Jr,21,438.9,20.9,0.28,163.8,7.8,0.588,0.608,74,0.37,17,0.647,0.166,0.178,0.002,0.008,0.0,0.0,0.001,0.04,0.14,0.07,0.06,0.02,0.0,0.09,Sports Reference 2025-26,3.9,1.7,2.1,14.3,1.4,0.129,Sr,,,,,,,,,,,,,tracking,46.0,31.0,0.674,0.341,12.0,5.0,0.417,0.089,27.0,0.37,0.2,50.0,0.38,0.37,10.0,19.0
grand_canyon_dusty_stromer,Dusty Stromer,grand_canyon,G,Jr,32,723.2,22.6,0.265,204.8,6.4,0.457,0.477,115,0.333,45,0.8,0.135,0.148,0.001,0.005,0.0,0.0,0.001,0.02,0.06,0.03,0.03,0.02,0.0,0.06,Sports Reference 2025-26,-0.3,-1.6,1.3,8.5,1.5,0.084,Sr,,,,,,,,,,,,,tracking,29.0,13.0,0.448,0.157,39.0,13.0,0.333,0.211,41.0,0.341,0.222,76.0,0.329,0.411,14.0,25.0
grand_canyon_wilhelm_breidenbach,Wilhelm Breidenbach,grand_canyon,F,Jr,29,362.5,12.5,0.117,78.3,2.7,0.413,0.433,29,0.133,32,0.806,0.183,0.213,0.003,0.006,0.0,0.0,0.003,0.03,0.04,0.02,0.02,0.01,0.01,0.08,Sports Reference 2025-26,-0.1,-3.3,3.2,9.4,1.0,0.108,Gr,,,,,,,,,,,,,tracking,25.0,18.0,0.72,0.397,7.0,2.0,0.286,0.111,11.0,0.091,0.175,20.0,0.15,0.317,1.0,3.0
alabama_drew_fielder,Drew Fielder,alabama,F,Jr,32,758.4,23.7,0.35,470.4,14.7,0.608,0.628,93,0.409,122,0.785,0.13,0.099,0.003,0.009,0.0,0.0,0.001,0.06,0.12,0.04,0.05,0.01,0.02,0.07,Sports Reference 2025-26 · 2026-27 transfer from Boise State,7.9,6.5,1.3,25.8,3.8,0.199,Sr,,,,,,,,,,,,,tracking,129.0,85.0,0.659,0.419,86.0,45.0,0.523,0.279,33.0,0.394,0.107,60.0,0.417,0.195,13.0,25.0
arizona_derek_dixon,Derek Dixon,arizona,G,Jr,33,735.9,22.3,0.262,214.5,6.5,0.497,0.517,125,0.397,33,0.818,0.163,0.35,0.001,0.005,0.0,0.0,0.001,0.01,0.06,0.08,0.04,0.01,0.0,0.03,Sports Reference 2025-26 · 2026-27 transfer from North Carolina,3.6,1.7,2.0,10.8,1.7,0.09,So,,,,,,,,,,,,,tracking,27.0,8.0,0.296,0.153,31.0,10.0,0.323,0.175,42.0,0.381,0.237,77.0,0.403,0.435,16.0,31.0
arizona_state_paulius_murauskas,Paulius Murauskas,arizona_state,F,Jr,33,1062.6,32.2,0.35,607.2,18.4,0.525,0.545,109,0.333,201,0.84,0.105,0.123,0.002,0.01,0.0,0.0,0.001,0.06,0.17,0.06,0.05,0.02,0.02,0.07,Sports Reference 2025-26 · 2026-27 transfer from Saint Marys,7.8,5.2,2.6,23.5,6.1,0.229,Sr,,,,,,,,,,,,,tracking,158.0,101.0,0.639,0.386,125.0,53.0,0.424,0.306,44.0,0.364,0.108,82.0,0.366,0.2,16.0,30.0
arkansas_jeremiah_wilkinson,Jeremiah Wilkinson,arkansas,G,Jr,31,796.7,25.7,0.35,539.4,17.4,0.506,0.526,220,0.357,158,0.786,0.083,0.101,0.001,0.003,0.001,0.0,0.001,0.01,0.05,0.05,0.05,0.05,0.01,0.05,Sports Reference 2025-26 · 2026-27 transfer from Georgia,6.8,5.1,1.7,21.9,3.3,0.166,Jr,,,,,,,,,,,,,tracking,139.0,74.0,0.532,0.358,43.0,13.0,0.302,0.111,72.0,0.347,0.186,134.0,0.351,0.345,25.0,47.0
byu_collin_chandler,Collin Chandler,byu,G,Jr,36,975.6,27.1,0.323,349.2,9.7,0.575,0.595,176,0.41,61,0.833,0.122,0.254,0.001,0.005,0.001,0.0,0.001,0.01,0.07,0.06,0.03,0.03,0.01,0.06,Sports Reference 2025-26 · 2026-27 transfer from Kentucky,6.9,3.2,3.7,14.8,3.1,0.126,Jr,,,,,,,,,,,,,tracking,52.0,31.0,0.596,0.212,29.0,8.0,0.276,0.118,57.0,0.421,0.233,107.0,0.43,0.437,24.0,46.0
creighton_oswin_erhunmwunse,Oswin Erhunmwunse,creighton,F,Jr,33,825.0,25.0,0.239,227.7,6.9,0.673,0.693,0,0.0,59,0.525,0.209,0.12,0.005,0.012,0.0,0.002,0.002,0.09,0.16,0.02,0.04,0.01,0.06,0.1,Sports Reference 2025-26 · 2026-27 transfer from Providence,3.8,1.4,2.3,17.6,2.5,0.119,Jr,,,,,,,,,,,,,tracking,126.0,91.0,0.722,0.857,21.0,8.0,0.381,0.143,0.0,,0.0,0.0,,0.0,0.0,0.0
depaul_magoon_gwath,Magoon Gwath,depaul,F,Jr,25,475.0,19.0,0.316,222.5,8.9,0.583,0.603,45,0.435,65,0.606,0.17,0.034,0.004,0.008,0.0,0.001,0.001,0.07,0.1,0.01,0.06,0.02,0.06,0.07,Sports Reference 2025-26 · 2026-27 transfer from San Diego State,5.3,2.2,3.1,19.2,1.6,0.136,Jr,,,,,,,,,,,,,tracking,69.0,45.0,0.652,0.442,41.0,16.0,0.39,0.263,16.0,0.438,0.103,30.0,0.433,0.192,7.0,13.0
duke_john_blackwell,John Blackwell,duke,G,Jr,34,1149.2,33.8,0.35,649.4,19.1,0.534,0.554,248,0.389,184,0.859,0.096,0.13,0.001,0.006,0.0,0.0,0.001,0.04,0.11,0.07,0.05,0.03,0.0,0.07,Sports Reference 2025-26 · 2026-27 transfer from Wisconsin,7.7,6.1,1.7,20.6,4.6,0.162,Sr,,,,,,,,,,,,,tracking,98.0,55.0,0.561,0.22,100.0,41.0,0.41,0.225,86.0,0.384,0.193,161.0,0.379,0.362,33.0,61.0
georgetown_elmarko_jackson,Elmarko Jackson,georgetown,G,Jr,34,605.2,17.8,0.198,163.2,4.8,0.444,0.464,44,0.372,65,0.825,0.181,0.253,0.0,0.005,0.0,0.0,0.001,0.0,0.05,0.04,0.03,0.02,0.01,0.05,Sports Reference 2025-26 · 2026-27 transfer from Kansas,3.3,-1.5,4.8,10.2,1.4,0.094,Jr,,,,,,,,,,,,,tracking,34.0,16.0,0.471,0.286,42.0,12.0,0.286,0.353,15.0,0.4,0.126,28.0,0.357,0.235,6.0,10.0
georgetown_jaland_lowe,Jaland Lowe,georgetown,G,Jr,9,165.6,18.4,0.344,72.0,8.0,0.396,0.416,24,0.208,27,0.704,0.094,0.249,0.001,0.005,0.0,0.0,0.001,0.03,0.2,0.27,0.1,0.08,0.02,0.14,Sports Reference 2025-26 · 2026-27 transfer from Kentucky,4.3,1.7,2.6,14.1,0.4,0.087,Sr,,,,,,,,,,,,,tracking,26.0,11.0,0.423,0.388,17.0,8.0,0.471,0.254,8.0,0.25,0.119,16.0,0.188,0.239,2.0,3.0
georgetown_josiah_parker,Josiah Parker,georgetown,G,Jr,32,697.6,21.8,0.35,307.2,9.6,0.517,0.537,26,0.16,99,0.616,0.129,0.119,0.003,0.011,0.0,0.0,0.001,0.06,0.13,0.04,0.04,0.02,0.01,0.06,Sports Reference 2025-26 · 2026-27 transfer from Florida Atlantic,1.6,0.8,0.8,18.0,2.3,0.13,So,,,,,,,,,,,,,tracking,137.0,92.0,0.672,0.576,76.0,25.0,0.329,0.319,9.0,0.111,0.038,16.0,0.188,0.067,1.0,3.0
georgetown_vyctorius_miller,Vyctorius Miller,georgetown,G,Jr,32,816.0,25.5,0.35,345.6,10.8,0.508,0.528,122,0.375,106,0.857,0.147,0.166,0.001,0.004,0.001,0.0,0.001,0.02,0.06,0.06,0.05,0.03,0.01,0.08,Sports Reference 2025-26 · 2026-27 transfer from Oklahoma State,2.9,1.3,1.6,14.1,1.9,0.094,Jr,,,,,,,,,,,,,tracking,77.0,38.0,0.494,0.314,50.0,21.0,0.42,0.204,41.0,0.366,0.167,77.0,0.364,0.314,15.0,28.0
gonzaga_isiah_harwell,Isiah Harwell,gonzaga,G,Jr,32,441.6,13.8,0.169,115.2,3.6,0.368,0.388,86,0.271,32,0.613,0.063,0.105,0.001,0.006,0.001,0.0,0.001,0.02,0.05,0.02,0.01,0.02,0.01,0.04,Sports Reference 2025-26 · 2026-27 transfer from Houston,3.4,-1.1,4.5,8.9,1.1,0.098,So,,,,,,,,,,,,,tracking,11.0,6.0,0.545,0.087,32.0,7.0,0.219,0.252,29.0,0.276,0.228,55.0,0.273,0.433,8.0,15.0
gonzaga_massamba_diop,Massamba Diop,gonzaga,C,Jr,33,976.8,29.6,0.35,448.8,13.6,0.582,0.602,26,0.308,145,0.715,0.148,0.086,0.003,0.007,0.0,0.001,0.001,0.06,0.12,0.03,0.06,0.02,0.06,0.06,Sports Reference 2025-26 · 2026-27 transfer from Arizona State,5.9,3.1,2.8,20.2,3.0,0.121,So,,,,,,,,,,,,,tracking,153.0,109.0,0.712,0.515,118.0,52.0,0.441,0.397,9.0,0.333,0.03,17.0,0.294,0.057,3.0,5.0
houston_dedan_thomas_jr_,Dedan Thomas Jr.,houston,G,Jr,16,470.4,29.4,0.35,244.8,15.3,0.494,0.514,43,0.302,78,0.833,0.106,0.35,0.0,0.004,0.0,0.0,0.001,0.02,0.15,0.41,0.1,0.06,0.02,0.09,Sports Reference 2025-26 · 2026-27 transfer from Lsu,7.0,6.4,0.6,23.3,2.0,0.171,Sr,,,,,,,,,,,,,tracking,51.0,33.0,0.647,0.321,66.0,26.0,0.394,0.415,15.0,0.333,0.094,27.0,0.37,0.17,5.0,10.0
illinois_stefan_vaaks,Stefan Vaaks,illinois,G,Jr,31,976.5,31.5,0.35,489.8,15.8,0.522,0.542,260,0.35,112,0.839,0.12,0.203,0.001,0.003,0.0,0.0,0.001,0.02,0.06,0.1,0.06,0.03,0.01,0.05,Sports Reference 2025-26 · 2026-27 transfer from Providence,4.3,4.7,-0.5,16.4,2.6,0.107,So,,,,,,,,,,,,,tracking,64.0,41.0,0.641,0.168,56.0,21.0,0.375,0.147,91.0,0.352,0.239,169.0,0.349,0.445,32.0,59.0
indiana_aiden_sherrell,Aiden Sherrell,indiana,F,Jr,34,812.6,23.9,0.345,377.4,11.1,0.595,0.615,82,0.338,129,0.713,0.093,0.114,0.004,0.009,0.0,0.002,0.001,0.07,0.11,0.03,0.03,0.02,0.06,0.06,Sports Reference 2025-26 · 2026-27 transfer from Alabama,9.6,5.7,3.9,23.7,3.7,0.18,Jr,,,,,,,,,,,,,tracking,135.0,90.0,0.667,0.631,11.0,6.0,0.545,0.051,24.0,0.333,0.112,44.0,0.318,0.206,8.0,14.0
indiana_markus_burton,Markus Burton,indiana,G,Jr,10,301.0,30.1,0.35,185.0,18.5,0.53,0.55,36,0.306,48,0.917,0.144,0.205,0.001,0.004,0.001,0.0,0.001,0.06,0.22,0.37,0.26,0.16,0.01,0.29,Sports Reference 2025-26 · 2026-27 transfer from Notre Dame,8.2,4.9,3.4,23.6,1.2,0.162,Sr,,,,,,,,,,,,,tracking,51.0,32.0,0.627,0.383,46.0,22.0,0.478,0.346,13.0,0.308,0.098,23.0,0.304,0.173,4.0,7.0
indiana_samet_yigitoglu,Samet Yigitoglu,indiana,C,Jr,34,982.6,28.9,0.35,363.8,10.7,0.628,0.648,0,0.0,105,0.495,0.164,0.154,0.005,0.008,0.0,0.001,0.002,0.11,0.13,0.05,0.05,0.01,0.04,0.1,Sports Reference 2025-26 · 2026-27 transfer from Smu,3.7,2.1,1.5,18.6,3.2,0.129,Jr,,,,,,,,,,,,,tracking,163.0,115.0,0.706,0.674,78.0,36.0,0.462,0.322,0.0,,0.0,1.0,0.0,0.004,0.0,0.0
iowa_andrew_mckeever,Andrew McKeever,iowa,C,Jr,33,765.6,23.2,0.333,270.6,8.2,0.5,0.52,0,0.0,92,0.628,0.182,0.193,0.007,0.013,0.0,0.001,0.001,0.12,0.16,0.05,0.05,0.02,0.02,0.06,Sports Reference 2025-26 · 2026-27 transfer from Saint Marys,5.5,2.5,2.9,20.7,3.5,0.18,Jr,,,,,,,,,,,,,tracking,140.0,80.0,0.571,0.676,58.0,22.0,0.379,0.28,3.0,0.333,0.014,6.0,0.333,0.029,1.0,2.0
iowa_state_jaquan_johnson,Jaquan Johnson,iowa_state,G,Jr,34,1033.6,30.4,0.35,574.6,16.9,0.489,0.509,139,0.383,218,0.784,0.086,0.221,0.001,0.005,0.001,0.0,0.001,0.03,0.09,0.11,0.04,0.07,0.0,0.07,Sports Reference 2025-26 · 2026-27 transfer from Bradley,7.4,4.6,2.8,24.6,5.1,0.199,Jr,,,,,,,,,,,,,tracking,152.0,83.0,0.546,0.38,109.0,36.0,0.33,0.273,49.0,0.388,0.122,90.0,0.378,0.225,19.0,34.0
kansas_keanu_dawes,Keanu Dawes,kansas,F,Jr,32,985.6,30.8,0.35,400.0,12.5,0.605,0.625,102,0.317,99,0.724,0.154,0.189,0.003,0.012,0.0,0.0,0.001,0.06,0.21,0.07,0.06,0.02,0.01,0.05,Sports Reference 2025-26 · 2026-27 transfer from Utah,5.3,4.6,0.7,19.6,3.0,0.121,Sr,,,,,,,,,,,,,tracking,133.0,94.0,0.707,0.502,34.0,20.0,0.588,0.128,34.0,0.324,0.128,64.0,0.328,0.242,11.0,21.0
kentucky_zoom_diallo,Zoom Diallo,kentucky,G,Jr,33,976.8,29.6,0.35,518.1,15.7,0.517,0.537,73,0.315,125,0.825,0.153,0.275,0.001,0.006,0.0,0.0,0.001,0.03,0.09,0.14,0.08,0.02,0.0,0.08,Sports Reference 2025-26 · 2026-27 transfer from Washington,5.4,4.1,1.3,19.4,3.3,0.134,Jr,,,,,,,,,,,,,tracking,133.0,78.0,0.586,0.332,192.0,93.0,0.484,0.479,27.0,0.333,0.067,49.0,0.327,0.122,9.0,16.0
florida_denzel_aberdeen,Denzel Aberdeen,florida,G,Jr,36,1101.6,30.6,0.35,486.0,13.5,0.516,0.536,173,0.363,122,0.798,0.099,0.258,0.001,0.003,0.0,0.0,0.001,0.02,0.05,0.09,0.04,0.02,0.0,0.05,Sports Reference 2025-26 · 2026-27 transfer from Kentucky,5.5,4.2,1.3,15.9,3.5,0.127,Gr,,,,,,,,,,,,,tracking,77.0,50.0,0.649,0.221,118.0,46.0,0.39,0.338,54.0,0.352,0.155,100.0,0.35,0.287,19.0,35.0
louisville_alvaro_folgueiras,Alvaro Folgueiras,louisville,F,Jr,37,765.9,20.7,0.283,310.8,8.4,0.586,0.606,107,0.333,85,0.767,0.152,0.278,0.002,0.007,0.001,0.0,0.001,0.02,0.07,0.06,0.03,0.02,0.01,0.05,Sports Reference 2025-26 · 2026-27 transfer from Iowa,8.6,5.0,3.6,20.4,3.4,0.177,Sr,,,,,,,,,,,,,tracking,80.0,59.0,0.738,0.426,13.0,3.0,0.231,0.069,33.0,0.333,0.176,62.0,0.323,0.33,11.0,20.0
louisville_flory_bidunga,Flory Bidunga,louisville,F,Jr,35,1102.5,31.5,0.35,465.5,13.3,0.64,0.66,4,0.0,108,0.654,0.129,0.129,0.004,0.01,0.0,0.001,0.001,0.09,0.17,0.04,0.04,0.02,0.07,0.07,Sports Reference 2025-26 · 2026-27 transfer from Kansas,10.7,5.1,5.6,24.4,5.6,0.202,Jr,,,,,,,,,,,,,tracking,206.0,157.0,0.762,0.703,85.0,32.0,0.376,0.29,1.0,0.0,0.003,1.0,0.0,0.003,0.0,0.0
louisville_jackson_shelstad,Jackson Shelstad,louisville,G,Jr,12,417.6,34.8,0.35,187.2,15.6,0.488,0.508,106,0.314,26,0.846,0.107,0.29,0.0,0.004,0.0,0.0,0.001,0.02,0.22,0.41,0.15,0.12,0.01,0.14,Sports Reference 2025-26 · 2026-27 transfer from Oregon,3.4,2.7,0.7,16.6,1.0,0.1,Sr,,,,,,,,,,,,,tracking,26.0,18.0,0.692,0.154,38.0,15.0,0.395,0.225,37.0,0.324,0.219,68.0,0.309,0.402,12.0,21.0
louisville_karter_knox,Karter Knox,louisville,F,Jr,22,488.4,22.2,0.284,178.2,8.1,0.554,0.574,68,0.377,33,0.727,0.126,0.151,0.002,0.008,0.0,0.0,0.001,0.06,0.15,0.05,0.05,0.03,0.02,0.09,Sports Reference 2025-26 · 2026-27 transfer from Arkansas,4.5,2.5,2.0,15.1,1.3,0.11,Jr,,,,,,,,,,,,,tracking,49.0,31.0,0.633,0.353,21.0,7.0,0.333,0.151,24.0,0.375,0.173,45.0,0.378,0.324,9.0,17.0
lsu_mouhamed_dioubate,Mouhamed Dioubate,lsu,F,Jr,31,669.6,21.6,0.292,272.8,8.8,0.559,0.579,28,0.214,112,0.652,0.098,0.122,0.004,0.008,0.001,0.001,0.002,0.07,0.11,0.03,0.03,0.03,0.03,0.08,Sports Reference 2025-26 · 2026-27 transfer from Kentucky,7.8,3.9,3.9,21.2,2.9,0.172,Sr,,,,,,,,,,,,,tracking,101.0,68.0,0.673,0.601,41.0,16.0,0.39,0.244,9.0,0.222,0.054,17.0,0.176,0.101,2.0,3.0
marquette_sananda_fru,Sananda Fru,marquette,F,Jr,35,770.0,22.0,0.266,315.0,9.0,0.765,0.72,7,0.5,91,0.611,0.188,0.161,0.005,0.008,0.0,0.001,0.001,0.08,0.09,0.03,0.04,0.01,0.04,0.07,Sports Reference 2025-26 · 2026-27 transfer from Louisville,8.9,5.0,3.9,23.1,3.9,0.202,Sr,,,,,,,,,,,,,tracking,144.0,114.0,0.792,0.889,10.0,5.0,0.5,0.062,3.0,0.333,0.019,5.0,0.6,0.031,1.0,3.0
maryland_tomislav_buljan,Tomislav Buljan,maryland,F,Jr,35,906.5,25.9,0.35,458.5,13.1,0.553,0.573,24,0.308,168,0.607,0.137,0.114,0.006,0.013,0.001,0.0,0.001,0.11,0.18,0.04,0.05,0.03,0.01,0.06,Sports Reference 2025-26 · 2026-27 transfer from New Mexico,6.1,4.9,1.2,25.0,4.6,0.202,So,,,,,,,,,,,,,tracking,212.0,131.0,0.618,0.785,39.0,10.0,0.256,0.144,7.0,0.143,0.026,12.0,0.25,0.044,1.0,3.0
miami_acaden_lewis,Acaden Lewis,miami,G,Jr,33,1006.5,30.5,0.35,402.6,12.2,0.496,0.516,99,0.27,102,0.583,0.158,0.35,0.001,0.005,0.001,0.0,0.001,0.01,0.08,0.16,0.07,0.06,0.0,0.06,Sports Reference 2025-26 · 2026-27 transfer from Villanova,5.5,2.1,3.4,17.3,3.1,0.123,So,,,,,,,,,,,,,tracking,160.0,100.0,0.625,0.482,76.0,28.0,0.368,0.229,34.0,0.265,0.102,62.0,0.274,0.187,9.0,17.0
michigan_j_p_estrella,J.P. Estrella,michigan,F,Jr,33,603.9,18.3,0.32,330.0,10.0,0.604,0.624,10,0.4,73,0.634,0.1,0.089,0.006,0.008,0.0,0.0,0.002,0.08,0.08,0.02,0.03,0.01,0.01,0.06,Sports Reference 2025-26 · 2026-27 transfer from Tennessee,8.1,6.2,2.0,25.0,3.0,0.2,Jr,,,,,,,,,,,,,tracking,129.0,87.0,0.674,0.639,63.0,33.0,0.524,0.312,4.0,0.25,0.02,6.0,0.5,0.03,1.0,3.0
michigan_moustapha_thiam,Moustapha Thiam,michigan,C,Jr,31,843.2,27.2,0.35,396.8,12.8,0.549,0.569,53,0.288,99,0.633,0.111,0.04,0.003,0.01,0.0,0.001,0.001,0.07,0.16,0.02,0.05,0.03,0.05,0.06,Sports Reference 2025-26 · 2026-27 transfer from Cincinnati,5.8,2.1,3.7,20.2,3.4,0.161,Jr,,,,,,,,,,,,,tracking,95.0,69.0,0.726,0.311,158.0,76.0,0.481,0.518,18.0,0.278,0.059,34.0,0.294,0.111,5.0,10.0
missouri_bryson_tiller,Bryson Tiller,missouri,F,Jr,35,906.5,25.9,0.334,276.5,7.9,0.48,0.5,52,0.269,84,0.694,0.192,0.107,0.002,0.01,0.0,0.001,0.001,0.05,0.13,0.03,0.05,0.01,0.04,0.05,Sports Reference 2025-26 · 2026-27 transfer from Kansas,3.5,-0.4,3.9,12.6,2.0,0.089,So,,,,,,,,,,,,,tracking,92.0,60.0,0.652,0.422,75.0,26.0,0.347,0.344,18.0,0.278,0.083,33.0,0.273,0.151,5.0,9.0
missouri_jamier_jones,Jamier Jones,missouri,F,Jr,31,796.7,25.7,0.35,368.9,11.9,0.595,0.615,31,0.387,130,0.664,0.152,0.126,0.002,0.007,0.0,0.0,0.001,0.04,0.11,0.05,0.05,0.03,0.01,0.07,Sports Reference 2025-26 · 2026-27 transfer from Providence,3.5,2.5,1.0,17.8,2.2,0.113,So,,,,,,,,,,,,,tracking,186.0,119.0,0.64,0.785,20.0,4.0,0.2,0.084,11.0,0.364,0.046,20.0,0.4,0.084,4.0,8.0
north_carolina_matt_able,Matt Able,north_carolina,G,Jr,34,741.2,21.8,0.322,299.2,8.8,0.514,0.534,139,0.355,54,0.796,0.1,0.1,0.001,0.007,0.001,0.0,0.001,0.02,0.08,0.03,0.03,0.04,0.01,0.06,Sports Reference 2025-26 · 2026-27 transfer from Nc State,4.5,2.1,2.4,15.6,2.0,0.107,So,,,,,,,,,,,,,tracking,64.0,35.0,0.547,0.268,43.0,17.0,0.395,0.18,46.0,0.37,0.192,86.0,0.36,0.36,17.0,31.0
north_carolina_neoklis_avdalas,Neoklis Avdalas,north_carolina,G,Jr,31,982.7,31.7,0.35,375.1,12.1,0.46,0.48,155,0.314,102,0.673,0.152,0.318,0.0,0.005,0.0,0.0,0.001,0.0,0.1,0.15,0.07,0.02,0.02,0.04,Sports Reference 2025-26 · 2026-27 transfer from Virginia Tech,2.7,1.8,0.9,12.8,1.8,0.072,So,,,,,,,,,,,,,tracking,74.0,49.0,0.662,0.222,99.0,29.0,0.293,0.296,56.0,0.321,0.168,105.0,0.314,0.314,18.0,33.0
north_carolina_terrence_brown,Terrence Brown,north_carolina,G,Jr,32,1011.2,31.6,0.35,636.8,19.9,0.486,0.506,99,0.327,205,0.775,0.116,0.184,0.0,0.004,0.001,0.0,0.001,0.01,0.07,0.12,0.07,0.04,0.0,0.05,Sports Reference 2025-26 · 2026-27 transfer from Utah,4.1,4.2,-0.1,21.2,2.7,0.105,Sr,,,,,,,,,,,,,tracking,3.0,3.0,1.0,0.75,1.0,0.0,0.0,0.25,0.0,,0.0,0.0,,0.0,0.0,0.0
ohio_state_justin_pippen,Justin Pippen,ohio_state,G,Jr,32,985.6,30.8,0.35,454.4,14.2,0.446,0.466,166,0.327,163,0.827,0.151,0.29,0.001,0.006,0.001,0.0,0.001,0.02,0.1,0.14,0.07,0.06,0.02,0.07,Sports Reference 2025-26 · 2026-27 transfer from California,6.4,2.8,3.6,18.4,3.3,0.132,Jr,,,,,,,,,,,,,tracking,102.0,51.0,0.5,0.301,80.0,24.0,0.3,0.236,55.0,0.327,0.162,102.0,0.324,0.301,18.0,33.0
oklahoma_state_julius_halaifonua,Julius Halaifonua,oklahoma_state,C,Jr,32,633.6,19.8,0.283,304.0,9.5,0.624,0.644,22,0.273,96,0.747,0.101,0.164,0.003,0.008,0.0,0.001,0.002,0.05,0.09,0.04,0.03,0.01,0.02,0.08,Sports Reference 2025-26 · 2026-27 transfer from Georgetown,6.8,4.7,2.0,23.1,3.0,0.19,Jr,,,,,,,,,,,,,tracking,110.0,83.0,0.755,0.591,54.0,24.0,0.444,0.29,8.0,0.25,0.043,14.0,0.286,0.075,2.0,4.0
oklahoma_state_luka_bogavac,Luka Bogavac,oklahoma_state,G,Jr,33,801.9,24.3,0.35,323.4,9.8,0.498,0.518,148,0.349,73,0.736,0.116,0.212,0.001,0.004,0.0,0.0,0.001,0.02,0.06,0.07,0.04,0.01,0.0,0.04,Sports Reference 2025-26 · 2026-27 transfer from North Carolina,3.0,1.8,1.2,12.9,2.1,0.102,So,,,,,,,,,,,,,tracking,71.0,37.0,0.521,0.273,44.0,16.0,0.364,0.169,51.0,0.353,0.196,94.0,0.362,0.362,18.0,34.0
ole_miss_adam_clark,Adam Clark,ole_miss,G,Jr,33,1009.8,30.6,0.35,419.1,12.7,0.45,0.47,40,0.22,129,0.746,0.172,0.324,0.001,0.004,0.001,0.0,0.001,0.02,0.07,0.15,0.08,0.06,0.0,0.09,Sports Reference 2025-26 · 2026-27 transfer from Seton Hall,3.7,0.3,3.4,16.2,2.9,0.116,Sr,,,,,,,,,,,,,tracking,94.0,49.0,0.521,0.27,214.0,95.0,0.444,0.615,14.0,0.214,0.04,26.0,0.231,0.075,3.0,6.0
oregon_dwayne_aristode,Dwayne Aristode,oregon,G,Jr,35,465.5,13.3,0.12,133.0,3.8,0.646,0.666,66,0.462,21,0.5,0.119,0.208,0.002,0.005,0.0,0.0,0.001,0.02,0.03,0.02,0.01,0.01,0.0,0.02,Sports Reference 2025-26 · 2026-27 transfer from Arizona,7.9,3.6,4.3,13.2,1.8,0.15,So,,,,,,,,,,,,,tracking,22.0,13.0,0.591,0.244,5.0,2.0,0.4,0.056,22.0,0.455,0.244,41.0,0.439,0.456,10.0,18.0
oregon_jasper_johnson,Jasper Johnson,oregon,G,Jr,35,420.0,12.0,0.2,171.5,4.9,0.503,0.523,91,0.341,24,0.88,0.178,0.285,0.001,0.004,0.0,0.0,0.001,0.01,0.03,0.05,0.03,0.0,0.0,0.03,Sports Reference 2025-26 · 2026-27 transfer from Kentucky,0.7,0.8,-0.1,11.4,0.8,0.073,So,,,,,,,,,,,,,tracking,4.0,2.0,0.5,0.333,0.0,0.0,,0.0,3.0,0.333,0.25,5.0,0.2,0.417,1.0,1.0
pittsburgh_baye_ndongo,Baye Ndongo,pittsburgh,F,Jr,27,731.7,27.1,0.35,318.6,11.8,0.567,0.587,14,0.357,89,0.716,0.197,0.197,0.004,0.011,0.0,0.001,0.001,0.11,0.2,0.09,0.09,0.03,0.04,0.11,Sports Reference 2025-26 · 2026-27 transfer from Georgia Tech,4.1,2.0,2.1,19.8,2.3,0.127,Sr,,,,,,,,,,,,,tracking,146.0,98.0,0.671,0.649,65.0,22.0,0.338,0.289,5.0,0.4,0.022,9.0,0.333,0.04,2.0,3.0
providence_malik_mack,Malik Mack,providence,G,Jr,34,1098.2,32.3,0.35,462.4,13.6,0.45,0.47,187,0.298,122,0.818,0.129,0.265,0.0,0.004,0.0,0.0,0.001,0.01,0.08,0.12,0.06,0.03,0.0,0.05,Sports Reference 2025-26 · 2026-27 transfer from Georgetown,2.3,2.1,0.2,14.1,2.3,0.084,Sr,,,,,,,,,,,,,tracking,101.0,52.0,0.515,0.25,115.0,46.0,0.4,0.285,66.0,0.303,0.163,122.0,0.295,0.302,20.0,36.0
providence_miles_byrd,Miles Byrd,providence,G,Jr,33,924.0,28.0,0.35,343.2,10.4,0.482,0.502,142,0.308,89,0.795,0.163,0.222,0.001,0.008,0.001,0.001,0.001,0.02,0.13,0.08,0.06,0.06,0.04,0.06,Sports Reference 2025-26 · 2026-27 transfer from San Diego State,8.5,2.5,6.0,16.8,3.0,0.131,Sr,,,,,,,,,,,,,tracking,95.0,56.0,0.589,0.325,49.0,16.0,0.327,0.168,52.0,0.288,0.178,96.0,0.302,0.329,15.0,29.0
st_johns_donnie_freeman,Donnie Freeman,st_johns,F,Jr,23,719.9,31.3,0.35,379.5,16.5,0.523,0.543,85,0.302,133,0.767,0.15,0.078,0.001,0.011,0.0,0.001,0.001,0.04,0.27,0.06,0.11,0.03,0.04,0.12,Sports Reference 2025-26 · 2026-27 transfer from Syracuse,3.8,2.2,1.5,19.6,2.3,0.127,Jr,,,,,,,,,,,,,tracking,90.0,60.0,0.667,0.338,86.0,39.0,0.453,0.323,31.0,0.29,0.117,59.0,0.305,0.222,9.0,18.0
tennessee_dai_dai_ames,Dai Dai Ames,tennessee,G,Jr,34,1081.2,31.8,0.35,574.6,16.9,0.527,0.547,150,0.376,119,0.85,0.103,0.134,0.0,0.003,0.0,0.0,0.001,0.01,0.05,0.06,0.05,0.02,0.0,0.08,Sports Reference 2025-26 · 2026-27 transfer from California,2.1,1.7,0.4,16.1,3.1,0.115,Sr,,,,,,,,,,,,,tracking,141.0,77.0,0.546,0.33,147.0,69.0,0.469,0.344,49.0,0.388,0.115,90.0,0.378,0.211,19.0,34.0
tennessee_jalen_haralson,Jalen Haralson,tennessee,G,Jr,27,718.2,26.6,0.35,437.4,16.2,0.523,0.543,24,0.2,181,0.674,0.161,0.155,0.002,0.005,0.0,0.0,0.001,0.06,0.09,0.1,0.1,0.02,0.01,0.09,Sports Reference 2025-26 · 2026-27 transfer from Notre Dame,4.7,4.2,0.5,20.8,2.0,0.113,So,,,,,,,,,,,,,tracking,182.0,116.0,0.637,0.605,94.0,34.0,0.362,0.312,9.0,0.222,0.03,16.0,0.188,0.053,2.0,3.0
tennessee_juke_harris,Juke Harris,tennessee,G,Jr,35,1228.5,35.1,0.35,749.0,21.4,0.527,0.547,262,0.332,248,0.783,0.085,0.095,0.001,0.008,0.0,0.0,0.001,0.04,0.15,0.05,0.05,0.04,0.01,0.06,Sports Reference 2025-26 · 2026-27 transfer from Wake Forest,7.1,6.4,0.7,22.6,5.1,0.165,Jr,,,,,,,,,,,,,tracking,147.0,88.0,0.599,0.288,106.0,52.0,0.491,0.207,90.0,0.344,0.176,168.0,0.339,0.329,31.0,57.0
tennessee_terrence_hill_jr_,Terrence Hill Jr.,tennessee,G,Jr,36,900.0,25.0,0.35,540.0,15.0,0.576,0.596,220,0.37,137,0.844,0.084,0.214,0.0,0.005,0.0,0.0,0.001,0.01,0.07,0.08,0.03,0.02,0.0,0.04,Sports Reference 2025-26 · 2026-27 transfer from Vcu,7.9,7.1,0.8,23.0,4.7,0.208,Jr,,,,,,,,,,,,,tracking,80.0,51.0,0.637,0.242,47.0,28.0,0.596,0.142,71.0,0.366,0.215,132.0,0.356,0.4,26.0,47.0
texas_david_punch,David Punch,texas,F,Jr,34,1009.8,29.7,0.35,479.4,14.1,0.518,0.538,48,0.239,170,0.653,0.119,0.14,0.003,0.009,0.001,0.001,0.001,0.06,0.14,0.06,0.05,0.04,0.06,0.08,Sports Reference 2025-26 · 2026-27 transfer from Tcu,8.4,3.2,5.2,21.7,4.1,0.161,Jr,,,,,,,,,,,,,tracking,179.0,111.0,0.62,0.539,108.0,47.0,0.435,0.325,16.0,0.312,0.048,29.0,0.276,0.087,5.0,8.0
texas_elyjah_freeman,Elyjah Freeman,texas,G,Jr,38,1018.4,26.8,0.336,349.6,9.2,0.509,0.529,103,0.343,114,0.699,0.117,0.127,0.003,0.007,0.001,0.0,0.001,0.05,0.09,0.03,0.03,0.03,0.02,0.04,Sports Reference 2025-26 · 2026-27 transfer from Auburn,5.3,3.1,2.2,16.7,2.8,0.109,Jr,,,,,,,,,,,,,tracking,105.0,63.0,0.6,0.457,39.0,10.0,0.256,0.17,30.0,0.333,0.13,56.0,0.339,0.243,10.0,19.0
texas_isaiah_johnson,Isaiah Johnson,texas,G,Jr,32,979.2,30.6,0.35,540.8,16.9,0.571,0.591,147,0.378,195,0.821,0.097,0.207,0.001,0.004,0.0,0.0,0.001,0.03,0.06,0.09,0.04,0.03,0.0,0.05,Sports Reference 2025-26 · 2026-27 transfer from Colorado,7.7,6.9,0.8,21.9,4.1,0.165,So,,,,,,,,,,,,,tracking,136.0,90.0,0.662,0.408,49.0,16.0,0.327,0.147,52.0,0.385,0.156,96.0,0.375,0.288,20.0,36.0
texas_mikey_lewis,Mikey Lewis,texas,G,Jr,33,884.4,26.8,0.35,458.7,13.9,0.486,0.506,185,0.368,92,0.882,0.097,0.146,0.001,0.005,0.0,0.0,0.001,0.01,0.07,0.06,0.04,0.02,0.01,0.04,Sports Reference 2025-26 · 2026-27 transfer from Saint Marys,5.0,3.2,1.8,16.8,3.6,0.165,Jr,,,,,,,,,,,,,tracking,120.0,58.0,0.483,0.315,71.0,24.0,0.338,0.186,66.0,0.379,0.173,124.0,0.371,0.325,25.0,46.0
texas_am_p_j_haggerty,PJ Haggerty,texas_am,G,Jr,31,1091.2,35.2,0.35,725.4,23.4,0.525,0.545,115,0.351,205,0.701,0.137,0.158,0.001,0.006,0.0,0.0,0.001,0.04,0.13,0.12,0.11,0.04,0.0,0.08,Sports Reference 2025-26 · 2026-27 transfer from Kansas State,4.4,4.2,0.1,20.0,3.0,0.109,Gr,,,,,,,,,,,,,tracking,228.0,147.0,0.645,0.412,212.0,84.0,0.396,0.383,40.0,0.35,0.072,73.0,0.356,0.132,14.0,26.0
texas_tech_dra_gibbs_lawhorn,Dra Gibbs-Lawhorn,texas_tech,G,Jr,35,1193.5,34.1,0.35,724.5,20.7,0.595,0.615,245,0.414,130,0.838,0.132,0.132,0.001,0.004,0.001,0.0,0.001,0.01,0.07,0.07,0.07,0.04,0.01,0.09,Sports Reference 2025-26 · 2026-27 transfer from Unlv,5.7,5.4,0.3,20.9,4.3,0.143,Sr,,,,,,,,,,,,,tracking,138.0,83.0,0.601,0.286,115.0,61.0,0.53,0.239,80.0,0.425,0.166,149.0,0.416,0.309,34.0,62.0
ucla_jaylen_petty,Jaylen Petty,ucla,G,Jr,33,1006.5,30.5,0.349,326.7,9.9,0.533,0.553,185,0.375,50,0.771,0.092,0.225,0.001,0.006,0.0,0.0,0.001,0.02,0.1,0.07,0.03,0.02,0.0,0.07,Sports Reference 2025-26 · 2026-27 transfer from Texas Tech,4.4,2.3,2.2,12.2,2.8,0.111,So,,,,,,,,,,,,,tracking,37.0,19.0,0.514,0.151,36.0,15.0,0.417,0.147,60.0,0.367,0.245,112.0,0.375,0.457,22.0,42.0
uconn_najai_hines,Najai Hines,uconn,C,Jr,31,558.0,18.0,0.212,201.5,6.5,0.602,0.622,0,0.0,59,0.69,0.135,0.101,0.005,0.009,0.0,0.002,0.002,0.08,0.1,0.02,0.03,0.01,0.07,0.08,Sports Reference 2025-26 · 2026-27 transfer from Seton Hall,8.0,2.8,5.2,24.2,2.8,0.198,So,,,,,,,,,,,,,tracking,111.0,70.0,0.631,0.847,20.0,9.0,0.45,0.153,0.0,,0.0,0.0,,0.0,0.0,0.0
uconn_nikolas_khamenia,Nikolas Khamenia,uconn,G,Jr,38,752.4,19.8,0.206,216.6,5.7,0.547,0.567,103,0.34,49,0.673,0.139,0.173,0.002,0.006,0.0,0.0,0.001,0.02,0.06,0.03,0.02,0.02,0.0,0.04,Sports Reference 2025-26 · 2026-27 transfer from Duke,5.9,1.7,4.2,12.3,2.8,0.148,So,,,,,,,,,,,,,tracking,47.0,32.0,0.681,0.307,12.0,5.0,0.417,0.078,33.0,0.333,0.216,61.0,0.344,0.399,11.0,21.0
usc_eric_reibe,Eric Reibe,usc,C,Jr,40,552.0,13.8,0.183,236.0,5.9,0.671,0.691,12,0.308,48,0.521,0.117,0.098,0.003,0.008,0.0,0.001,0.002,0.03,0.05,0.01,0.01,0.01,0.02,0.05,Sports Reference 2025-26 · 2026-27 transfer from Uconn,6.4,2.2,4.2,20.6,2.5,0.183,So,,,,,,,,,,,,,tracking,113.0,87.0,0.77,0.739,23.0,9.0,0.391,0.15,6.0,0.333,0.039,11.0,0.273,0.072,2.0,3.0
vanderbilt_sebastian_williams_adams,Sebastian Williams-Adams,vanderbilt,F,Jr,38,1041.2,27.4,0.268,266.0,7.0,0.538,0.558,38,0.308,129,0.519,0.147,0.2,0.002,0.004,0.001,0.001,0.001,0.04,0.06,0.04,0.03,0.03,0.02,0.07,Sports Reference 2025-26 · 2026-27 transfer from Auburn,4.2,1.2,3.0,12.9,2.0,0.076,So,,,,,,,,,,,,,tracking,101.0,61.0,0.604,0.647,23.0,9.0,0.391,0.147,11.0,0.273,0.071,21.0,0.238,0.135,3.0,5.0
villanova_devin_royal,Devin Royal,villanova,F,Jr,32,1040.0,32.5,0.35,438.4,13.7,0.525,0.545,99,0.316,131,0.802,0.127,0.119,0.002,0.007,0.0,0.0,0.001,0.05,0.13,0.05,0.05,0.02,0.01,0.08,Sports Reference 2025-26 · 2026-27 transfer from Ohio State,4.1,2.9,1.2,16.2,3.3,0.127,Sr,,,,,,,,,,,,,tracking,85.0,58.0,0.682,0.279,124.0,57.0,0.46,0.407,34.0,0.324,0.111,62.0,0.323,0.203,11.0,20.0
villanova_kwame_evans_jr_,Kwame Evans Jr.,villanova,F,Jr,30,927.0,30.9,0.35,399.0,13.3,0.511,0.531,102,0.304,153,0.799,0.145,0.152,0.003,0.009,0.0,0.001,0.001,0.07,0.18,0.07,0.06,0.03,0.04,0.07,Sports Reference 2025-26 · 2026-27 transfer from Oregon,6.8,4.2,2.6,20.5,3.2,0.138,Sr,,,,,,,,,,,,,tracking,127.0,72.0,0.567,0.469,42.0,20.0,0.476,0.155,36.0,0.306,0.133,66.0,0.303,0.244,11.0,20.0
washington_lejuan_watts,LeJuan Watts,washington,F,Jr,33,900.9,27.3,0.35,389.4,11.8,0.475,0.495,79,0.321,135,0.769,0.187,0.179,0.003,0.008,0.0,0.0,0.001,0.06,0.13,0.07,0.08,0.02,0.01,0.07,Sports Reference 2025-26 · 2026-27 transfer from Texas Tech,3.5,1.5,2.0,15.5,2.4,0.105,Sr,,,,,,,,,,,,,tracking,98.0,49.0,0.5,0.353,107.0,46.0,0.43,0.385,26.0,0.308,0.094,47.0,0.34,0.169,8.0,16.0
west_virginia_mouhamed_sylla,Mouhamed Sylla,west_virginia,C,Jr,16,344.0,21.5,0.35,153.6,9.6,0.583,0.603,5,0.25,50,0.429,0.142,0.061,0.004,0.013,0.0,0.001,0.001,0.12,0.33,0.04,0.09,0.05,0.07,0.14,Sports Reference 2025-26 · 2026-27 transfer from Georgia Tech,1.2,-0.5,1.7,19.7,1.0,0.111,So,,,,,,,,,,,,,tracking,87.0,55.0,0.632,0.763,23.0,10.0,0.435,0.202,1.0,0.0,0.009,3.0,0.333,0.026,0.0,1.0
xavier_chance_westry,Chance Westry,xavier,G,Jr,32,979.2,30.6,0.35,496.0,15.5,0.517,0.537,86,0.241,192,0.708,0.124,0.35,0.002,0.005,0.001,0.0,0.001,0.04,0.08,0.17,0.06,0.04,0.02,0.05,Sports Reference 2025-26 · 2026-27 transfer from Uab,6.0,4.2,1.8,22.8,4.3,0.177,Jr,,,,,,,,,,,,,tracking,193.0,121.0,0.627,0.571,59.0,21.0,0.356,0.175,30.0,0.233,0.089,56.0,0.25,0.166,7.0,14.0
xavier_rub_n_dominguez,Rubén Dominguez,xavier,G,Jr,34,792.2,23.3,0.307,346.8,10.2,0.577,0.597,214,0.4,61,0.871,0.047,0.163,0.001,0.004,0.0,0.0,0.001,0.01,0.06,0.04,0.01,0.01,0.0,0.04,Sports Reference 2025-26 · 2026-27 transfer from Texas Am,5.6,4.9,0.7,15.6,2.8,0.139,Jr,,,,,,,,,,,,,tracking,12.0,6.0,0.5,0.052,24.0,9.0,0.375,0.103,69.0,0.391,0.297,127.0,0.402,0.547,27.0,51.0
xavier_tru_washington,Tru Washington,xavier,G,Jr,31,852.5,27.5,0.35,368.9,11.9,0.505,0.525,105,0.352,90,0.744,0.113,0.145,0.002,0.005,0.001,0.0,0.001,0.04,0.09,0.06,0.05,0.06,0.0,0.05,Sports Reference 2025-26 · 2026-27 transfer from Miami,5.6,2.3,3.3,17.4,3.1,0.144,Sr,,,,,,,,,,,,,tracking,120.0,69.0,0.575,0.427,65.0,24.0,0.369,0.231,34.0,0.353,0.121,62.0,0.371,0.221,12.0,23.0
georgia_tech_colby_garland,Colby Garland,georgia_tech,G,Unknown,29,1017.9,35.1,0.35,588.7,20.3,0.53,0.55,93,0.372,157,0.848,0.109,0.239,0.001,0.004,0.0,0.0,0.001,0.02,0.09,0.16,0.07,0.04,0.0,0.07,Sports Reference 2025-26 · 2026-27 transfer from San Jose State,4.9,5.6,-0.7,23.8,3.6,0.142,Unknown,unknown,429.0,0.216,0.365,0.345,1.6,0.08,0.23,0.0,,,,estimated,74.0,27.0,0.362,0.172,94.0,30.0,0.317,0.219,33.0,0.379,0.076,60.0,0.365,0.141,,
san_jose_state_mookie_cook,Mookie Cook,san_jose_state,F,Jr,25,520.0,20.8,0.302,190.0,7.6,0.524,0.544,57,0.397,55,0.714,0.201,0.177,0.002,0.008,0.0,0.001,0.002,0.04,0.13,0.06,0.07,0.03,0.03,0.1,Sports Reference 2025-26 · 2026-27 transfer from San Francisco,2.2,0.0,2.2,14.6,1.2,0.094,Sr,,,,,,,,,,,,,estimated,26.0,14.0,0.525,0.207,22.0,10.0,0.46,0.175,16.0,0.405,0.127,41.0,0.389,0.327,,
san_jose_state_robert_vaihola,Robert Vaihola,san_jose_state,F,Jr,5,107.0,21.4,0.176,25.0,5.0,0.7,0.72,0,0.0,22,0.5,0.203,0.284,0.006,0.012,0.001,0.001,0.001,0.6,0.92,0.28,0.2,0.24,0.12,0.4,Sports Reference 2025-26 · 2026-27 transfer from Minnesota,3.5,0.4,3.1,21.0,0.5,0.179,Sr,,,,,,,,,,,,,,,,,,,,,,,,,,,,,
st_johns_tounde_yessoufou,Tounde Yessoufou,st_johns,G,Jr,34,1108.4,32.6,0.35,605.2,17.8,0.52,0.54,180,0.293,133,0.746,0.106,0.089,0.003,0.006,0.001,0.0,0.001,0.07,0.1,0.05,0.06,0.06,0.02,0.07,Sports Reference 2025-26 · 2026-27 roster status: transfer to St Johns,6.1,4.4,1.7,21.4,4.1,0.148,So,,,,,,,,,,,,Manual update: removed from NBA consideration and committed to St. John's,estimated,48.0,25.0,0.525,0.12,60.0,28.0,0.46,0.153,63.0,0.299,0.159,117.0,0.287,0.295,,
miami_somto_cyril,Somto Cyril,miami,C,Jr,33,699.6,21.2,0.266,306.9,9.3,0.759,0.72,0,0.0,116,0.578,0.148,0.081,0.005,0.008,0.0,0.002,0.002,0.07,0.09,0.02,0.03,0.02,0.07,0.09,Sports Reference 2025-26 · 2026-27 roster status: transfer to Miami,7.8,3.8,4.0,24.4,3.3,0.19,Jr,,,,,,,,,,,,Manual update: transfer to Miami; projected junior,,,,,,,,,,,,,,,,,
dayton_zaide_lowery,Zaide Lowery,dayton,F,Jr,11,255.2,23.2,0.349,89.1,8.1,0.444,0.464,44,0.295,12,0.833,0.123,0.174,0.002,0.004,0.001,0.0,0.001,0.12,0.15,0.15,0.11,0.1,0.01,0.16,Sports Reference 2025-26 · 2026-27 roster status: transfer to Dayton,0.4,-0.8,1.2,11.6,0.4,0.059,Sr,,,,,,,,,,,,Manual update: transfer to Dayton; projected senior,estimated,20.0,11.0,0.525,0.207,17.0,8.0,0.46,0.175,12.0,0.301,0.127,32.0,0.289,0.327,,
mississippi_state_tj_simpkins,TJ Simpkins,mississippi_state,G,Jr,33,828.3,25.1,0.35,320.1,9.7,0.479,0.499,99,0.37,112,0.775,0.11,0.12,0.001,0.005,0.001,0.0,0.001,0.02,0.07,0.04,0.03,0.03,0.02,0.04,Sports Reference 2025-26 · 2026-27 roster status: transfer to Mississippi State,5.2,2.0,3.2,15.0,2.8,0.133,Sr,,,,,,,,,,,,Manual update: transfer to Mississippi State; projected senior,estimated,26.0,14.0,0.525,0.12,33.0,15.0,0.46,0.153,35.0,0.377,0.159,64.0,0.363,0.295,,
